version 2
JvmtiExport can_access_local_variables 0
JvmtiExport can_hotswap_or_post_breakpoint 1
JvmtiExport can_post_on_exceptions 0
# 370 ciObject found
instanceKlass java/lang/invoke/MethodType
ciInstanceKlass java/lang/Cloneable 1 0 7 100 1 100 1 1 1
instanceKlass  @bci io/modelcontextprotocol/spec/McpServerSession lambda$handleIncomingNotification$12 (Lio/modelcontextprotocol/spec/McpSchema$JSONRPCNotification;Lio/modelcontextprotocol/common/McpTransportContext;)Lreactor/core/publisher/Mono; 113 <appendix> member <vmtarget> ; # io/modelcontextprotocol/spec/McpServerSession$$Lambda+0x000000003f29cc00
instanceKlass reactor/core/publisher/MonoPeekTerminal$MonoTerminalPeekSubscriber
instanceKlass  @bci io/modelcontextprotocol/spec/McpServerSession lambda$handle$6 (Lio/modelcontextprotocol/spec/McpSchema$JSONRPCMessage;Lreactor/util/context/ContextView;)Lreactor/core/publisher/Mono; 213 <appendix> argL0 ; # io/modelcontextprotocol/spec/McpServerSession$$Lambda+0x000000003f29f608
instanceKlass  @bci io/modelcontextprotocol/spec/McpServerSession handleIncomingNotification (Lio/modelcontextprotocol/spec/McpSchema$JSONRPCNotification;Lio/modelcontextprotocol/common/McpTransportContext;)Lreactor/core/publisher/Mono; 3 <appendix> member <vmtarget> ; # io/modelcontextprotocol/spec/McpServerSession$$Lambda+0x000000003f29f3d8
# instanceKlass java/lang/invoke/LambdaForm$MH+0x000000003f29c800
instanceKlass com/fasterxml/jackson/databind/util/NativeImageUtil
# instanceKlass java/lang/invoke/LambdaForm$MH+0x000000003f29c400
instanceKlass java/lang/invoke/MethodHandle$1
instanceKlass  @bci com/oracle/dbtools/utils/core/logging/JulLogPublisher$FormatterAdaptor format (Ljava/util/logging/LogRecord;)Ljava/lang/String; 22 <appendix> member <vmtarget> ; # com/oracle/dbtools/utils/core/logging/JulLogPublisher$FormatterAdaptor$$Lambda+0x000000003f29e918
instanceKlass java/util/logging/LogRecord
instanceKlass  @bci com/oracle/dbtools/utils/core/logging/LogPublisher log (Ljava/lang/System$Logger$Level;Ljava/util/ResourceBundle;Ljava/lang/String;[Ljava/lang/Object;)V 18 <appendix> member <vmtarget> ; # com/oracle/dbtools/utils/core/logging/LogPublisher$$Lambda+0x000000003f29e6e8
instanceKlass  @bci com/oracle/dbtools/utils/core/logging/LogPublisher log (Ljava/lang/System$Logger$Level;Ljava/util/ResourceBundle;Ljava/lang/String;Ljava/lang/Throwable;)V 18 <appendix> member <vmtarget> ; # com/oracle/dbtools/utils/core/logging/LogPublisher$$Lambda+0x000000003f29e4b8
instanceKlass com/oracle/dbtools/utils/core/logging/LogPublisher$Message$Builder
instanceKlass org/slf4j/helpers/FormattingTuple
instanceKlass  @bci io/modelcontextprotocol/spec/McpSchema$Implementation toString ()Ljava/lang/String; 1 <appendix> form vmentry <vmtarget> ; # java/lang/invoke/LambdaForm$MH+0x000000003f29c000
# instanceKlass java/lang/invoke/LambdaForm$MH+0x000000003f29bc00
# instanceKlass java/lang/invoke/LambdaForm$MH+0x000000003f29b800
# instanceKlass java/lang/invoke/LambdaForm$MH+0x000000003f29b400
# instanceKlass java/lang/invoke/LambdaForm$MH+0x000000003f29b000
instanceKlass  @bci io/modelcontextprotocol/spec/McpSchema$ClientCapabilities$Elicitation toString ()Ljava/lang/String; 1 <appendix> form vmentry <vmtarget> ; # java/lang/invoke/LambdaForm$MH+0x000000003f29a800
# instanceKlass java/lang/invoke/LambdaForm$MH+0x000000003f29a400
# instanceKlass java/lang/invoke/LambdaForm$MH+0x000000003f29a000
instanceKlass  @bci io/modelcontextprotocol/spec/McpSchema$ClientCapabilities$Elicitation$Url toString ()Ljava/lang/String; 1 <appendix> form vmentry <vmtarget> ; # java/lang/invoke/LambdaForm$MH+0x000000003f299c00
instanceKlass  @bci io/modelcontextprotocol/spec/McpSchema$ClientCapabilities toString ()Ljava/lang/String; 1 <appendix> form vmentry <vmtarget> ; # java/lang/invoke/LambdaForm$MH+0x000000003f299800
# instanceKlass java/lang/invoke/LambdaForm$MH+0x000000003f299400
# instanceKlass java/lang/invoke/LambdaForm$DMH+0x000000003f299000
# instanceKlass java/lang/invoke/LambdaForm$MH+0x000000003f298c00
# instanceKlass java/lang/invoke/LambdaForm$MH+0x000000003f298800
# instanceKlass java/lang/invoke/LambdaForm$MH+0x000000003f298400
# instanceKlass java/lang/invoke/LambdaForm$MH+0x000000003f298000
instanceKlass  @bci java/lang/runtime/ObjectMethods bootstrap (Ljava/lang/invoke/MethodHandles$Lookup;Ljava/lang/String;Ljava/lang/invoke/TypeDescriptor;Ljava/lang/Class;Ljava/lang/String;[Ljava/lang/invoke/MethodHandle;)Ljava/lang/Object; 37 <appendix> argL0 ; # java/lang/runtime/ObjectMethods$$Lambda+0x800000015
instanceKlass java/lang/invoke/MethodHandleImpl$2
instanceKlass java/lang/runtime/ObjectMethods
instanceKlass com/oracle/dbtools/utils/jetty/slf4j/Slf4JLogPublisherBridgeProvider$1
instanceKlass org/slf4j/helpers/NormalizedParameters
instanceKlass org/slf4j/helpers/MessageFormatter
instanceKlass com/oracle/dbtools/utils/core/logging/PlatformLoggerPublisher$1
instanceKlass reactor/core/publisher/FluxMap$MapSubscriber
instanceKlass  @bci io/modelcontextprotocol/spec/McpServerSession lambda$handleIncomingRequest$10 (Lio/modelcontextprotocol/spec/McpSchema$JSONRPCRequest;Lio/modelcontextprotocol/common/McpTransportContext;)Lreactor/core/publisher/Mono; 184 <appendix> member <vmtarget> ; # io/modelcontextprotocol/spec/McpServerSession$$Lambda+0x000000003f293230
instanceKlass  @bci io/modelcontextprotocol/spec/McpServerSession lambda$handleIncomingRequest$10 (Lio/modelcontextprotocol/spec/McpSchema$JSONRPCRequest;Lio/modelcontextprotocol/common/McpTransportContext;)Lreactor/core/publisher/Mono; 175 <appendix> member <vmtarget> ; # io/modelcontextprotocol/spec/McpServerSession$$Lambda+0x000000003f292fe0
instanceKlass  @bci io/modelcontextprotocol/server/McpAsyncServer asyncInitializeRequestHandler (Lio/modelcontextprotocol/spec/McpSchema$InitializeRequest;)Lreactor/core/publisher/Mono; 2 <appendix> member <vmtarget> ; # io/modelcontextprotocol/server/McpAsyncServer$$Lambda+0x000000003f292db0
# instanceKlass java/lang/invoke/LambdaForm$MH+0x000000003f297000
# instanceKlass java/lang/invoke/LambdaForm$MH+0x000000003f296c00
# instanceKlass java/lang/invoke/LambdaForm$MH+0x000000003f296800
# instanceKlass java/lang/invoke/LambdaForm$MH+0x000000003f296400
# instanceKlass java/lang/invoke/LambdaForm$MH+0x000000003f296000
instanceKlass  @bci jdk/internal/reflect/DirectConstructorHandleAccessor invokeImpl ([Ljava/lang/Object;)Ljava/lang/Object; 88 <adapter> ; # java/lang/invoke/LambdaForm$MH+0x000000003f295c00
# instanceKlass java/lang/invoke/LambdaForm$MH+0x000000003f295800
# instanceKlass java/lang/invoke/LambdaForm$MH+0x000000003f295400
# instanceKlass java/lang/invoke/LambdaForm$MH+0x000000003f295000
# instanceKlass java/lang/invoke/LambdaForm$MH+0x000000003f294c00
# instanceKlass java/lang/invoke/LambdaForm$MH+0x000000003f294800
# instanceKlass java/lang/invoke/LambdaForm$MH+0x000000003f294400
# instanceKlass java/lang/invoke/LambdaForm$MH+0x000000003f294000
instanceKlass com/fasterxml/jackson/databind/introspect/AnnotationCollector$OneAnnotation
instanceKlass com/fasterxml/jackson/databind/introspect/MethodGenericTypeResolver
instanceKlass io/modelcontextprotocol/spec/McpSchema$ClientCapabilities$Builder
instanceKlass com/fasterxml/jackson/annotation/JsonAutoDetect$1
instanceKlass com/fasterxml/jackson/core/io/NumberOutput
instanceKlass com/fasterxml/jackson/core/FormatFeature
instanceKlass reactor/core/publisher/Operators$EmptySubscription
instanceKlass reactor/core/publisher/Operators$MonoInnerProducerBase
instanceKlass reactor/core/publisher/MonoZip$ZipInner
instanceKlass reactor/core/publisher/MonoZip$ZipCoordinator
instanceKlass reactor/core/publisher/MonoIgnoreThen$ThenIgnoreMain
instanceKlass  @bci io/modelcontextprotocol/server/transport/StdioServerTransportProvider$StdioMcpSessionTransport sendMessage (Lio/modelcontextprotocol/spec/McpSchema$JSONRPCMessage;)Lreactor/core/publisher/Mono; 26 <appendix> member <vmtarget> ; # io/modelcontextprotocol/server/transport/StdioServerTransportProvider$StdioMcpSessionTransport$$Lambda+0x000000003f28f5a0
instanceKlass reactor/core/publisher/FluxZip$PairwiseZipper
instanceKlass reactor/core/publisher/Operators$CancelledSubscription
instanceKlass reactor/core/publisher/Operators$ScalarSubscription
instanceKlass reactor/core/Fuseable$SynchronousSubscription
instanceKlass reactor/core/publisher/Operators$MultiSubscriptionSubscriber
instanceKlass reactor/core/publisher/MonoFlatMap$FlatMapInner
instanceKlass reactor/core/publisher/MonoFlatMap$FlatMapMain
instanceKlass  @bci io/modelcontextprotocol/spec/McpServerSession lambda$handle$6 (Lio/modelcontextprotocol/spec/McpSchema$JSONRPCMessage;Lreactor/util/context/ContextView;)Lreactor/core/publisher/Mono; 171 <appendix> member <vmtarget> ; # io/modelcontextprotocol/spec/McpServerSession$$Lambda+0x000000003f28a7a8
instanceKlass  @cpi io/modelcontextprotocol/spec/McpServerSession 683 form vmentry <vmtarget> ; # java/lang/invoke/LambdaForm$DMH+0x000000003f28cc00
instanceKlass  @bci io/modelcontextprotocol/spec/McpServerSession lambda$handle$6 (Lio/modelcontextprotocol/spec/McpSchema$JSONRPCMessage;Lreactor/util/context/ContextView;)Lreactor/core/publisher/Mono; 154 <appendix> member <vmtarget> ; # io/modelcontextprotocol/spec/McpServerSession$$Lambda+0x000000003f28a558
instanceKlass  @bci io/modelcontextprotocol/spec/McpServerSession handleIncomingRequest (Lio/modelcontextprotocol/spec/McpSchema$JSONRPCRequest;Lio/modelcontextprotocol/common/McpTransportContext;)Lreactor/core/publisher/Mono; 3 <appendix> member <vmtarget> ; # io/modelcontextprotocol/spec/McpServerSession$$Lambda+0x000000003f28a328
instanceKlass io/modelcontextprotocol/common/DefaultMcpTransportContext
instanceKlass io/modelcontextprotocol/common/McpTransportContext
instanceKlass  @bci io/modelcontextprotocol/spec/McpServerSession handle (Lio/modelcontextprotocol/spec/McpSchema$JSONRPCMessage;)Lreactor/core/publisher/Mono; 2 <appendix> member <vmtarget> ; # io/modelcontextprotocol/spec/McpServerSession$$Lambda+0x000000003f289a68
# instanceKlass java/lang/invoke/LambdaForm$MH+0x000000003f28c800
# instanceKlass java/lang/invoke/LambdaForm$MH+0x000000003f28c400
instanceKlass java/util/IdentityHashMap$IdentityHashMapIterator
instanceKlass  @bci oracle/dbtools/raptor/scriptrunner/cmdline/SqlCli main ([Ljava/lang/String;Ljava/util/function/IntConsumer;)V 377 <appendix> member <vmtarget> ; # oracle/dbtools/raptor/scriptrunner/cmdline/SqlCli$$Lambda+0x000000003f2891d0
instanceKlass  @cpi oracle/dbtools/raptor/scriptrunner/cmdline/SqlCli 2236 form vmentry <vmtarget> ; # java/lang/invoke/LambdaForm$DMH+0x000000003f28c000
instanceKlass java/util/concurrent/locks/AbstractQueuedSynchronizer$Node
instanceKlass io/modelcontextprotocol/server/McpSyncServer
instanceKlass  @bci reactor/core/scheduler/WorkerTask <clinit> ()V 54 <appendix> argL0 ; # reactor/core/scheduler/WorkerTask$$Lambda+0x000000003f288ce8
instanceKlass  @bci reactor/core/scheduler/WorkerTask <clinit> ()V 39 <appendix> argL0 ; # reactor/core/scheduler/WorkerTask$$Lambda+0x000000003f288ac0
instanceKlass  @bci reactor/core/scheduler/WorkerTask <clinit> ()V 24 <appendix> argL0 ; # reactor/core/scheduler/WorkerTask$$Lambda+0x000000003f288898
instanceKlass reactor/core/scheduler/EmptyCompositeDisposable
instanceKlass reactor/core/scheduler/WorkerTask
instanceKlass com/fasterxml/jackson/databind/ser/impl/PropertySerializerMap$TypeAndSerializer
instanceKlass com/fasterxml/jackson/databind/ser/std/NumberSerializers$1
instanceKlass reactor/core/publisher/FluxPublishOn$PublishOnConditionalSubscriber
instanceKlass reactor/core/Disposables$ListCompositeDisposable
instanceKlass com/fasterxml/jackson/core/io/NumberInput
instanceKlass reactor/core/scheduler/ExecutorServiceWorker
instanceKlass reactor/core/publisher/FluxHandleFuseable$HandleFuseableSubscriber
instanceKlass com/fasterxml/jackson/databind/util/Converter
instanceKlass reactor/core/publisher/FluxPeekFuseable$PeekFuseableSubscriber
instanceKlass com/fasterxml/jackson/databind/deser/impl/JavaUtilCollectionsDeserializers
instanceKlass reactor/core/publisher/FluxMapFuseable$MapFuseableSubscriber
instanceKlass  @bci io/modelcontextprotocol/server/transport/StdioServerTransportProvider$StdioMcpSessionTransport lambda$startOutboundProcessing$10 (Lreactor/core/publisher/Flux;)Lreactor/core/publisher/Flux; 44 <appendix> argL0 ; # io/modelcontextprotocol/server/transport/StdioServerTransportProvider$StdioMcpSessionTransport$$Lambda+0x000000003f283da8
instanceKlass  @bci io/modelcontextprotocol/server/transport/StdioServerTransportProvider$StdioMcpSessionTransport lambda$startOutboundProcessing$10 (Lreactor/core/publisher/Flux;)Lreactor/core/publisher/Flux; 36 <appendix> member <vmtarget> ; # io/modelcontextprotocol/server/transport/StdioServerTransportProvider$StdioMcpSessionTransport$$Lambda+0x000000003f283b68
instanceKlass  @bci io/modelcontextprotocol/server/transport/StdioServerTransportProvider$StdioMcpSessionTransport lambda$startOutboundProcessing$10 (Lreactor/core/publisher/Flux;)Lreactor/core/publisher/Flux; 27 <appendix> member <vmtarget> ; # io/modelcontextprotocol/server/transport/StdioServerTransportProvider$StdioMcpSessionTransport$$Lambda+0x000000003f283938
instanceKlass  @bci io/modelcontextprotocol/server/transport/StdioServerTransportProvider$StdioMcpSessionTransport lambda$startOutboundProcessing$10 (Lreactor/core/publisher/Flux;)Lreactor/core/publisher/Flux; 18 <appendix> member <vmtarget> ; # io/modelcontextprotocol/server/transport/StdioServerTransportProvider$StdioMcpSessionTransport$$Lambda+0x000000003f2836f8
instanceKlass reactor/core/publisher/SynchronousSink
instanceKlass  @bci io/modelcontextprotocol/server/transport/StdioServerTransportProvider$StdioMcpSessionTransport lambda$startOutboundProcessing$10 (Lreactor/core/publisher/Flux;)Lreactor/core/publisher/Flux; 2 <appendix> member <vmtarget> ; # io/modelcontextprotocol/server/transport/StdioServerTransportProvider$StdioMcpSessionTransport$$Lambda+0x000000003f282c40
instanceKlass  @bci io/modelcontextprotocol/server/transport/StdioServerTransportProvider$StdioMcpSessionTransport startOutboundProcessing ()V 1 <appendix> member <vmtarget> ; # io/modelcontextprotocol/server/transport/StdioServerTransportProvider$StdioMcpSessionTransport$$Lambda+0x000000003f2829f0
instanceKlass reactor/core/Disposables$AlwaysDisposable
instanceKlass reactor/core/Disposable$Composite
instanceKlass reactor/core/Disposable$Swap
instanceKlass reactor/core/Disposables
instanceKlass  @bci reactor/core/scheduler/SchedulerTask <clinit> ()V 19 <appendix> argL0 ; # reactor/core/scheduler/SchedulerTask$$Lambda+0x000000003f281f78
instanceKlass  @bci reactor/core/scheduler/SchedulerTask <clinit> ()V 4 <appendix> argL0 ; # reactor/core/scheduler/SchedulerTask$$Lambda+0x000000003f281d50
instanceKlass java/util/concurrent/FutureTask$WaitNode
instanceKlass java/util/concurrent/FutureTask
instanceKlass reactor/core/scheduler/SchedulerTask
instanceKlass  @bci io/modelcontextprotocol/server/transport/StdioServerTransportProvider$StdioMcpSessionTransport startInboundProcessing ()V 17 <appendix> member <vmtarget> ; # io/modelcontextprotocol/server/transport/StdioServerTransportProvider$StdioMcpSessionTransport$$Lambda+0x000000003f2818b8
instanceKlass reactor/core/Scannable$Attr
instanceKlass reactor/core/publisher/ContextPropagationSupport
instanceKlass reactor/core/publisher/FluxFlatMap$FlatMapInner
instanceKlass reactor/core/publisher/FlatMapTracker
instanceKlass reactor/core/publisher/FluxPeek$PeekSubscriber
instanceKlass reactor/core/publisher/InnerOperator
instanceKlass reactor/core/publisher/Operators$1
instanceKlass reactor/core/Fuseable$ConditionalSubscriber
instanceKlass reactor/core/publisher/Operators
instanceKlass reactor/util/context/Context0
instanceKlass reactor/util/context/CoreContext
instanceKlass reactor/util/context/Context
instanceKlass reactor/core/publisher/LambdaSubscriber
instanceKlass reactor/core/publisher/InnerConsumer
instanceKlass  @bci reactor/core/publisher/Flux doOnTerminate (Ljava/lang/Runnable;)Lreactor/core/publisher/Flux; 12 <appendix> member <vmtarget> ; # reactor/core/publisher/Flux$$Lambda+0x000000003f27b808
instanceKlass  @bci io/modelcontextprotocol/server/transport/StdioServerTransportProvider$StdioMcpSessionTransport handleIncomingMessages ()V 19 <appendix> member <vmtarget> ; # io/modelcontextprotocol/server/transport/StdioServerTransportProvider$StdioMcpSessionTransport$$Lambda+0x000000003f27b5d8
instanceKlass  @bci io/modelcontextprotocol/server/transport/StdioServerTransportProvider$StdioMcpSessionTransport handleIncomingMessages ()V 10 <appendix> member <vmtarget> ; # io/modelcontextprotocol/server/transport/StdioServerTransportProvider$StdioMcpSessionTransport$$Lambda+0x000000003f27b388
instanceKlass  @bci io/modelcontextprotocol/spec/McpServerSession <init> (Ljava/lang/String;Ljava/time/Duration;Lio/modelcontextprotocol/spec/McpServerTransport;Lio/modelcontextprotocol/server/McpInitRequestHandler;Ljava/util/Map;Ljava/util/Map;)V 10 <appendix> argL0 ; # io/modelcontextprotocol/spec/McpServerSession$$Lambda+0x000000003f27b160
instanceKlass  @bci oracle/dbtools/mcp/api/TransportCloseWatcher lambda$setSessionFactory$1 (Lio/modelcontextprotocol/spec/McpServerSession$Factory;Lio/modelcontextprotocol/spec/McpServerTransport;)Lio/modelcontextprotocol/spec/McpServerSession; 12 <appendix> member <vmtarget> ; # oracle/dbtools/mcp/api/TransportCloseWatcher$$Lambda+0x000000003f27af30
instanceKlass  @bci io/modelcontextprotocol/server/McpAsyncServer lambda$new$1 (Ljava/time/Duration;Ljava/util/Map;Ljava/util/Map;Lio/modelcontextprotocol/spec/McpServerTransport;)Lio/modelcontextprotocol/spec/McpServerSession; 28 <appendix> member <vmtarget> ; # io/modelcontextprotocol/server/McpAsyncServer$$Lambda+0x000000003f27a8b0
instanceKlass  @bci io/modelcontextprotocol/server/McpAsyncServer lambda$new$1 (Ljava/time/Duration;Ljava/util/Map;Ljava/util/Map;Lio/modelcontextprotocol/spec/McpServerTransport;)Lio/modelcontextprotocol/spec/McpServerSession; 18 <appendix> member <vmtarget> ; # io/modelcontextprotocol/server/McpAsyncServer$$Lambda+0x000000003f27a680
instanceKlass io/modelcontextprotocol/server/McpInitRequestHandler
instanceKlass jdk/internal/util/ByteArrayLittleEndian
instanceKlass java/util/UUID$Holder
instanceKlass io/modelcontextprotocol/spec/McpSchema$JSONRPCMessage
instanceKlass reactor/core/scheduler/DelegateServiceScheduler$UnsupportedScheduledExecutorService
instanceKlass reactor/core/scheduler/SchedulerState
instanceKlass java/util/concurrent/RunnableScheduledFuture
instanceKlass java/util/concurrent/ScheduledFuture
instanceKlass java/util/concurrent/Delayed
instanceKlass java/util/concurrent/RunnableFuture
instanceKlass reactor/core/scheduler/Scheduler$Worker
instanceKlass reactor/core/scheduler/DelegateServiceScheduler
instanceKlass reactor/core/scheduler/SchedulerState$DisposeAwaiter
instanceKlass reactor/core/scheduler/Schedulers$1
instanceKlass  @bci reactor/core/scheduler/Schedulers <clinit> ()V 193 <appendix> argL0 ; # reactor/core/scheduler/Schedulers$$Lambda+0x000000003f27e6f8
instanceKlass  @bci reactor/core/scheduler/Schedulers <clinit> ()V 185 <appendix> argL0 ; # reactor/core/scheduler/Schedulers$$Lambda+0x000000003f27e4d0
instanceKlass reactor/core/scheduler/BoundedElasticSchedulerSupplier
instanceKlass  @bci reactor/core/scheduler/Schedulers <clinit> ()V 131 <appendix> argL0 ; # reactor/core/scheduler/Schedulers$$Lambda+0x000000003f27e040
instanceKlass  @bci reactor/core/scheduler/Schedulers <clinit> ()V 107 <appendix> argL0 ; # reactor/core/scheduler/Schedulers$$Lambda+0x000000003f27ddf8
instanceKlass  @bci reactor/core/scheduler/Schedulers <clinit> ()V 74 <appendix> argL0 ; # reactor/core/scheduler/Schedulers$$Lambda+0x000000003f27dbb0
instanceKlass  @bci reactor/core/scheduler/Schedulers <clinit> ()V 49 <appendix> argL0 ; # reactor/core/scheduler/Schedulers$$Lambda+0x000000003f27d988
instanceKlass  @bci reactor/core/scheduler/Schedulers <clinit> ()V 41 <appendix> argL0 ; # reactor/core/scheduler/Schedulers$$Lambda+0x000000003f27d740
instanceKlass  @bci reactor/core/scheduler/Schedulers <clinit> ()V 16 <appendix> argL0 ; # reactor/core/scheduler/Schedulers$$Lambda+0x000000003f27d518
instanceKlass  @bci reactor/core/scheduler/Schedulers <clinit> ()V 8 <appendix> argL0 ; # reactor/core/scheduler/Schedulers$$Lambda+0x000000003f27d2d0
instanceKlass java/lang/invoke/TypeConvertingMethodAdapter$BoxHolder
instanceKlass reactor/core/scheduler/Scheduler
instanceKlass reactor/core/scheduler/Schedulers$Factory
instanceKlass reactor/core/scheduler/Schedulers
instanceKlass  @bci java/util/concurrent/Executors$AutoShutdownDelegatedExecutorService <init> (Ljava/util/concurrent/ExecutorService;)V 6 <appendix> member <vmtarget> ; # java/util/concurrent/Executors$AutoShutdownDelegatedExecutorService$$Lambda+0x000000003f0f68a0
instanceKlass java/util/concurrent/Executors$DelegatedExecutorService
instanceKlass java/util/concurrent/Executors$DefaultThreadFactory
instanceKlass  @bci reactor/util/concurrent/Queues <clinit> ()V 76 <appendix> argL0 ; # reactor/util/concurrent/Queues$$Lambda+0x000000003f27c228
instanceKlass  @bci reactor/util/concurrent/Queues <clinit> ()V 68 <appendix> argL0 ; # reactor/util/concurrent/Queues$$Lambda+0x000000003f27c000
instanceKlass  @bci reactor/util/concurrent/Queues <clinit> ()V 60 <appendix> argL0 ; # reactor/util/concurrent/Queues$$Lambda+0x000000003f277c08
instanceKlass  @bci reactor/util/concurrent/Queues <clinit> ()V 52 <appendix> argL0 ; # reactor/util/concurrent/Queues$$Lambda+0x000000003f2779e0
instanceKlass  @bci reactor/util/concurrent/Queues <clinit> ()V 44 <appendix> argL0 ; # reactor/util/concurrent/Queues$$Lambda+0x000000003f2777b8
instanceKlass  @bci reactor/util/concurrent/Queues <clinit> ()V 36 <appendix> argL0 ; # reactor/util/concurrent/Queues$$Lambda+0x000000003f277590
instanceKlass reactor/util/concurrent/Queues
instanceKlass java/util/concurrent/atomic/AtomicLongFieldUpdater
instanceKlass  @bci reactor/core/publisher/Flux <clinit> ()V 32 <appendix> argL0 ; # reactor/core/publisher/Flux$$Lambda+0x000000003f277128
instanceKlass  @bci reactor/core/publisher/Flux <clinit> ()V 24 <appendix> argL0 ; # reactor/core/publisher/Flux$$Lambda+0x000000003f276f00
instanceKlass  @cpi reactor/core/publisher/Flux 2864 form vmentry <vmtarget> ; # java/lang/invoke/LambdaForm$DMH+0x000000003f278400
# instanceKlass java/lang/invoke/LambdaForm$DMH+0x000000003f278000
instanceKlass  @bci reactor/core/publisher/Flux <clinit> ()V 16 <appendix> argL0 ; # reactor/core/publisher/Flux$$Lambda+0x000000003f276cd8
instanceKlass  @bci reactor/core/publisher/Flux <clinit> ()V 8 <appendix> argL0 ; # reactor/core/publisher/Flux$$Lambda+0x000000003f276ab0
instanceKlass  @bci reactor/core/publisher/Flux <clinit> ()V 0 <appendix> argL0 ; # reactor/core/publisher/Flux$$Lambda+0x000000003f276878
instanceKlass reactor/util/function/Tuple2
instanceKlass reactor/util/function/Tuples
instanceKlass java/util/function/BooleanSupplier
instanceKlass reactor/core/Fuseable$QueueSubscription
instanceKlass reactor/core/publisher/InternalManySink
instanceKlass io/modelcontextprotocol/server/transport/StdioServerTransportProvider$StdioMcpSessionTransport
instanceKlass  @bci oracle/dbtools/mcp/api/TransportCloseWatcher setSessionFactory (Lio/modelcontextprotocol/spec/McpServerSession$Factory;)V 6 <appendix> member <vmtarget> ; # oracle/dbtools/mcp/api/TransportCloseWatcher$$Lambda+0x000000003f254e20
instanceKlass  @bci io/modelcontextprotocol/server/McpAsyncServer <init> (Lio/modelcontextprotocol/spec/McpServerTransportProvider;Lio/modelcontextprotocol/json/McpJsonMapper;Lio/modelcontextprotocol/server/McpServerFeatures$Async;Ljava/time/Duration;Lio/modelcontextprotocol/util/McpUriTemplateManagerFactory;Lio/modelcontextprotocol/json/schema/JsonSchemaValidator;)V 228 <appendix> member <vmtarget> ; # io/modelcontextprotocol/server/McpAsyncServer$$Lambda+0x000000003f254bf0
instanceKlass io/modelcontextprotocol/spec/McpServerSession$Factory
instanceKlass  @bci io/modelcontextprotocol/server/McpAsyncServer asyncRootsListChangedNotificationHandler (Ljava/util/List;)Lio/modelcontextprotocol/server/McpNotificationHandler; 1 <appendix> member <vmtarget> ; # io/modelcontextprotocol/server/McpAsyncServer$$Lambda+0x000000003f2547b8
instanceKlass  @bci io/modelcontextprotocol/server/McpAsyncServer prepareNotificationHandlers (Lio/modelcontextprotocol/server/McpServerFeatures$Async;)Ljava/util/Map; 34 <appendix> argL0 ; # io/modelcontextprotocol/server/McpAsyncServer$$Lambda+0x000000003f254580
instanceKlass  @bci io/modelcontextprotocol/server/McpAsyncServer prepareNotificationHandlers (Lio/modelcontextprotocol/server/McpServerFeatures$Async;)Ljava/util/Map; 11 <appendix> argL0 ; # io/modelcontextprotocol/server/McpAsyncServer$$Lambda+0x000000003f254358
instanceKlass io/modelcontextprotocol/server/McpNotificationHandler
instanceKlass  @bci io/modelcontextprotocol/server/McpAsyncServer setLoggerRequestHandler ()Lio/modelcontextprotocol/server/McpRequestHandler; 1 <appendix> member <vmtarget> ; # io/modelcontextprotocol/server/McpAsyncServer$$Lambda+0x000000003f253f20
instanceKlass  @bci io/modelcontextprotocol/server/McpAsyncServer promptsGetRequestHandler ()Lio/modelcontextprotocol/server/McpRequestHandler; 1 <appendix> member <vmtarget> ; # io/modelcontextprotocol/server/McpAsyncServer$$Lambda+0x000000003f253cf0
instanceKlass  @bci io/modelcontextprotocol/server/McpAsyncServer promptsListRequestHandler ()Lio/modelcontextprotocol/server/McpRequestHandler; 1 <appendix> member <vmtarget> ; # io/modelcontextprotocol/server/McpAsyncServer$$Lambda+0x000000003f253ac0
instanceKlass  @bci io/modelcontextprotocol/server/McpAsyncServer resourcesUnsubscribeRequestHandler ()Lio/modelcontextprotocol/server/McpRequestHandler; 1 <appendix> member <vmtarget> ; # io/modelcontextprotocol/server/McpAsyncServer$$Lambda+0x000000003f253890
instanceKlass  @bci io/modelcontextprotocol/server/McpAsyncServer resourcesSubscribeRequestHandler ()Lio/modelcontextprotocol/server/McpRequestHandler; 1 <appendix> member <vmtarget> ; # io/modelcontextprotocol/server/McpAsyncServer$$Lambda+0x000000003f253660
instanceKlass  @bci io/modelcontextprotocol/server/McpAsyncServer resourceTemplateListRequestHandler ()Lio/modelcontextprotocol/server/McpRequestHandler; 1 <appendix> member <vmtarget> ; # io/modelcontextprotocol/server/McpAsyncServer$$Lambda+0x000000003f253430
instanceKlass  @bci io/modelcontextprotocol/server/McpAsyncServer resourcesReadRequestHandler ()Lio/modelcontextprotocol/server/McpRequestHandler; 1 <appendix> member <vmtarget> ; # io/modelcontextprotocol/server/McpAsyncServer$$Lambda+0x000000003f253200
instanceKlass  @bci io/modelcontextprotocol/server/McpAsyncServer resourcesListRequestHandler ()Lio/modelcontextprotocol/server/McpRequestHandler; 1 <appendix> member <vmtarget> ; # io/modelcontextprotocol/server/McpAsyncServer$$Lambda+0x000000003f252fd0
instanceKlass  @bci io/modelcontextprotocol/server/McpAsyncServer toolsCallRequestHandler ()Lio/modelcontextprotocol/server/McpRequestHandler; 1 <appendix> member <vmtarget> ; # io/modelcontextprotocol/server/McpAsyncServer$$Lambda+0x000000003f252da0
instanceKlass  @bci io/modelcontextprotocol/server/McpAsyncServer toolsListRequestHandler ()Lio/modelcontextprotocol/server/McpRequestHandler; 1 <appendix> member <vmtarget> ; # io/modelcontextprotocol/server/McpAsyncServer$$Lambda+0x000000003f252b70
instanceKlass  @bci io/modelcontextprotocol/server/McpAsyncServer prepareRequestHandlers ()Ljava/util/Map; 11 <appendix> argL0 ; # io/modelcontextprotocol/server/McpAsyncServer$$Lambda+0x000000003f252948
instanceKlass io/modelcontextprotocol/server/McpRequestHandler
instanceKlass io/modelcontextprotocol/server/McpServerFeatures$AsyncToolSpecification$Builder
instanceKlass io/modelcontextprotocol/server/McpAsyncServer$StructuredOutputCallToolHandler
instanceKlass  @bci io/modelcontextprotocol/server/McpAsyncServer withStructuredOutputHandling (Lio/modelcontextprotocol/json/schema/JsonSchemaValidator;Ljava/util/List;)Ljava/util/List; 16 <appendix> member <vmtarget> ; # io/modelcontextprotocol/server/McpAsyncServer$$Lambda+0x000000003f252070
instanceKlass io/modelcontextprotocol/util/Utils
instanceKlass io/modelcontextprotocol/spec/McpSchema
instanceKlass com/networknt/schema/SchemaIdValidator$DefaultSchemaIdValidator
instanceKlass com/networknt/schema/SchemaIdValidator
instanceKlass com/networknt/schema/regex/RegularExpression
instanceKlass com/networknt/schema/regex/JDKRegularExpressionFactory
instanceKlass  @bci com/networknt/schema/path/PathType <clinit> ()V 89 <appendix> argL0 ; # com/networknt/schema/path/PathType$$Lambda+0x000000003f250f88
instanceKlass  @bci com/networknt/schema/path/PathType <clinit> ()V 84 <appendix> argL0 ; # com/networknt/schema/path/PathType$$Lambda+0x000000003f250d50
instanceKlass  @bci com/networknt/schema/path/PathType <clinit> ()V 64 <appendix> argL0 ; # com/networknt/schema/path/PathType$$Lambda+0x000000003f250b18
instanceKlass  @bci com/networknt/schema/path/PathType <clinit> ()V 59 <appendix> argL0 ; # com/networknt/schema/path/PathType$$Lambda+0x000000003f2508e0
instanceKlass  @bci com/networknt/schema/path/PathType <clinit> ()V 39 <appendix> argL0 ; # com/networknt/schema/path/PathType$$Lambda+0x000000003f2506a8
instanceKlass  @bci com/networknt/schema/path/PathType <clinit> ()V 34 <appendix> argL0 ; # com/networknt/schema/path/PathType$$Lambda+0x000000003f250470
instanceKlass  @bci com/networknt/schema/path/PathType <clinit> ()V 14 <appendix> argL0 ; # com/networknt/schema/path/PathType$$Lambda+0x000000003f250238
instanceKlass  @bci com/networknt/schema/path/PathType <clinit> ()V 9 <appendix> argL0 ; # com/networknt/schema/path/PathType$$Lambda+0x000000003f250000
instanceKlass com/networknt/schema/regex/RegularExpressionFactory
instanceKlass com/networknt/schema/SchemaRegistryConfig$BuilderSupport
instanceKlass com/networknt/schema/SchemaRegistryConfig$Holder
instanceKlass com/networknt/schema/SchemaRegistryConfig
instanceKlass com/networknt/schema/resource/SchemaLoader$DefaultHolder
instanceKlass  @bci com/networknt/schema/resource/ClasspathResourceLoader <init> ()V 1 <appendix> argL0 ; # com/networknt/schema/resource/ClasspathResourceLoader$$Lambda+0x000000003f24ecf8
instanceKlass com/networknt/schema/resource/ClasspathResourceLoader$Holder
instanceKlass com/networknt/schema/resource/ClasspathResourceLoader
instanceKlass com/networknt/schema/resource/ResourceLoader
instanceKlass com/networknt/schema/resource/MetaSchemaIdResolver$Holder
instanceKlass com/networknt/schema/resource/MetaSchemaIdResolver
instanceKlass com/networknt/schema/resource/SchemaIdResolver
instanceKlass com/networknt/schema/resource/SchemaLoader
instanceKlass com/networknt/schema/serialization/BasicNodeReader$Holder
instanceKlass com/networknt/schema/serialization/BasicNodeReader
instanceKlass  @bci com/networknt/schema/dialect/BasicDialectRegistry <init> (Lcom/networknt/schema/dialect/Dialect;)V 6 <appendix> member <vmtarget> ; # com/networknt/schema/dialect/BasicDialectRegistry$$Lambda+0x000000003f24d778
instanceKlass com/networknt/schema/dialect/AbstractDialectRegistry
instanceKlass com/networknt/schema/SchemaRegistry$Builder
instanceKlass com/networknt/schema/dialect/DialectRegistry
instanceKlass com/networknt/schema/serialization/NodeReader
instanceKlass com/networknt/schema/SchemaRegistry
instanceKlass com/networknt/schema/utils/Strings
instanceKlass com/networknt/schema/keyword/FormatKeyword
instanceKlass com/networknt/schema/vocabulary/Vocabulary
instanceKlass com/networknt/schema/vocabulary/Vocabularies
instanceKlass com/networknt/schema/keyword/AbstractKeyword
instanceKlass  @bci com/networknt/schema/keyword/KeywordType <clinit> ()V 1324 <appendix> argL0 ; # com/networknt/schema/keyword/KeywordType$$Lambda+0x000000003f24b408
instanceKlass  @bci com/networknt/schema/keyword/KeywordType <clinit> ()V 1298 <appendix> argL0 ; # com/networknt/schema/keyword/KeywordType$$Lambda+0x000000003f24aed8
instanceKlass  @bci com/networknt/schema/keyword/KeywordType <clinit> ()V 1272 <appendix> argL0 ; # com/networknt/schema/keyword/KeywordType$$Lambda+0x000000003f24a9a8
instanceKlass  @bci com/networknt/schema/keyword/KeywordType <clinit> ()V 1246 <appendix> argL0 ; # com/networknt/schema/keyword/KeywordType$$Lambda+0x000000003f24a478
instanceKlass  @bci com/networknt/schema/keyword/KeywordType <clinit> ()V 1220 <appendix> argL0 ; # com/networknt/schema/keyword/KeywordType$$Lambda+0x000000003f249f48
instanceKlass  @bci com/networknt/schema/keyword/KeywordType <clinit> ()V 1194 <appendix> argL0 ; # com/networknt/schema/keyword/KeywordType$$Lambda+0x000000003f249a18
instanceKlass  @bci com/networknt/schema/keyword/KeywordType <clinit> ()V 1168 <appendix> argL0 ; # com/networknt/schema/keyword/KeywordType$$Lambda+0x000000003f2494d8
instanceKlass  @bci com/networknt/schema/keyword/KeywordType <clinit> ()V 1142 <appendix> argL0 ; # com/networknt/schema/keyword/KeywordType$$Lambda+0x000000003f248fa8
instanceKlass  @bci com/networknt/schema/keyword/KeywordType <clinit> ()V 1116 <appendix> argL0 ; # com/networknt/schema/keyword/KeywordType$$Lambda+0x000000003f248a70
instanceKlass  @bci com/networknt/schema/keyword/KeywordType <clinit> ()V 1090 <appendix> argL0 ; # com/networknt/schema/keyword/KeywordType$$Lambda+0x000000003f248538
instanceKlass  @bci com/networknt/schema/keyword/KeywordType <clinit> ()V 1064 <appendix> argL0 ; # com/networknt/schema/keyword/KeywordType$$Lambda+0x000000003f248000
instanceKlass  @bci com/networknt/schema/keyword/KeywordType <clinit> ()V 1038 <appendix> argL0 ; # com/networknt/schema/keyword/KeywordType$$Lambda+0x000000003f247a30
instanceKlass  @bci com/networknt/schema/keyword/KeywordType <clinit> ()V 1012 <appendix> argL0 ; # com/networknt/schema/keyword/KeywordType$$Lambda+0x000000003f247500
instanceKlass  @bci com/networknt/schema/keyword/KeywordType <clinit> ()V 986 <appendix> argL0 ; # com/networknt/schema/keyword/KeywordType$$Lambda+0x000000003f246fc8
instanceKlass  @bci com/networknt/schema/keyword/KeywordType <clinit> ()V 960 <appendix> argL0 ; # com/networknt/schema/keyword/KeywordType$$Lambda+0x000000003f246a88
instanceKlass  @bci com/networknt/schema/keyword/KeywordType <clinit> ()V 934 <appendix> argL0 ; # com/networknt/schema/keyword/KeywordType$$Lambda+0x000000003f246550
instanceKlass  @bci com/networknt/schema/keyword/KeywordType <clinit> ()V 908 <appendix> argL0 ; # com/networknt/schema/keyword/KeywordType$$Lambda+0x000000003f245da8
instanceKlass  @bci com/networknt/schema/keyword/KeywordType <clinit> ()V 882 <appendix> argL0 ; # com/networknt/schema/keyword/KeywordType$$Lambda+0x000000003f245878
instanceKlass  @bci com/networknt/schema/keyword/KeywordType <clinit> ()V 856 <appendix> argL0 ; # com/networknt/schema/keyword/KeywordType$$Lambda+0x000000003f245330
instanceKlass  @bci com/networknt/schema/keyword/KeywordType <clinit> ()V 830 <appendix> argL0 ; # com/networknt/schema/keyword/KeywordType$$Lambda+0x000000003f244df8
instanceKlass  @bci com/networknt/schema/keyword/KeywordType <clinit> ()V 804 <appendix> argL0 ; # com/networknt/schema/keyword/KeywordType$$Lambda+0x000000003f2448c8
instanceKlass  @bci com/networknt/schema/keyword/KeywordType <clinit> ()V 778 <appendix> argL0 ; # com/networknt/schema/keyword/KeywordType$$Lambda+0x000000003f244388
instanceKlass  @bci com/networknt/schema/keyword/KeywordType <clinit> ()V 752 <appendix> argL0 ; # com/networknt/schema/keyword/KeywordType$$Lambda+0x000000003f243e58
instanceKlass  @bci com/networknt/schema/keyword/KeywordType <clinit> ()V 726 <appendix> argL0 ; # com/networknt/schema/keyword/KeywordType$$Lambda+0x000000003f243928
instanceKlass  @bci com/networknt/schema/keyword/KeywordType <clinit> ()V 700 <appendix> argL0 ; # com/networknt/schema/keyword/KeywordType$$Lambda+0x000000003f2433f8
instanceKlass  @bci com/networknt/schema/keyword/KeywordType <clinit> ()V 674 <appendix> argL0 ; # com/networknt/schema/keyword/KeywordType$$Lambda+0x000000003f242ec8
instanceKlass  @bci com/networknt/schema/keyword/KeywordType <clinit> ()V 648 <appendix> argL0 ; # com/networknt/schema/keyword/KeywordType$$Lambda+0x000000003f242ca0
instanceKlass  @bci com/networknt/schema/keyword/KeywordType <clinit> ()V 622 <appendix> argL0 ; # com/networknt/schema/keyword/KeywordType$$Lambda+0x000000003f242770
instanceKlass  @bci com/networknt/schema/keyword/KeywordType <clinit> ()V 596 <appendix> argL0 ; # com/networknt/schema/keyword/KeywordType$$Lambda+0x000000003f242240
instanceKlass  @bci com/networknt/schema/keyword/KeywordType <clinit> ()V 570 <appendix> argL0 ; # com/networknt/schema/keyword/KeywordType$$Lambda+0x000000003f241d10
instanceKlass  @bci com/networknt/schema/keyword/KeywordType <clinit> ()V 544 <appendix> argL0 ; # com/networknt/schema/keyword/KeywordType$$Lambda+0x000000003f2417e0
instanceKlass  @bci com/networknt/schema/keyword/KeywordType <clinit> ()V 518 <appendix> argL0 ; # com/networknt/schema/keyword/KeywordType$$Lambda+0x000000003f2412b0
instanceKlass  @bci com/networknt/schema/keyword/KeywordType <clinit> ()V 492 <appendix> argL0 ; # com/networknt/schema/keyword/KeywordType$$Lambda+0x000000003f240d70
instanceKlass  @bci com/networknt/schema/keyword/KeywordType <clinit> ()V 466 <appendix> argL0 ; # com/networknt/schema/keyword/KeywordType$$Lambda+0x000000003f240838
instanceKlass  @bci com/networknt/schema/keyword/KeywordType <clinit> ()V 396 <appendix> argL0 ; # com/networknt/schema/keyword/KeywordType$$Lambda+0x000000003f240308
instanceKlass  @bci com/networknt/schema/keyword/KeywordType <clinit> ()V 370 <appendix> argL0 ; # com/networknt/schema/keyword/KeywordType$$Lambda+0x000000003f23fd98
instanceKlass  @bci com/networknt/schema/keyword/KeywordType <clinit> ()V 344 <appendix> argL0 ; # com/networknt/schema/keyword/KeywordType$$Lambda+0x000000003f23f868
instanceKlass com/networknt/schema/keyword/ThresholdMixin
instanceKlass  @bci com/networknt/schema/keyword/KeywordType <clinit> ()V 318 <appendix> argL0 ; # com/networknt/schema/keyword/KeywordType$$Lambda+0x000000003f23f130
instanceKlass  @bci com/networknt/schema/keyword/KeywordType <clinit> ()V 292 <appendix> argL0 ; # com/networknt/schema/keyword/KeywordType$$Lambda+0x000000003f23ebe8
instanceKlass  @bci com/networknt/schema/keyword/KeywordType <clinit> ()V 266 <appendix> argL0 ; # com/networknt/schema/keyword/KeywordType$$Lambda+0x000000003f23e438
instanceKlass  @bci com/networknt/schema/keyword/KeywordType <clinit> ()V 240 <appendix> argL0 ; # com/networknt/schema/keyword/KeywordType$$Lambda+0x000000003f23def8
instanceKlass  @bci com/networknt/schema/keyword/KeywordType <clinit> ()V 214 <appendix> argL0 ; # com/networknt/schema/keyword/KeywordType$$Lambda+0x000000003f23d9c0
instanceKlass  @bci com/networknt/schema/keyword/KeywordType <clinit> ()V 188 <appendix> argL0 ; # com/networknt/schema/keyword/KeywordType$$Lambda+0x000000003f23d490
instanceKlass  @bci com/networknt/schema/keyword/KeywordType <clinit> ()V 162 <appendix> argL0 ; # com/networknt/schema/keyword/KeywordType$$Lambda+0x000000003f23cf60
instanceKlass  @bci com/networknt/schema/keyword/KeywordType <clinit> ()V 136 <appendix> argL0 ; # com/networknt/schema/keyword/KeywordType$$Lambda+0x000000003f23ca30
instanceKlass  @bci com/networknt/schema/keyword/KeywordType <clinit> ()V 111 <appendix> argL0 ; # com/networknt/schema/keyword/KeywordType$$Lambda+0x000000003f23c500
instanceKlass  @bci com/networknt/schema/keyword/KeywordType <clinit> ()V 86 <appendix> argL0 ; # com/networknt/schema/keyword/KeywordType$$Lambda+0x000000003f23bfd0
instanceKlass  @bci com/networknt/schema/keyword/KeywordType <clinit> ()V 61 <appendix> argL0 ; # com/networknt/schema/keyword/KeywordType$$Lambda+0x000000003f23baa0
instanceKlass  @bci com/networknt/schema/keyword/KeywordType <clinit> ()V 36 <appendix> argL0 ; # com/networknt/schema/keyword/KeywordType$$Lambda+0x000000003f23b560
instanceKlass  @bci com/networknt/schema/keyword/KeywordType <clinit> ()V 11 <appendix> argL0 ; # com/networknt/schema/keyword/KeywordType$$Lambda+0x000000003f23abd8
instanceKlass com/networknt/schema/keyword/AbstractKeywordValidator
instanceKlass com/networknt/schema/keyword/KeywordValidator
instanceKlass com/networknt/schema/SchemaContext
instanceKlass com/networknt/schema/Schema
instanceKlass com/networknt/schema/Validator
instanceKlass com/networknt/schema/walk/Walker
instanceKlass com/networknt/schema/SchemaLocation
instanceKlass com/networknt/schema/keyword/ValidatorFactory
instanceKlass com/networknt/schema/keyword/Keyword
instanceKlass  @bci java/util/regex/Pattern CIRange (II)Ljava/util/regex/Pattern$CharPredicate; 2 <appendix> member <vmtarget> ; # java/util/regex/Pattern$$Lambda+0x000000003f0f5208
instanceKlass  @bci java/util/regex/Pattern SingleI (II)Ljava/util/regex/Pattern$BmpCharPredicate; 2 <appendix> member <vmtarget> ; # java/util/regex/Pattern$$Lambda+0x000000003f0f4f70
instanceKlass com/networknt/schema/format/DurationFormat
instanceKlass com/networknt/schema/format/TimeFormat
instanceKlass com/networknt/schema/format/RegexFormat
instanceKlass com/networknt/schema/format/AbstractRFC3986Format
instanceKlass com/networknt/schema/format/IdnHostnameFormat
instanceKlass com/networknt/schema/format/IdnEmailFormat
instanceKlass com/networknt/org/apache/commons/validator/routines/RegexValidator
instanceKlass com/networknt/org/apache/commons/validator/routines/DomainValidator$LazyHolder
instanceKlass com/networknt/org/apache/commons/validator/routines/DomainValidator
instanceKlass com/networknt/org/apache/commons/validator/routines/EmailValidator
instanceKlass com/networknt/schema/format/EmailFormat
instanceKlass  @bci com/networknt/schema/format/DateTimeFormat <clinit> ()V 27 <appendix> argL0 ; # com/networknt/schema/format/DateTimeFormat$$Lambda+0x000000003f233060
instanceKlass com/networknt/schema/format/DateTimeFormat$Ethlo
instanceKlass com/ethlo/time/ITU
instanceKlass com/networknt/schema/utils/Classes
instanceKlass com/networknt/schema/format/DateTimeFormat
instanceKlass com/networknt/schema/format/DateFormat
instanceKlass  @bci java/util/regex/CharPredicates ctype (I)Ljava/util/regex/Pattern$CharPredicate; 1 <appendix> member <vmtarget> ; # java/util/regex/CharPredicates$$Lambda+0x000000003f0f45f8
instanceKlass com/networknt/schema/format/IPv6Format
instanceKlass com/networknt/schema/format/PatternFormat
instanceKlass com/networknt/schema/format/Format
instanceKlass com/networknt/schema/format/Formats
instanceKlass com/networknt/schema/dialect/Dialect$Builder
instanceKlass com/networknt/schema/dialect/Dialect
instanceKlass com/networknt/schema/dialect/Draft202012$Holder
instanceKlass com/networknt/schema/dialect/Draft202012
instanceKlass com/networknt/schema/dialect/Dialects
instanceKlass io/modelcontextprotocol/json/schema/jackson2/DefaultJsonSchemaValidator
instanceKlass io/modelcontextprotocol/json/schema/JsonSchemaValidator
instanceKlass io/modelcontextprotocol/json/schema/jackson2/JacksonJsonSchemaValidatorSupplier
instanceKlass reactor/util/Loggers$Slf4JLogger
instanceKlass reactor/util/Logger
instanceKlass reactor/util/Loggers$Slf4JLoggerFactory
instanceKlass reactor/util/Loggers
instanceKlass  @bci java/util/function/Function identity ()Ljava/util/function/Function; 0 <appendix> argL0 ; # java/util/function/Function$$Lambda+0x000000003f0f4188
instanceKlass reactor/core/publisher/OnNextFailureStrategy
instanceKlass reactor/core/publisher/Hooks
instanceKlass io/modelcontextprotocol/spec/McpStreamableServerSession$Factory
instanceKlass io/modelcontextprotocol/server/McpAsyncServer
instanceKlass  @bci io/modelcontextprotocol/server/McpServerFeatures$Async fromSync (Lio/modelcontextprotocol/server/McpServerFeatures$Sync;Z)Lio/modelcontextprotocol/server/McpServerFeatures$Async; 146 <appendix> member <vmtarget> ; # io/modelcontextprotocol/server/McpServerFeatures$Async$$Lambda+0x000000003f22f150
instanceKlass io/modelcontextprotocol/spec/McpSchema$CompleteReference
instanceKlass  @bci io/modelcontextprotocol/server/McpServerFeatures$AsyncPromptSpecification fromSync (Lio/modelcontextprotocol/server/McpServerFeatures$SyncPromptSpecification;Z)Lio/modelcontextprotocol/server/McpServerFeatures$AsyncPromptSpecification; 16 <appendix> member <vmtarget> ; # io/modelcontextprotocol/server/McpServerFeatures$AsyncPromptSpecification$$Lambda+0x000000003f22eaf0
instanceKlass  @bci io/modelcontextprotocol/server/McpServerFeatures$Async fromSync (Lio/modelcontextprotocol/server/McpServerFeatures$Sync;Z)Lio/modelcontextprotocol/server/McpServerFeatures$Async; 120 <appendix> member <vmtarget> ; # io/modelcontextprotocol/server/McpServerFeatures$Async$$Lambda+0x000000003f22e698
instanceKlass  @bci io/modelcontextprotocol/server/McpServerFeatures$Async fromSync (Lio/modelcontextprotocol/server/McpServerFeatures$Sync;Z)Lio/modelcontextprotocol/server/McpServerFeatures$Async; 94 <appendix> member <vmtarget> ; # io/modelcontextprotocol/server/McpServerFeatures$Async$$Lambda+0x000000003f22e458
instanceKlass  @bci io/modelcontextprotocol/server/McpServerFeatures$AsyncResourceSpecification fromSync (Lio/modelcontextprotocol/server/McpServerFeatures$SyncResourceSpecification;Z)Lio/modelcontextprotocol/server/McpServerFeatures$AsyncResourceSpecification; 16 <appendix> member <vmtarget> ; # io/modelcontextprotocol/server/McpServerFeatures$AsyncResourceSpecification$$Lambda+0x000000003f22e000
instanceKlass  @bci io/modelcontextprotocol/server/McpServerFeatures$Async fromSync (Lio/modelcontextprotocol/server/McpServerFeatures$Sync;Z)Lio/modelcontextprotocol/server/McpServerFeatures$Async; 68 <appendix> member <vmtarget> ; # io/modelcontextprotocol/server/McpServerFeatures$Async$$Lambda+0x000000003f22dba8
instanceKlass  @cpi io/modelcontextprotocol/server/McpServerFeatures$Async 307 form vmentry <vmtarget> ; # java/lang/invoke/LambdaForm$DMH+0x000000003f230800
instanceKlass  @bci io/modelcontextprotocol/server/McpServerFeatures$AsyncPromptSpecification fromSync (Lio/modelcontextprotocol/server/McpServerFeatures$SyncPromptSpecification;Z)Lio/modelcontextprotocol/server/McpServerFeatures$AsyncPromptSpecification; 16 <appendix> form vmentry <vmtarget> ; # java/lang/invoke/LambdaForm$DMH+0x000000003f230400
instanceKlass  @bci io/modelcontextprotocol/server/McpServerFeatures$AsyncToolSpecification fromSync (Lio/modelcontextprotocol/server/McpServerFeatures$SyncToolSpecification;Z)Lio/modelcontextprotocol/server/McpServerFeatures$AsyncToolSpecification; 8 <appendix> member <vmtarget> ; # io/modelcontextprotocol/server/McpServerFeatures$AsyncToolSpecification$$Lambda+0x000000003f22d968
instanceKlass io/modelcontextprotocol/server/McpServerFeatures
instanceKlass  @cpi io/modelcontextprotocol/server/McpServerFeatures$AsyncPromptSpecification 120 form vmentry <vmtarget> ; # java/lang/invoke/LambdaForm$DMH+0x000000003f230000
instanceKlass io/modelcontextprotocol/server/McpAsyncServerExchange
instanceKlass oracle/dbtools/extension/mcp/tools/agents/DeleteAgentTool
instanceKlass oracle/dbtools/extension/mcp/tools/agents/DescribeAgentTool
instanceKlass oracle/dbtools/extension/mcp/tools/agents/ExecuteAgentTool
instanceKlass oracle/dbtools/extension/mcp/tools/agents/CreateAgentTool
instanceKlass oracle/dbtools/extension/mcp/tools/agents/ListAgentsTool
instanceKlass  @bci oracle/dbtools/extension/mcp/resources/MCPResourceUtility createResourceSpecification (Loracle/dbtools/extension/mcp/resources/MCPResourceUtility$MCPResourceDescription;)Lio/modelcontextprotocol/server/McpServerFeatures$SyncResourceSpecification; 56 <appendix> member <vmtarget> ; # oracle/dbtools/extension/mcp/resources/MCPResourceUtility$$Lambda+0x000000003f22c0f8
instanceKlass io/modelcontextprotocol/spec/McpSchema$ResourceContent
instanceKlass io/modelcontextprotocol/spec/McpSchema$Annotated
instanceKlass  @bci java/util/stream/ReferencePipeline toArray ()[Ljava/lang/Object; 1 <appendix> argL0 ; # java/util/stream/ReferencePipeline$$Lambda+0x000000003f0f3f60
instanceKlass  @bci oracle/dbtools/extension/mcp/resources/MCPResourceUtility configResources (Loracle/dbtools/mcp/api/Mcp$Definition;Ljava/util/List;)V 12 <appendix> argL0 ; # oracle/dbtools/extension/mcp/resources/MCPResourceUtility$$Lambda+0x000000003f22b370
instanceKlass oracle/dbtools/extension/mcp/resources/MCPResourceUtility$MCPResourceDescription
instanceKlass oracle/dbtools/extension/mcp/resources/MCPResourceUtility
instanceKlass oracle/dbtools/extension/mcp/resources/DGAIDataGuardResourcePack
instanceKlass  @bci oracle/dbtools/extension/mcp/tools/DBToolsGetToolRequest configure (Loracle/dbtools/mcp/api/Mcp$Definition;)V 48 <appendix> member <vmtarget> ; # oracle/dbtools/extension/mcp/tools/DBToolsGetToolRequest$$Lambda+0x000000003f22a698
instanceKlass oracle/dbtools/extension/mcp/tools/DBToolsGetToolRequest
instanceKlass oracle/dbtools/extension/mcp/tools/ContextRetrieveTool
instanceKlass  @bci oracle/dbtools/extension/mcp/tools/AnnotationGenerateTool configure (Loracle/dbtools/mcp/api/Mcp$Definition;)V 53 <appendix> member <vmtarget> ; # oracle/dbtools/extension/mcp/tools/AnnotationGenerateTool$$Lambda+0x000000003f229898
instanceKlass oracle/dbtools/extension/mcp/tools/AnnotationGenerateTool
instanceKlass  @bci oracle/dbtools/extension/mcp/tools/SkillsSyncTool configure (Loracle/dbtools/mcp/api/Mcp$Definition;)V 58 <appendix> member <vmtarget> ; # oracle/dbtools/extension/mcp/tools/SkillsSyncTool$$Lambda+0x000000003f229418
instanceKlass com/fasterxml/jackson/databind/ser/impl/PropertySerializerMap$SerializerAndMapResult
instanceKlass com/fasterxml/jackson/databind/ser/std/StdKeySerializers
instanceKlass com/fasterxml/jackson/annotation/JsonFilter
instanceKlass com/fasterxml/jackson/databind/annotation/JsonAppend
instanceKlass com/fasterxml/jackson/databind/ser/impl/PropertySerializerMap
instanceKlass com/fasterxml/jackson/databind/ser/PropertyBuilder$1
instanceKlass com/fasterxml/jackson/annotation/JsonTypeId
instanceKlass com/fasterxml/jackson/databind/introspect/POJOPropertyBuilder$3
instanceKlass com/fasterxml/jackson/databind/ser/PropertyBuilder
instanceKlass com/fasterxml/jackson/annotation/JsonIgnoreType
instanceKlass com/fasterxml/jackson/databind/ser/BeanSerializerBuilder
instanceKlass com/fasterxml/jackson/databind/ObjectWriter
instanceKlass oracle/dbtools/extension/mcp/tools/SkillsSyncTool
instanceKlass  @bci oracle/dbtools/extension/mcp/tools/SchemaInformationTool configure (Loracle/dbtools/mcp/api/Mcp$Definition;)V 49 <appendix> member <vmtarget> ; # oracle/dbtools/extension/mcp/tools/SchemaInformationTool$$Lambda+0x000000003f225828
instanceKlass oracle/dbtools/extension/mcp/tools/SchemaInformationTool
instanceKlass  @bci oracle/dbtools/extension/mcp/prompts/DevelopOrdsRestApiPrompt configure (Loracle/dbtools/mcp/api/Mcp$Definition;)V 23 <appendix> member <vmtarget> ; # oracle/dbtools/extension/mcp/prompts/DevelopOrdsRestApiPrompt$$Lambda+0x000000003f2253a8
instanceKlass io/modelcontextprotocol/spec/McpSchema$Content
instanceKlass oracle/dbtools/extension/mcp/prompts/DevelopOrdsRestApiPrompt
instanceKlass  @bci oracle/dbtools/extension/mcp/prompts/ConnectionHelper create ()Lio/modelcontextprotocol/server/McpServerFeatures$SyncPromptSpecification; 23 <appendix> member <vmtarget> ; # oracle/dbtools/extension/mcp/prompts/ConnectionHelper$$Lambda+0x000000003f224ae8
instanceKlass oracle/dbtools/extension/mcp/prompts/ConnectionHelper
instanceKlass  @bci io/modelcontextprotocol/server/McpServer$SyncSpecification assertNoDuplicateTool (Ljava/lang/String;)V 10 <appendix> member <vmtarget> ; # io/modelcontextprotocol/server/McpServer$SyncSpecification$$Lambda+0x000000003f21fa00
instanceKlass  @bci oracle/dbtools/extension/mcp/tools/RunSqlTool create (Loracle/dbtools/raptor/newscriptrunner/ScriptRunnerContext;)Lio/modelcontextprotocol/server/McpServerFeatures$SyncToolSpecification; 48 <appendix> member <vmtarget> ; # oracle/dbtools/extension/mcp/tools/RunSqlTool$$Lambda+0x000000003f21f7c0
instanceKlass oracle/dbtools/extension/mcp/tools/RunSqlTool
instanceKlass  @bci oracle/dbtools/extension/mcp/tools/RunSqlCLTool create (Loracle/dbtools/raptor/newscriptrunner/ScriptRunnerContext;)Lio/modelcontextprotocol/server/McpServerFeatures$SyncToolSpecification; 49 <appendix> member <vmtarget> ; # oracle/dbtools/extension/mcp/tools/RunSqlCLTool$$Lambda+0x000000003f21f350
instanceKlass oracle/dbtools/extension/mcp/tools/RunSqlCLTool
instanceKlass  @bci oracle/dbtools/extension/mcp/tools/DisconnectTool create (Loracle/dbtools/raptor/newscriptrunner/ScriptRunnerContext;)Lio/modelcontextprotocol/server/McpServerFeatures$SyncToolSpecification; 49 <appendix> member <vmtarget> ; # oracle/dbtools/extension/mcp/tools/DisconnectTool$$Lambda+0x000000003f21eed8
instanceKlass oracle/dbtools/extension/mcp/tools/DisconnectTool
instanceKlass  @bci oracle/dbtools/extension/mcp/tools/ConnectTool create (Loracle/dbtools/raptor/newscriptrunner/ScriptRunnerContext;)Lio/modelcontextprotocol/server/McpServerFeatures$SyncToolSpecification; 49 <appendix> member <vmtarget> ; # oracle/dbtools/extension/mcp/tools/ConnectTool$$Lambda+0x000000003f21ea60
instanceKlass oracle/dbtools/extension/mcp/tools/ConnectTool
instanceKlass  @bci oracle/dbtools/extension/mcp/tools/ListConnectionsTool create (Loracle/dbtools/raptor/newscriptrunner/ScriptRunnerContext;)Lio/modelcontextprotocol/server/McpServerFeatures$SyncToolSpecification; 49 <appendix> member <vmtarget> ; # oracle/dbtools/extension/mcp/tools/ListConnectionsTool$$Lambda+0x000000003f21e108
instanceKlass io/modelcontextprotocol/spec/McpSchema$Result
instanceKlass io/modelcontextprotocol/spec/McpSchema$Request
instanceKlass io/modelcontextprotocol/spec/McpSchema$Meta
instanceKlass io/modelcontextprotocol/server/McpSyncServerExchange
# instanceKlass java/lang/invoke/LambdaForm$MH+0x000000003f221400
# instanceKlass java/lang/invoke/LambdaForm$MH+0x000000003f221000
# instanceKlass java/lang/invoke/LambdaForm$MH+0x000000003f220c00
# instanceKlass java/lang/invoke/LambdaForm$MH+0x000000003f220800
instanceKlass java/lang/invoke/LambdaFormEditor$1
# instanceKlass java/lang/invoke/LambdaForm$MH+0x000000003f220400
# instanceKlass java/lang/invoke/LambdaForm$DMH+0x000000003f220000
instanceKlass com/fasterxml/jackson/databind/deser/std/UntypedObjectDeserializerNR$Scope
instanceKlass com/fasterxml/jackson/databind/deser/impl/PropertyValue
instanceKlass com/fasterxml/jackson/databind/deser/impl/PropertyValueBuffer
instanceKlass com/fasterxml/jackson/databind/deser/impl/PropertyBasedCreator
instanceKlass com/fasterxml/jackson/databind/annotation/JacksonStdImpl
instanceKlass com/fasterxml/jackson/databind/deser/ContextualKeyDeserializer
instanceKlass com/fasterxml/jackson/databind/deser/std/NumberDeserializers
instanceKlass com/fasterxml/jackson/databind/deser/impl/NullsConstantProvider
instanceKlass com/fasterxml/jackson/databind/deser/BasicDeserializerFactory$ContainerDefaultMappings
instanceKlass com/fasterxml/jackson/databind/deser/impl/ReadableObjectId$Referring
instanceKlass com/fasterxml/jackson/databind/deser/impl/BeanPropertyMap
instanceKlass com/fasterxml/jackson/annotation/JsonAlias
instanceKlass com/fasterxml/jackson/databind/introspect/POJOPropertyBuilder$2
instanceKlass com/fasterxml/jackson/databind/introspect/POJOPropertyBuilder$1
instanceKlass com/fasterxml/jackson/databind/util/IgnorePropertiesUtil
instanceKlass com/fasterxml/jackson/annotation/JsonIncludeProperties$Value
instanceKlass com/fasterxml/jackson/annotation/JsonIncludeProperties
instanceKlass com/fasterxml/jackson/annotation/JsonIgnoreProperties$Value
instanceKlass com/fasterxml/jackson/databind/deser/BeanDeserializerBuilder
instanceKlass com/fasterxml/jackson/databind/BeanProperty$Std
instanceKlass com/fasterxml/jackson/databind/deser/impl/CreatorCandidate$Param
instanceKlass com/fasterxml/jackson/databind/deser/impl/CreatorCandidate
instanceKlass com/fasterxml/jackson/databind/deser/impl/CreatorCollector
instanceKlass com/fasterxml/jackson/databind/PropertyMetadata
instanceKlass com/fasterxml/jackson/annotation/JsonPropertyDescription
instanceKlass com/fasterxml/jackson/annotation/JsonPropertyOrder
instanceKlass com/fasterxml/jackson/databind/annotation/JsonNaming
instanceKlass com/fasterxml/jackson/annotation/JacksonInject
instanceKlass java/util/LinkedList$ListItr
instanceKlass com/fasterxml/jackson/databind/introspect/POJOPropertyBuilder$6
instanceKlass com/fasterxml/jackson/databind/introspect/POJOPropertyBuilder$5
instanceKlass com/fasterxml/jackson/databind/cfg/ConstructorDetector
instanceKlass com/fasterxml/jackson/databind/type/TypeBindings$AsKey
instanceKlass sun/reflect/generics/tree/MethodTypeSignature
instanceKlass sun/reflect/generics/tree/VoidDescriptor
instanceKlass com/fasterxml/jackson/databind/jdk14/JDK14Util$RawTypeName
instanceKlass com/fasterxml/jackson/databind/introspect/PotentialCreator
instanceKlass com/fasterxml/jackson/annotation/JsonCreator
instanceKlass com/fasterxml/jackson/annotation/JsonGetter
instanceKlass com/fasterxml/jackson/databind/introspect/AnnotatedMethodMap
instanceKlass com/fasterxml/jackson/databind/introspect/AnnotatedMethodCollector$MethodBuilder
instanceKlass com/fasterxml/jackson/databind/introspect/MemberKey
instanceKlass com/fasterxml/jackson/databind/introspect/POJOPropertyBuilder$Linked
instanceKlass com/fasterxml/jackson/databind/AnnotationIntrospector$ReferenceProperty
instanceKlass com/fasterxml/jackson/databind/introspect/POJOPropertyBuilder$WithMember
instanceKlass com/fasterxml/jackson/annotation/JsonIgnore
instanceKlass com/fasterxml/jackson/annotation/JsonSetter
instanceKlass com/fasterxml/jackson/databind/PropertyName
instanceKlass com/fasterxml/jackson/annotation/JsonAnySetter
instanceKlass com/fasterxml/jackson/annotation/JsonAnyGetter
instanceKlass com/fasterxml/jackson/annotation/JsonValue
instanceKlass com/fasterxml/jackson/annotation/JsonKey
instanceKlass com/fasterxml/jackson/annotation/JsonProperty
instanceKlass com/fasterxml/jackson/databind/introspect/AnnotatedFieldCollector$FieldBuilder
instanceKlass com/fasterxml/jackson/databind/introspect/TypeResolutionContext$Basic
instanceKlass com/fasterxml/jackson/databind/introspect/AnnotationMap
instanceKlass com/fasterxml/jackson/databind/introspect/CollectorBase
instanceKlass com/fasterxml/jackson/databind/introspect/PotentialCreators
instanceKlass com/fasterxml/jackson/databind/deser/ValueInstantiator
instanceKlass com/fasterxml/jackson/databind/deser/impl/JDKValueInstantiators
instanceKlass com/fasterxml/jackson/databind/annotation/JsonValueInstantiator
instanceKlass com/fasterxml/jackson/databind/util/BeanUtil
instanceKlass com/fasterxml/jackson/databind/jsontype/impl/SubTypeValidator
instanceKlass java/net/SocketAddress
instanceKlass com/fasterxml/jackson/databind/deser/std/JdkDeserializers
instanceKlass com/fasterxml/jackson/databind/ext/Java7Handlers
instanceKlass org/w3c/dom/Document
instanceKlass com/fasterxml/jackson/databind/ext/OptionalHandlerFactory
instanceKlass com/fasterxml/jackson/annotation/JsonIdentityInfo
instanceKlass com/fasterxml/jackson/annotation/JsonAutoDetect
instanceKlass com/fasterxml/jackson/databind/introspect/POJOPropertiesCollector
instanceKlass com/fasterxml/jackson/databind/jdk14/JDK14Util$RecordAccessor
instanceKlass com/fasterxml/jackson/databind/jdk14/JDK14Util
# instanceKlass java/lang/invoke/LambdaForm$MH+0x000000003f200800
# instanceKlass java/lang/invoke/LambdaForm$MH+0x000000003f200400
instanceKlass com/fasterxml/jackson/databind/introspect/AnnotationCollector$TwoAnnotations
instanceKlass  @bci io/modelcontextprotocol/server/McpAsyncServer <init> (Lio/modelcontextprotocol/spec/McpServerTransportProvider;Lio/modelcontextprotocol/json/McpJsonMapper;Lio/modelcontextprotocol/server/McpServerFeatures$Async;Ljava/time/Duration;Lio/modelcontextprotocol/util/McpUriTemplateManagerFactory;Lio/modelcontextprotocol/json/schema/JsonSchemaValidator;)V 228 <appendix> form vmentry <vmtarget> ; # java/lang/invoke/LambdaForm$DMH+0x000000003f200000
instanceKlass  @bci sun/reflect/annotation/AnnotationParser parseEnumArray (ILjava/lang/Class;Ljava/nio/ByteBuffer;Ljdk/internal/reflect/ConstantPool;Ljava/lang/Class;)Ljava/lang/Object; 16 <appendix> member <vmtarget> ; # sun/reflect/annotation/AnnotationParser$$Lambda+0x000000003f0f1ee0
instanceKlass java/lang/annotation/Documented
instanceKlass com/fasterxml/jackson/annotation/JacksonAnnotationsInside
instanceKlass java/lang/Class$AnnotationData
instanceKlass com/fasterxml/jackson/annotation/JsonIgnoreProperties
instanceKlass com/fasterxml/jackson/annotation/JacksonAnnotation
instanceKlass jdk/internal/classfile/impl/StackCounter
instanceKlass  @bci java/lang/reflect/ProxyGenerator lambda$generateLookupAccessor$0 (Ljava/lang/classfile/MethodBuilder;)V 30 <appendix> member <vmtarget> ; # java/lang/reflect/ProxyGenerator$$Lambda+0x000000003f0f0b38
instanceKlass  @bci java/lang/reflect/ProxyGenerator generateLookupAccessor (Ljava/lang/classfile/ClassBuilder;)V 10 <appendix> member <vmtarget> ; # java/lang/reflect/ProxyGenerator$$Lambda+0x000000003f0f08f8
instanceKlass  @bci java/lang/reflect/ProxyGenerator generateStaticInitializer (Ljava/lang/classfile/ClassBuilder;)V 10 <appendix> member <vmtarget> ; # java/lang/reflect/ProxyGenerator$$Lambda+0x000000003f0f06b8
instanceKlass java/lang/classfile/instruction/ExceptionCatch
instanceKlass  @bci java/lang/reflect/ProxyGenerator$ProxyMethod lambda$generateMethod$0 (Ljava/lang/classfile/MethodBuilder;)V 30 <appendix> member <vmtarget> ; # java/lang/reflect/ProxyGenerator$ProxyMethod$$Lambda+0x000000003f0ef948
instanceKlass  @bci java/lang/reflect/ProxyGenerator$ProxyMethod generateMethod (Ljava/lang/classfile/ClassBuilder;)V 42 <appendix> member <vmtarget> ; # java/lang/reflect/ProxyGenerator$ProxyMethod$$Lambda+0x000000003f0ef708
instanceKlass  @bci java/lang/reflect/ProxyGenerator generateConstructor (Ljava/lang/classfile/ClassBuilder;)V 8 <appendix> member <vmtarget> ; # java/lang/reflect/ProxyGenerator$$Lambda+0x000000003f0ef4c8
instanceKlass  @bci java/lang/reflect/ProxyGenerator generateClassFile ()[B 197 <appendix> member <vmtarget> ; # java/lang/reflect/ProxyGenerator$$Lambda+0x000000003f0ef288
instanceKlass  @bci java/lang/reflect/ProxyGenerator proxyMethodsFor (Ljava/lang/String;)Ljava/util/List; 5 <appendix> argL0 ; # java/lang/reflect/ProxyGenerator$$Lambda+0x000000003f0ef040
instanceKlass java/lang/reflect/ProxyGenerator$ProxyMethod
instanceKlass java/lang/reflect/ProxyGenerator
instanceKlass  @bci java/lang/reflect/Proxy$ProxyBuilder getDynamicModule (Ljava/lang/ClassLoader;)Ljava/lang/Module; 4 <appendix> argL0 ; # java/lang/reflect/Proxy$ProxyBuilder$$Lambda+0x000000003f0ee7c0
instanceKlass java/lang/PublicMethods
instanceKlass java/lang/reflect/Proxy$ProxyBuilder
instanceKlass  @bci java/lang/reflect/Proxy getProxyConstructor (Ljava/lang/ClassLoader;[Ljava/lang/Class;)Ljava/lang/reflect/Constructor; 18 <appendix> argL0 ; # java/lang/reflect/Proxy$$Lambda+0x000000003f0edf08
instanceKlass java/lang/reflect/Proxy
instanceKlass sun/reflect/annotation/AnnotationInvocationHandler
instanceKlass java/lang/reflect/InvocationHandler
instanceKlass java/lang/annotation/Target
instanceKlass java/lang/annotation/Inherited
instanceKlass java/lang/annotation/Retention
instanceKlass sun/reflect/annotation/ExceptionProxy
instanceKlass sun/reflect/annotation/AnnotationType
instanceKlass java/lang/reflect/GenericArrayType
instanceKlass com/fasterxml/jackson/annotation/JsonInclude
instanceKlass com/fasterxml/jackson/core/JsonLocation
instanceKlass com/fasterxml/jackson/databind/type/TypeBindings$TypeParamStash
instanceKlass sun/reflect/generics/tree/TypeVariableSignature
instanceKlass com/fasterxml/jackson/databind/util/TokenBuffer$Segment
instanceKlass com/fasterxml/jackson/databind/util/internal/PrivateMaxEntriesMap$EntryIterator
instanceKlass  @bci com/fasterxml/jackson/databind/ser/impl/ReadOnlyClassToSerializerMap <init> (Lcom/fasterxml/jackson/databind/util/LookupCache;)V 38 <appendix> member <vmtarget> ; # com/fasterxml/jackson/databind/ser/impl/ReadOnlyClassToSerializerMap$$Lambda+0x000000003f1fa548
instanceKlass com/fasterxml/jackson/databind/util/TypeKey
instanceKlass com/fasterxml/jackson/databind/ser/impl/ReadOnlyClassToSerializerMap$Bucket
instanceKlass com/fasterxml/jackson/databind/ser/impl/ReadOnlyClassToSerializerMap
instanceKlass com/fasterxml/jackson/databind/type/ClassStack
instanceKlass  @bci oracle/dbtools/extension/mcp/schemas/Schemas loadSchemas ()Ljava/util/Map; 73 <appendix> member <vmtarget> ; # oracle/dbtools/extension/mcp/schemas/Schemas$$Lambda+0x000000003f1f9228
instanceKlass com/fasterxml/jackson/core/util/InternalJacksonUtil
instanceKlass com/fasterxml/jackson/databind/deser/std/BaseNodeDeserializer$ContainerStack
instanceKlass com/fasterxml/jackson/databind/annotation/JsonTypeResolver
instanceKlass com/fasterxml/jackson/databind/util/LinkedNode
instanceKlass com/fasterxml/jackson/databind/util/internal/PrivateMaxEntriesMap$AddTask
instanceKlass com/fasterxml/jackson/databind/util/internal/PrivateMaxEntriesMap$WeightedValue
instanceKlass com/fasterxml/jackson/databind/util/ArrayIterator
instanceKlass java/util/concurrent/ForkJoinPool$DefaultForkJoinWorkerThreadFactory
instanceKlass java/util/concurrent/ForkJoinPool$1
instanceKlass jdk/internal/access/JavaUtilConcurrentFJPAccess
instanceKlass java/util/concurrent/ForkJoinPool$WorkQueue
instanceKlass java/util/concurrent/CountDownLatch
instanceKlass java/util/concurrent/ForkJoinPool$ForkJoinWorkerThreadFactory
instanceKlass java/util/concurrent/ScheduledExecutorService
instanceKlass java/util/concurrent/ForkJoinTask$Aux
instanceKlass java/util/concurrent/ForkJoinTask
instanceKlass java/util/concurrent/Future
instanceKlass com/fasterxml/jackson/core/util/JacksonFeatureSet
instanceKlass com/fasterxml/jackson/core/JsonStreamContext
instanceKlass com/fasterxml/jackson/core/json/ByteSourceJsonBootstrapper
instanceKlass com/fasterxml/jackson/core/util/TextBuffer
instanceKlass com/fasterxml/jackson/core/io/IOContext
instanceKlass com/fasterxml/jackson/core/util/BufferRecycler
instanceKlass com/fasterxml/jackson/core/util/BufferRecyclers
instanceKlass com/fasterxml/jackson/core/io/ContentReference
instanceKlass oracle/dbtools/core/io/InputOutputStreams
instanceKlass sun/reflect/generics/reflectiveObjects/LazyReflectiveObjectGenerator
instanceKlass sun/reflect/generics/reflectiveObjects/ParameterizedTypeImpl
instanceKlass java/lang/reflect/ParameterizedType
instanceKlass sun/reflect/generics/visitor/Reifier
instanceKlass sun/reflect/generics/visitor/TypeTreeVisitor
instanceKlass sun/reflect/generics/tree/ClassSignature
instanceKlass sun/reflect/generics/tree/Signature
instanceKlass sun/reflect/generics/tree/ClassTypeSignature
instanceKlass sun/reflect/generics/tree/SimpleClassTypeSignature
instanceKlass sun/reflect/generics/tree/FieldTypeSignature
instanceKlass sun/reflect/generics/tree/BaseType
instanceKlass sun/reflect/generics/tree/TypeSignature
instanceKlass sun/reflect/generics/tree/ReturnType
instanceKlass sun/reflect/generics/tree/TypeArgument
instanceKlass sun/reflect/generics/tree/FormalTypeParameter
instanceKlass sun/reflect/generics/tree/TypeTree
instanceKlass sun/reflect/generics/tree/Tree
instanceKlass sun/reflect/generics/parser/SignatureParser
instanceKlass sun/reflect/generics/repository/AbstractRepository
instanceKlass sun/reflect/generics/factory/CoreReflectionFactory
instanceKlass sun/reflect/generics/factory/GenericsFactory
instanceKlass sun/reflect/generics/scope/AbstractScope
instanceKlass sun/reflect/generics/scope/Scope
instanceKlass io/modelcontextprotocol/json/TypeRef
instanceKlass oracle/dbtools/extension/mcp/schemas/Schemas
instanceKlass oracle/dbtools/extension/mcp/utils/McpUtils
instanceKlass oracle/dbtools/extension/mcp/tools/ToolAnnotationSupport
instanceKlass io/modelcontextprotocol/spec/McpSchema$Tool$Builder
instanceKlass oracle/dbtools/extension/mcp/utils/ConnectionFilter
instanceKlass oracle/dbtools/extension/mcp/tools/ListConnectionsTool
instanceKlass oracle/dbtools/extension/mcp/tools/McpTool
instanceKlass oracle/dbtools/extension/mcp/utils/FallbackConsoleReader
instanceKlass oracle/dbtools/raptor/newscriptrunner/console/IConsoleClearScreen
instanceKlass  @bci oracle/dbtools/extension/mcp/feature/SqlclMcpFeatures configure (Loracle/dbtools/mcp/api/Mcp$Definition;)V 8 <appendix> argL0 ; # oracle/dbtools/extension/mcp/feature/SqlclMcpFeatures$$Lambda+0x000000003f1eaac0
instanceKlass oracle/dbtools/extension/mcp/feature/SqlclMcpFeatures
instanceKlass  @bci oracle/dbtools/mcp/api/Mcp$Container$Builder loadFeatures ()Loracle/dbtools/mcp/api/Mcp$Container$Builder; 6 <appendix> member <vmtarget> ; # oracle/dbtools/mcp/api/Mcp$Container$Builder$$Lambda+0x000000003f1ea640
instanceKlass io/modelcontextprotocol/spec/McpSchema$ServerCapabilities$Builder
instanceKlass oracle/dbtools/mcp/container/McpServerInfo
instanceKlass  @bci oracle/dbtools/mcp/container/McpStdioContainer <init> (Loracle/dbtools/mcp/container/McpStdioContainer$Builder;)V 127 <appendix> member <vmtarget> ; # oracle/dbtools/mcp/container/McpStdioContainer$$Lambda+0x000000003f1ef2f8
instanceKlass oracle/dbtools/mcp/api/Mcp$Feature
instanceKlass io/modelcontextprotocol/util/ToolNameValidator
instanceKlass io/modelcontextprotocol/util/McpUriTemplateManager
instanceKlass io/modelcontextprotocol/util/DefaultMcpUriTemplateManagerFactory
instanceKlass io/modelcontextprotocol/util/McpUriTemplateManagerFactory
instanceKlass io/modelcontextprotocol/server/McpServer$SyncSpecification
instanceKlass io/modelcontextprotocol/spec/McpSchema$Identifier
instanceKlass io/modelcontextprotocol/server/McpServer$AsyncSpecification
instanceKlass io/modelcontextprotocol/server/McpServer
instanceKlass  @bci oracle/dbtools/mcp/api/TransportCloseWatcher <init> (Lio/modelcontextprotocol/spec/McpServerTransportProvider;)V 10 <appendix> argL0 ; # oracle/dbtools/mcp/api/TransportCloseWatcher$$Lambda+0x000000003f1ed198
instanceKlass io/modelcontextprotocol/spec/McpServerSession
instanceKlass io/modelcontextprotocol/spec/McpLoggableSession
instanceKlass io/modelcontextprotocol/spec/McpSession
instanceKlass oracle/dbtools/mcp/api/TransportCloseWatcher
instanceKlass oracle/dbtools/mcp/api/Mcp$Container$Builder
instanceKlass oracle/dbtools/mcp/api/Mcp$Definition
instanceKlass oracle/dbtools/mcp/container/McpContainer
instanceKlass oracle/dbtools/mcp/api/Mcp$Container
instanceKlass  @bci oracle/dbtools/mcp/container/McpStdioContainer <init> (Loracle/dbtools/mcp/container/McpStdioContainer$Builder;)V 113 <appendix> member <vmtarget> ; # oracle/dbtools/mcp/container/McpStdioContainer$$Lambda+0x000000003f1e75f0
instanceKlass oracle/dbtools/mcp/api/Mcp$Context
instanceKlass  @bci oracle/dbtools/mcp/container/McpStdioContainer <init> (Loracle/dbtools/mcp/container/McpStdioContainer$Builder;)V 100 <appendix> member <vmtarget> ; # oracle/dbtools/mcp/container/McpStdioContainer$$Lambda+0x000000003f1e71b8
instanceKlass io/modelcontextprotocol/util/Assert
instanceKlass java/util/concurrent/atomic/AtomicIntegerFieldUpdater
instanceKlass reactor/core/publisher/SinksSpecs$AbstractSerializedSink
instanceKlass sun/reflect/misc/ReflectUtil
instanceKlass java/util/concurrent/atomic/AtomicReferenceFieldUpdater
instanceKlass  @bci reactor/core/publisher/Mono <clinit> ()V 0 <appendix> argL0 ; # reactor/core/publisher/Mono$$Lambda+0x000000003f1e5ae8
instanceKlass  @cpi reactor/core/publisher/Flux 2866 form vmentry <vmtarget> ; # java/lang/invoke/LambdaForm$DMH+0x000000003f1e8000
instanceKlass reactor/core/publisher/SinkEmptyMulticast$Inner
instanceKlass reactor/core/publisher/InnerProducer
instanceKlass reactor/util/context/ContextView
instanceKlass java/util/concurrent/CompletionStage
instanceKlass reactor/core/observability/SignalListenerFactory
instanceKlass reactor/core/publisher/AssemblyOp
instanceKlass reactor/core/publisher/FluxOnAssembly$AssemblySnapshot
instanceKlass org/reactivestreams/Subscription
instanceKlass org/reactivestreams/Processor
instanceKlass reactor/core/Disposable
instanceKlass reactor/core/CoreSubscriber
instanceKlass reactor/core/Fuseable$ScalarCallable
instanceKlass org/reactivestreams/Subscriber
instanceKlass java/util/concurrent/Callable
instanceKlass reactor/core/publisher/SourceProducer
instanceKlass reactor/core/publisher/Flux
instanceKlass reactor/core/Fuseable
instanceKlass reactor/core/publisher/SignalPeek
instanceKlass reactor/core/publisher/OptimizableOperator
instanceKlass reactor/core/publisher/Mono
instanceKlass reactor/core/CorePublisher
instanceKlass org/reactivestreams/Publisher
instanceKlass reactor/core/publisher/InternalOneSink
instanceKlass reactor/core/publisher/InternalEmptySink
instanceKlass reactor/core/publisher/ContextHolder
instanceKlass reactor/core/publisher/SinksSpecs$DefaultSinksSpecs
instanceKlass reactor/core/publisher/SinksSpecs$UnicastSpecImpl
instanceKlass reactor/core/publisher/Sinks$ManyWithUpstream
instanceKlass reactor/core/publisher/Sinks$One
instanceKlass reactor/core/publisher/Sinks$Empty
instanceKlass reactor/core/publisher/Sinks$Many
instanceKlass reactor/core/Scannable
instanceKlass reactor/core/publisher/Sinks$UnicastSpec
instanceKlass reactor/core/publisher/SinksSpecs$UnsafeSpecImpl
instanceKlass reactor/core/publisher/Sinks$MulticastReplaySpec
instanceKlass reactor/core/publisher/Sinks$MulticastSpec
instanceKlass reactor/core/publisher/Sinks$ManyWithUpstreamUnsafeSpec
instanceKlass reactor/core/publisher/Sinks$ManySpec
instanceKlass reactor/core/publisher/Sinks$RootSpec
instanceKlass reactor/core/publisher/SinksSpecs
instanceKlass reactor/core/publisher/Sinks
instanceKlass com/fasterxml/jackson/databind/ser/BeanSerializerModifier
instanceKlass com/fasterxml/jackson/databind/ser/Serializers
instanceKlass com/fasterxml/jackson/databind/cfg/SerializerFactoryConfig
instanceKlass java/util/UUID
instanceKlass java/util/Currency
instanceKlass com/fasterxml/jackson/databind/ser/std/StdJdkSerializers
instanceKlass com/fasterxml/jackson/databind/ser/std/NumberSerializers
instanceKlass com/fasterxml/jackson/databind/deser/DeserializerCache
instanceKlass com/fasterxml/jackson/databind/KeyDeserializer
instanceKlass com/fasterxml/jackson/databind/deser/std/StdKeyDeserializers
instanceKlass com/fasterxml/jackson/databind/deser/KeyDeserializers
instanceKlass com/fasterxml/jackson/databind/deser/ValueInstantiators
instanceKlass com/fasterxml/jackson/databind/AbstractTypeResolver
instanceKlass com/fasterxml/jackson/databind/deser/BeanDeserializerModifier
instanceKlass com/fasterxml/jackson/databind/cfg/DeserializerFactoryConfig
instanceKlass com/fasterxml/jackson/databind/deser/Deserializers
instanceKlass com/fasterxml/jackson/annotation/ObjectIdGenerator
instanceKlass com/fasterxml/jackson/databind/deser/ResolvableDeserializer
instanceKlass com/fasterxml/jackson/databind/deser/ValueInstantiator$Gettable
instanceKlass com/fasterxml/jackson/databind/deser/ContextualDeserializer
instanceKlass com/fasterxml/jackson/databind/JsonDeserializer
instanceKlass com/fasterxml/jackson/databind/deser/NullValueProvider
instanceKlass com/fasterxml/jackson/databind/ser/SerializerCache
instanceKlass com/fasterxml/jackson/databind/ser/ResolvableSerializer
instanceKlass com/fasterxml/jackson/databind/ser/ContextualSerializer
instanceKlass com/fasterxml/jackson/databind/jsonschema/SchemaAware
instanceKlass com/fasterxml/jackson/databind/JsonSerializer
instanceKlass com/fasterxml/jackson/databind/jsonFormatVisitors/JsonFormatVisitable
instanceKlass com/fasterxml/jackson/databind/node/JsonNodeFactory
instanceKlass com/fasterxml/jackson/databind/node/JsonNodeCreator
instanceKlass com/fasterxml/jackson/databind/cfg/ContextAttributes
instanceKlass com/fasterxml/jackson/databind/cfg/DatatypeFeature
instanceKlass com/fasterxml/jackson/databind/cfg/DatatypeFeatures$DefaultHolder
instanceKlass com/fasterxml/jackson/databind/cfg/DatatypeFeatures
instanceKlass com/fasterxml/jackson/core/util/DefaultPrettyPrinter$NopIndenter
instanceKlass com/fasterxml/jackson/core/util/Separators
instanceKlass com/fasterxml/jackson/core/util/DefaultPrettyPrinter$Indenter
instanceKlass com/fasterxml/jackson/core/util/DefaultPrettyPrinter
instanceKlass com/fasterxml/jackson/core/util/Instantiatable
instanceKlass com/fasterxml/jackson/databind/cfg/ConfigFeature
instanceKlass com/fasterxml/jackson/databind/cfg/ConfigOverride
instanceKlass com/fasterxml/jackson/annotation/JsonFormat$Features
instanceKlass com/fasterxml/jackson/annotation/JsonFormat$Value
instanceKlass com/fasterxml/jackson/core/PrettyPrinter
instanceKlass com/fasterxml/jackson/databind/cfg/CoercionConfig
instanceKlass com/fasterxml/jackson/databind/cfg/CoercionConfigs
instanceKlass com/fasterxml/jackson/databind/introspect/VisibilityChecker$Std
instanceKlass com/fasterxml/jackson/annotation/JsonSetter$Value
instanceKlass com/fasterxml/jackson/annotation/JsonInclude$Value
instanceKlass com/fasterxml/jackson/annotation/JacksonAnnotationValue
instanceKlass com/fasterxml/jackson/databind/cfg/ConfigOverrides
instanceKlass com/fasterxml/jackson/databind/introspect/AnnotatedClass$Creators
instanceKlass com/fasterxml/jackson/databind/introspect/AnnotationCollector$NoAnnotations
instanceKlass com/fasterxml/jackson/databind/util/Annotations
instanceKlass com/fasterxml/jackson/databind/introspect/AnnotationCollector
instanceKlass com/fasterxml/jackson/databind/introspect/AnnotatedClassResolver
instanceKlass com/fasterxml/jackson/databind/BeanDescription
instanceKlass com/fasterxml/jackson/databind/cfg/MapperConfig
instanceKlass com/fasterxml/jackson/databind/introspect/SimpleMixInResolver
instanceKlass com/fasterxml/jackson/databind/introspect/ClassIntrospector$MixInResolver
instanceKlass com/fasterxml/jackson/databind/util/RootNameLookup
instanceKlass com/fasterxml/jackson/core/sym/CharsToNameCanonicalizer$Bucket
instanceKlass com/fasterxml/jackson/core/sym/CharsToNameCanonicalizer$TableInfo
instanceKlass com/fasterxml/jackson/core/sym/CharsToNameCanonicalizer
instanceKlass com/fasterxml/jackson/core/ErrorReportConfiguration
instanceKlass com/fasterxml/jackson/core/StreamWriteConstraints
instanceKlass com/fasterxml/jackson/core/StreamReadConstraints
instanceKlass com/fasterxml/jackson/core/util/RecyclerPool$WithPool
instanceKlass com/fasterxml/jackson/core/util/RecyclerPool$ThreadLocalPoolBase
instanceKlass com/fasterxml/jackson/core/util/RecyclerPool
instanceKlass com/fasterxml/jackson/core/util/JsonRecyclerPools
instanceKlass com/fasterxml/jackson/core/sym/ByteQuadsCanonicalizer$TableInfo
instanceKlass com/fasterxml/jackson/core/sym/ByteQuadsCanonicalizer
instanceKlass com/fasterxml/jackson/core/io/CharTypes
instanceKlass com/fasterxml/jackson/core/io/JsonStringEncoder
instanceKlass com/fasterxml/jackson/core/io/SerializedString
instanceKlass com/fasterxml/jackson/core/util/JacksonFeature
instanceKlass com/fasterxml/jackson/core/async/ByteBufferFeeder
instanceKlass com/fasterxml/jackson/core/async/ByteArrayFeeder
instanceKlass com/fasterxml/jackson/core/async/NonBlockingInputFeeder
instanceKlass com/fasterxml/jackson/core/TSFBuilder
instanceKlass com/fasterxml/jackson/core/SerializableString
instanceKlass com/fasterxml/jackson/databind/cfg/DefaultCacheProvider
instanceKlass com/fasterxml/jackson/databind/cfg/CacheProvider
instanceKlass com/fasterxml/jackson/databind/introspect/AccessorNamingStrategy
instanceKlass com/fasterxml/jackson/core/Base64Variant
instanceKlass com/fasterxml/jackson/core/Base64Variants
instanceKlass java/text/DigitList
instanceKlass java/text/FieldPosition
instanceKlass java/text/DecimalFormatSymbols
instanceKlass java/text/DateFormatSymbols
instanceKlass java/util/stream/AbstractSpinedBuffer
instanceKlass  @bci sun/util/locale/provider/LocaleProviderAdapter toLocaleArray (Ljava/util/Set;)[Ljava/util/Locale; 21 <appendix> argL0 ; # sun/util/locale/provider/LocaleProviderAdapter$$Lambda+0x80000005d
instanceKlass  @bci sun/util/locale/provider/LocaleProviderAdapter toLocaleArray (Ljava/util/Set;)[Ljava/util/Locale; 6 <appendix> argL0 ; # sun/util/locale/provider/LocaleProviderAdapter$$Lambda+0x80000005b
instanceKlass sun/util/locale/provider/CalendarDataUtility$CalendarWeekParameterGetter
instanceKlass java/util/Locale$Builder
instanceKlass sun/util/locale/provider/CalendarDataUtility
instanceKlass java/util/Calendar$Builder
instanceKlass sun/util/locale/provider/AvailableLanguageTags
instanceKlass java/text/AttributedCharacterIterator$Attribute
instanceKlass java/util/Calendar
instanceKlass com/fasterxml/jackson/databind/type/TypeBindings
instanceKlass com/fasterxml/jackson/databind/type/TypeParser
instanceKlass com/fasterxml/jackson/databind/type/TypeFactory
instanceKlass com/fasterxml/jackson/databind/cfg/BaseSettings
instanceKlass java/util/concurrent/atomic/AtomicLongArray
instanceKlass java/util/concurrent/ConcurrentLinkedQueue$Node
instanceKlass com/fasterxml/jackson/databind/util/internal/Linked
instanceKlass com/fasterxml/jackson/databind/util/internal/PrivateMaxEntriesMap$Builder
instanceKlass com/fasterxml/jackson/databind/util/LRUMap
instanceKlass com/fasterxml/jackson/databind/util/LookupCache
instanceKlass java/beans/ConstructorProperties
instanceKlass java/beans/Transient
instanceKlass java/lang/reflect/AnnotatedType
instanceKlass java/lang/reflect/TypeVariable
instanceKlass com/fasterxml/jackson/databind/util/ClassUtil$Ctor
instanceKlass com/fasterxml/jackson/databind/util/ClassUtil
instanceKlass com/fasterxml/jackson/databind/ext/Java7Support
instanceKlass com/fasterxml/jackson/annotation/JsonMerge
instanceKlass com/fasterxml/jackson/annotation/JsonDeserializeAs
instanceKlass com/fasterxml/jackson/databind/annotation/JsonDeserialize
instanceKlass com/fasterxml/jackson/annotation/JsonManagedReference
instanceKlass com/fasterxml/jackson/annotation/JsonBackReference
instanceKlass com/fasterxml/jackson/annotation/JsonUnwrapped
instanceKlass com/fasterxml/jackson/annotation/JsonRawValue
instanceKlass com/fasterxml/jackson/annotation/JsonTypeInfo
instanceKlass com/fasterxml/jackson/annotation/JsonFormat
instanceKlass com/fasterxml/jackson/annotation/JsonView
instanceKlass com/fasterxml/jackson/annotation/JsonSerializeAs
instanceKlass com/fasterxml/jackson/databind/annotation/JsonSerialize
instanceKlass com/fasterxml/jackson/databind/introspect/ConcreteBeanPropertyBase
instanceKlass com/fasterxml/jackson/databind/BeanProperty
instanceKlass com/fasterxml/jackson/databind/introspect/BeanPropertyDefinition
instanceKlass com/fasterxml/jackson/databind/util/Named
instanceKlass com/fasterxml/jackson/databind/introspect/TypeResolutionContext
instanceKlass com/fasterxml/jackson/databind/introspect/Annotated
instanceKlass com/fasterxml/jackson/databind/introspect/VisibilityChecker
instanceKlass com/fasterxml/jackson/databind/Module$SetupContext
instanceKlass com/fasterxml/jackson/databind/introspect/ClassIntrospector
instanceKlass com/fasterxml/jackson/core/JsonParser
instanceKlass com/fasterxml/jackson/core/type/ResolvedType
instanceKlass com/fasterxml/jackson/core/JsonGenerator
instanceKlass com/fasterxml/jackson/databind/JsonSerializable$Base
instanceKlass com/fasterxml/jackson/databind/JsonSerializable
instanceKlass com/fasterxml/jackson/core/TreeNode
instanceKlass com/fasterxml/jackson/core/util/BufferRecycler$Gettable
instanceKlass com/fasterxml/jackson/databind/jsontype/TypeResolverBuilder
instanceKlass com/fasterxml/jackson/databind/jsontype/PolymorphicTypeValidator
instanceKlass com/fasterxml/jackson/databind/introspect/AccessorNamingStrategy$Provider
instanceKlass com/fasterxml/jackson/databind/AnnotationIntrospector
instanceKlass com/fasterxml/jackson/databind/ser/SerializerFactory
instanceKlass com/fasterxml/jackson/databind/deser/DeserializerFactory
instanceKlass com/fasterxml/jackson/databind/DatabindContext
instanceKlass com/fasterxml/jackson/databind/jsontype/SubtypeResolver
instanceKlass com/fasterxml/jackson/core/TokenStreamFactory
instanceKlass com/fasterxml/jackson/core/TreeCodec
instanceKlass com/fasterxml/jackson/core/Versioned
instanceKlass io/modelcontextprotocol/json/jackson2/JacksonMcpJsonMapper
instanceKlass io/modelcontextprotocol/json/jackson2/JacksonMcpJsonMapperSupplier
instanceKlass io/modelcontextprotocol/json/schema/JsonSchemaValidatorSupplier
instanceKlass io/modelcontextprotocol/json/McpJsonMapperSupplier
instanceKlass io/modelcontextprotocol/util/McpServiceLoader
instanceKlass  @bci oracle/dbtools/mcp/container/McpStdioContainer <init> (Loracle/dbtools/mcp/container/McpStdioContainer$Builder;)V 76 <appendix> argL0 ; # oracle/dbtools/mcp/container/McpStdioContainer$$Lambda+0x000000003f1724d0
instanceKlass io/modelcontextprotocol/json/McpJsonDefaults
instanceKlass io/modelcontextprotocol/json/McpJsonMapper
instanceKlass org/slf4j/spi/LoggingEventBuilder
instanceKlass org/slf4j/helpers/AbstractLogger
instanceKlass org/slf4j/helpers/Reporter
instanceKlass org/slf4j/MDC
instanceKlass com/oracle/dbtools/utils/jetty/slf4j/Slf4JLogPublisherBridgeProvider$Factory
instanceKlass com/oracle/dbtools/utils/jetty/slf4j/Slf4JLogPublisherBridgeProvider
instanceKlass org/slf4j/helpers/Util
instanceKlass org/slf4j/helpers/NOPMDCAdapter
instanceKlass org/slf4j/helpers/NOPLoggerFactory
instanceKlass org/slf4j/helpers/NOP_FallbackServiceProvider
instanceKlass org/slf4j/helpers/ThreadLocalMapOfStacks
instanceKlass org/slf4j/helpers/BasicMDCAdapter
instanceKlass org/slf4j/Marker
instanceKlass org/slf4j/helpers/BasicMarkerFactory
instanceKlass java/util/concurrent/LinkedBlockingQueue$Node
instanceKlass org/slf4j/Logger
instanceKlass org/slf4j/helpers/SubstituteLoggerFactory
instanceKlass org/slf4j/ILoggerFactory
instanceKlass org/slf4j/spi/MDCAdapter
instanceKlass org/slf4j/IMarkerFactory
instanceKlass org/slf4j/helpers/SubstituteServiceProvider
instanceKlass org/slf4j/event/LoggingEvent
instanceKlass org/slf4j/spi/SLF4JServiceProvider
instanceKlass org/slf4j/LoggerFactory
instanceKlass io/modelcontextprotocol/spec/McpServerTransport
instanceKlass io/modelcontextprotocol/spec/McpTransport
instanceKlass io/modelcontextprotocol/server/transport/StdioServerTransportProvider
instanceKlass oracle/dbtools/extension/pushdpopddirs/PushPopDirsExtension
instanceKlass oracle/dbtools/extension/model/ModelExtension
instanceKlass oracle/dbtools/skills/registry/SupportedAgent
instanceKlass oracle/dbtools/skills/registry/SkillsRegistryPaths
instanceKlass jakarta/json/JsonStructure
instanceKlass jakarta/json/JsonValue
instanceKlass oracle/dbtools/skills/registry/SkillsRegistryStore
instanceKlass oracle/dbtools/skills/registry/SkillsRegistryEngine
instanceKlass oracle/dbtools/extension/skills/SkillsExtension
instanceKlass oracle/dbtools/raptor/newscriptrunner/commands/schemainfo/SchemaInfoService
instanceKlass oracle/dbtools/raptor/newscriptrunner/commands/schemainfo/SchemaInfoExtension
instanceKlass oracle/dbtools/core/feature/flags/FeatureFlagsFile
instanceKlass oracle/jdbc/driver/json/BufferPoolImpl
instanceKlass oracle/jdbc/driver/json/binary/OsonGeneratorImpl$OsonGeneratorStatePool
instanceKlass oracle/sql/json/OracleJsonVector
instanceKlass oracle/sql/json/OracleJsonIntervalDS
instanceKlass oracle/sql/json/OracleJsonIntervalYM
instanceKlass oracle/sql/json/OracleJsonTimestampTZ
instanceKlass oracle/sql/json/OracleJsonTimestamp
instanceKlass oracle/sql/json/OracleJsonBinary
instanceKlass oracle/sql/json/OracleJsonFloat
instanceKlass oracle/sql/json/OracleJsonDouble
instanceKlass oracle/sql/json/OracleJsonDecimal
instanceKlass oracle/sql/json/OracleJsonNumber
instanceKlass oracle/sql/json/OracleJsonArray
instanceKlass oracle/sql/json/OracleJsonObject
instanceKlass oracle/sql/json/OracleJsonStructure
instanceKlass oracle/sql/json/OracleJsonParser
instanceKlass oracle/sql/json/OracleJsonGenerator
instanceKlass oracle/sql/json/OracleJsonDate
instanceKlass oracle/sql/json/OracleJsonString
instanceKlass oracle/sql/json/OracleJsonValue
instanceKlass oracle/sql/json/OracleJsonFactory
instanceKlass oracle/dbtools/core/feature/flags/FeatureFlags
instanceKlass oracle/dbtools/core/collections/HasSize
instanceKlass oracle/dbtools/core/collections/MaybeEmpty
instanceKlass oracle/dbtools/core/io/file/HomeFolder$Builder
instanceKlass  @bci oracle/dbtools/core/system/SystemLocale locale ()Ljava/util/Locale; 150 <appendix> argL0 ; # oracle/dbtools/core/system/SystemLocale$$Lambda+0x000000003f163758
instanceKlass oracle/dbtools/core/system/SystemLocale
instanceKlass oracle/dbtools/core/system/SystemContext$Base
instanceKlass  @bci oracle/dbtools/core/system/SystemContext$Builder environment (Ljava/util/Map;)Loracle/dbtools/core/system/SystemContext$Builder; 6 <appendix> member <vmtarget> ; # oracle/dbtools/core/system/SystemContext$Builder$$Lambda+0x000000003f163040
instanceKlass oracle/dbtools/core/system/SystemContext$Builder
instanceKlass oracle/dbtools/core/system/SystemContext
instanceKlass oracle/dbtools/core/io/file/HomeFolder
instanceKlass oracle/dbtools/core/feature/flags/SystemFeatureFlags
instanceKlass oracle/dbtools/extension/langdata/commands/handler/LangDataExtension$LangDataFeatureFlag
instanceKlass oracle/dbtools/core/feature/flags/FeatureFlag
instanceKlass oracle/dbtools/core/text/CharSequenceTrait
instanceKlass oracle/dbtools/extension/langdata/commands/handler/LangDataExtension
instanceKlass oracle/dbtools/raptor/utils/IToolRunMode
instanceKlass oracle/dbtools/data/readservice/ReadParmsAPI
instanceKlass oracle/dbtools/cmdline/DataMoveExtension
instanceKlass oracle/dbtools/extension/project/commands/handler/ProjectExtension
instanceKlass oracle/dbtools/extension/mdb/MDBExtension
instanceKlass oracle/dbtools/extension/mle/MLEExtension
instanceKlass java/sql/Clob
instanceKlass java/sql/Blob
instanceKlass oracle/dbtools/raptor/newscriptrunner/util/parser/ParsedCommand
instanceKlass  @bci oracle/dbtools/extension/rcv/commands/RCVCommandBase <clinit> ()V 51 <appendix> argL0 ; # oracle/dbtools/extension/rcv/commands/RCVCommandBase$$Lambda+0x000000003f15ce58
instanceKlass  @cpi oracle/dbtools/extension/rcv/commands/RCVCommandBase 883 form vmentry <vmtarget> ; # java/lang/invoke/LambdaForm$DMH+0x000000003f160000
instanceKlass oracle/dbtools/extension/rcv/models/GlobalMetadata
instanceKlass oracle/dbtools/extension/rcv/models/database/ProtectedDatabaseCache
instanceKlass oracle/dbtools/extension/rcv/models/database/Database
instanceKlass oracle/dbtools/extension/rcv/workflows/WorkflowLogger
instanceKlass oracle/dbtools/extension/rest/RestExportCall
instanceKlass oracle/dbtools/raptor/newscriptrunner/commands/settings/SetCommandLifecycleDispatcher
instanceKlass oracle/dbtools/raptor/newscriptrunner/commands/settings/SetCommandExecutor
instanceKlass oracle/dbtools/raptor/newscriptrunner/commands/settings/SetCommandResolver
instanceKlass  @bci oracle/dbtools/raptor/newscriptrunner/util/parser/ContainerObjectsBuilder validate (Loracle/dbtools/raptor/newscriptrunner/util/parser/Type;)V 408 <appendix> member <vmtarget> ; # oracle/dbtools/raptor/newscriptrunner/util/parser/ContainerObjectsBuilder$$Lambda+0x000000003f158918
instanceKlass oracle/dbtools/raptor/newscriptrunner/util/parser/NamedExpressionVisitor
instanceKlass oracle/dbtools/raptor/newscriptrunner/util/parser/GrammarBuilder$GrammarImpl
instanceKlass oracle/dbtools/raptor/newscriptrunner/util/parser/RootBuilder$Root
instanceKlass oracle/dbtools/raptor/newscriptrunner/util/parser/LiteralBuilder$Literal
instanceKlass oracle/dbtools/raptor/newscriptrunner/util/parser/NamedExpression
instanceKlass oracle/dbtools/raptor/newscriptrunner/util/parser/SeqBuilder$Seq
instanceKlass oracle/dbtools/raptor/newscriptrunner/util/parser/RuleBuilder$RuleImpl
instanceKlass oracle/dbtools/raptor/newscriptrunner/util/parser/GrammarBuilder$1
instanceKlass oracle/dbtools/raptor/newscriptrunner/util/parser/Expression
instanceKlass  @bci oracle/dbtools/raptor/newscriptrunner/util/parser/TypeBuilder setLiteralGrammar (Loracle/dbtools/raptor/newscriptrunner/util/parser/Id;)Loracle/dbtools/raptor/newscriptrunner/util/parser/TypeBuilder; 19 <appendix> member <vmtarget> ; # oracle/dbtools/raptor/newscriptrunner/util/parser/TypeBuilder$$Lambda+0x000000003f156a38
instanceKlass oracle/dbtools/raptor/newscriptrunner/util/parser/Rule
instanceKlass oracle/dbtools/raptor/newscriptrunner/util/parser/RuleBuilder
instanceKlass oracle/dbtools/raptor/newscriptrunner/util/parser/Grammar
instanceKlass oracle/dbtools/raptor/newscriptrunner/util/parser/GrammarBuildContext
instanceKlass oracle/dbtools/raptor/newscriptrunner/util/parser/GrammarBuilder
instanceKlass oracle/dbtools/raptor/newscriptrunner/commands/settings/SettingOptions
instanceKlass oracle/dbtools/raptor/newscriptrunner/commands/settings/SetCommandParserSupport
instanceKlass oracle/dbtools/raptor/newscriptrunner/parameterparser/interfaces/ICommandSyntax
instanceKlass oracle/dbtools/raptor/utils/ListPrinter
instanceKlass oracle/dbtools/raptor/newscriptrunner/commands/IOnConnection
instanceKlass oracle/arbori/scripting/Scripting
instanceKlass oracle/dbtools/raptor/newscriptrunner/commands/show/ShowScripts
instanceKlass oracle/dbtools/raptor/newscriptrunner/commands/show/ShowTopLevel
instanceKlass oracle/dbtools/raptor/newscriptrunner/commands/show/ShowPNo
instanceKlass oracle/dbtools/raptor/newscriptrunner/commands/show/ShowLNo
instanceKlass oracle/dbtools/raptor/newscriptrunner/commands/show/ShowXquery
instanceKlass oracle/dbtools/raptor/newscriptrunner/commands/show/ShowUsercmd
instanceKlass oracle/dbtools/raptor/newscriptrunner/commands/show/ShowURLs
instanceKlass oracle/dbtools/raptor/newscriptrunner/commands/show/ShowTtitle
instanceKlass oracle/dbtools/raptor/newscriptrunner/commands/show/ShowSystemOut
instanceKlass oracle/dbtools/raptor/newscriptrunner/commands/show/ShowSqldev2
instanceKlass oracle/dbtools/raptor/newscriptrunner/commands/show/ShowSqldev
instanceKlass oracle/dbtools/raptor/newscriptrunner/commands/show/ShowSqlcode
instanceKlass oracle/dbtools/raptor/newscriptrunner/commands/show/ShowSpparameter
instanceKlass oracle/dbtools/raptor/newscriptrunner/commands/show/ShowSpool
instanceKlass oracle/dbtools/raptor/newscriptrunner/commands/show/ShowSpace
instanceKlass oracle/dbtools/raptor/newscriptrunner/commands/show/ShowSga
instanceKlass oracle/dbtools/raptor/newscriptrunner/commands/show/ShowServeroutput
instanceKlass oracle/dbtools/raptor/newscriptrunner/commands/show/ShowScan
instanceKlass oracle/dbtools/raptor/newscriptrunner/commands/show/ShowRelease
instanceKlass oracle/dbtools/raptor/newscriptrunner/commands/show/ShowRecyclebin
instanceKlass oracle/dbtools/raptor/newscriptrunner/commands/show/IParsedShow
instanceKlass oracle/dbtools/raptor/newscriptrunner/commands/show/ShowPrelim
instanceKlass oracle/dbtools/raptor/newscriptrunner/commands/show/ShowPause
instanceKlass oracle/dbtools/raptor/newscriptrunner/commands/show/ShowParameter
instanceKlass oracle/dbtools/raptor/newscriptrunner/commands/show/IEndOfShowCommand
instanceKlass oracle/dbtools/raptor/newscriptrunner/commands/show/ShowObsolete
instanceKlass oracle/dbtools/raptor/newscriptrunner/commands/show/ShowNls
instanceKlass oracle/dbtools/raptor/newscriptrunner/commands/show/ShowJdbc
instanceKlass oracle/dbtools/raptor/newscriptrunner/commands/show/ShowInternalErrors
instanceKlass oracle/dbtools/raptor/newscriptrunner/commands/show/ShowHeading
instanceKlass oracle/dbtools/raptor/newscriptrunner/commands/show/ShowErrorLogging
instanceKlass oracle/dbtools/raptor/newscriptrunner/commands/show/ShowEncodings
instanceKlass oracle/dbtools/raptor/newscriptrunner/commands/show/ShowEdition
instanceKlass oracle/dbtools/raptor/newscriptrunner/commands/show/ShowDefines
instanceKlass oracle/dbtools/raptor/newscriptrunner/commands/show/ShowCommandLine
instanceKlass oracle/dbtools/raptor/newscriptrunner/commands/show/ShowConname
instanceKlass oracle/dbtools/raptor/newscriptrunner/commands/show/ShowConnection
instanceKlass oracle/dbtools/raptor/newscriptrunner/commands/show/ShowBuffer
instanceKlass oracle/dbtools/raptor/newscriptrunner/commands/show/ShowBtitle
instanceKlass oracle/dbtools/raptor/newscriptrunner/commands/show/ShowLocale
instanceKlass oracle/dbtools/raptor/newscriptrunner/commands/show/ShowJava
instanceKlass oracle/dbtools/raptor/newscriptrunner/ISQLCommand
instanceKlass oracle/dbtools/raptor/newscriptrunner/commands/show/ShowBinds
instanceKlass oracle/dbtools/raptor/newscriptrunner/commands/show/IShowNoRows
instanceKlass oracle/dbtools/raptor/newscriptrunner/commands/show/ShowAutorecovery
instanceKlass oracle/dbtools/raptor/newscriptrunner/commands/show/unsupported/ShowUnsupported
instanceKlass oracle/dbtools/raptor/newscriptrunner/commands/show/IShowPrefixNameNewline
instanceKlass oracle/dbtools/raptor/newscriptrunner/commands/show/ShowRegistry
instanceKlass oracle/dbtools/raptor/newscriptrunner/util/parser/Parameter
instanceKlass oracle/dbtools/raptor/newscriptrunner/commands/IShowMode
instanceKlass oracle/dbtools/raptor/newscriptrunner/commands/show/ShowDescribe
instanceKlass oracle/dbtools/raptor/newscriptrunner/commands/show/ShowWrap
instanceKlass oracle/dbtools/raptor/newscriptrunner/commands/show/ShowVerify
instanceKlass oracle/dbtools/raptor/newscriptrunner/commands/show/ShowTrimspool
instanceKlass oracle/dbtools/raptor/newscriptrunner/commands/show/ShowTimingout
instanceKlass oracle/dbtools/raptor/newscriptrunner/commands/show/ShowTermout
instanceKlass oracle/dbtools/raptor/newscriptrunner/commands/show/ShowSuffix
instanceKlass oracle/dbtools/raptor/newscriptrunner/commands/show/ShowSqlprompt
instanceKlass oracle/dbtools/raptor/newscriptrunner/commands/show/ShowSQLBlankLines
instanceKlass oracle/dbtools/raptor/newscriptrunner/commands/show/IShowAllNeither
instanceKlass oracle/dbtools/raptor/newscriptrunner/commands/show/ShowNumwidth
instanceKlass oracle/dbtools/raptor/newscriptrunner/commands/show/ShowNumformat
instanceKlass oracle/dbtools/raptor/newscriptrunner/commands/show/ShowConcat
instanceKlass oracle/dbtools/raptor/newscriptrunner/commands/show/ShowNull
instanceKlass oracle/dbtools/raptor/newscriptrunner/commands/show/ShowNewPage
instanceKlass oracle/dbtools/raptor/newscriptrunner/commands/show/unsupported/ShowLongChunkSize
instanceKlass oracle/dbtools/raptor/newscriptrunner/commands/show/ShowLong
instanceKlass oracle/dbtools/raptor/newscriptrunner/commands/show/ShowLoadFormat
instanceKlass oracle/dbtools/raptor/newscriptrunner/commands/show/ShowLoad
instanceKlass oracle/dbtools/raptor/newscriptrunner/commands/show/ShowHeadsep
instanceKlass oracle/dbtools/raptor/newscriptrunner/commands/show/ShowDefine
instanceKlass oracle/dbtools/raptor/newscriptrunner/commands/show/ShowEscape
instanceKlass oracle/dbtools/raptor/newscriptrunner/commands/show/ShowEcho
instanceKlass oracle/dbtools/raptor/newscriptrunner/commands/show/ShowCopyc
instanceKlass oracle/dbtools/raptor/newscriptrunner/commands/show/ShowColsep
instanceKlass oracle/dbtools/raptor/newscriptrunner/commands/show/ShowBlockTerminator
instanceKlass oracle/dbtools/raptor/newscriptrunner/commands/show/ShowAutotrace
instanceKlass oracle/dbtools/raptor/newscriptrunner/commands/show/ShowAutoprint
instanceKlass oracle/dbtools/raptor/newscriptrunner/commands/show/ShowAutocommit
instanceKlass oracle/dbtools/raptor/newscriptrunner/commands/show/ShowAppicmd
instanceKlass oracle/dbtools/raptor/newscriptrunner/commands/StoreRegistry
instanceKlass oracle/dbtools/raptor/newscriptrunner/commands/show/IShowCommand
instanceKlass oracle/dbtools/raptor/newscriptrunner/commands/IStoreCommand
instanceKlass oracle/dbtools/raptor/newscriptrunner/CommandRegistry
instanceKlass oracle/dbtools/raptor/newscriptrunner/CommandListener
instanceKlass oracle/dbtools/raptor/newscriptrunner/commands/Connected
instanceKlass oracle/dbtools/raptor/newscriptrunner/IHelp
instanceKlass oracle/dbtools/sdks/SdkExtension
instanceKlass oracle/dbtools/util/ServiceLoaderUtils$SafeIterator
instanceKlass oracle/dbtools/util/ServiceLoaderUtils
instanceKlass oracle/dbtools/extension/MultiCommandSQLCLService
instanceKlass oracle/dbtools/extension/SQLCLService
instanceKlass oracle/dbtools/extension/SQLCLServices
instanceKlass sun/util/resources/Bundles$CacheKeyReference
instanceKlass  @bci sun/util/cldr/CLDRLocaleProviderAdapter applyAliases (Ljava/util/Locale;)Ljava/util/Locale; 4 <appendix> argL0 ; # sun/util/cldr/CLDRLocaleProviderAdapter$$Lambda+0x80000005a
instanceKlass sun/util/resources/Bundles$CacheKey
instanceKlass sun/util/resources/Bundles
instanceKlass sun/util/resources/LocaleData$LocaleDataStrategy
instanceKlass sun/util/resources/Bundles$Strategy
instanceKlass sun/util/resources/LocaleData
instanceKlass sun/util/locale/provider/LocaleResources
instanceKlass sun/util/resources/provider/NonBaseLocaleDataMetaInfo
instanceKlass sun/util/locale/provider/BaseLocaleDataMetaInfo
instanceKlass sun/util/resources/cldr/provider/CLDRLocaleDataMetaInfo
instanceKlass java/util/Locale$LocaleCache
instanceKlass jdk/internal/util/ReferencedKeyMap$1
instanceKlass sun/util/locale/BaseLocale$1InterningCache
instanceKlass sun/util/cldr/CLDRBaseLocaleDataMetaInfo
instanceKlass sun/util/locale/provider/LocaleDataMetaInfo
instanceKlass sun/util/locale/provider/ResourceBundleBasedAdapter
instanceKlass sun/util/locale/provider/LocaleProviderAdapter
instanceKlass sun/util/locale/provider/TimeZoneNameUtility$TimeZoneNameGetter
instanceKlass sun/util/locale/provider/LocaleServiceProviderPool$LocalizedObjectGetter
instanceKlass sun/util/locale/provider/LocaleServiceProviderPool
instanceKlass java/util/spi/LocaleServiceProvider
instanceKlass sun/util/locale/provider/TimeZoneNameUtility
instanceKlass  @bci oracle/dbtools/raptor/scriptrunner/cmdline/SqlCli main ([Ljava/lang/String;Ljava/util/function/IntConsumer;)V 352 <appendix> argL0 ; # oracle/dbtools/raptor/scriptrunner/cmdline/SqlCli$$Lambda+0x000000003f12d5a0
instanceKlass oracle/dbtools/mcp/container/Services
instanceKlass io/modelcontextprotocol/spec/McpServerTransportProvider
instanceKlass io/modelcontextprotocol/spec/McpServerTransportProviderBase
instanceKlass oracle/dbtools/mcp/container/McpStdioContainer
instanceKlass oracle/dbtools/mcp/api/Mcp$Stdio
instanceKlass oracle/dbtools/mcp/api/Mcp$Stdio$Builder
instanceKlass oracle/dbtools/mcp/api/McpStdioContainers
instanceKlass oracle/dbtools/mcp/api/Mcp
instanceKlass oracle/dbtools/raptor/scriptrunner/cmdline/NLSLANGParser
# instanceKlass java/lang/invoke/LambdaForm$MH+0x000000003f12b400
# instanceKlass java/lang/invoke/LambdaForm$MH+0x000000003f12b000
# instanceKlass java/lang/invoke/LambdaForm$MH+0x000000003f12ac00
# instanceKlass java/lang/invoke/LambdaForm$DMH+0x000000003f12a800
# instanceKlass java/lang/invoke/LambdaForm$MH+0x000000003f12a400
# instanceKlass java/lang/invoke/LambdaForm$MH+0x000000003f12a000
instanceKlass  @bci jdk/internal/reflect/DirectMethodHandleAccessor invokeImpl (Ljava/lang/Object;[Ljava/lang/Object;)Ljava/lang/Object; 92 <adapter> ; # java/lang/invoke/LambdaForm$MH+0x000000003f129c00
# instanceKlass java/lang/invoke/LambdaForm$MH+0x000000003f129800
# instanceKlass java/lang/invoke/LambdaForm$MH+0x000000003f129400
# instanceKlass java/lang/invoke/LambdaForm$DMH+0x000000003f129000
# instanceKlass java/lang/invoke/LambdaForm$MH+0x000000003f128c00
# instanceKlass java/lang/invoke/LambdaForm$MH+0x000000003f128800
# instanceKlass java/lang/invoke/LambdaForm$MH+0x000000003f128400
# instanceKlass java/lang/invoke/LambdaForm$DMH+0x000000003f128000
instanceKlass java/lang/invoke/ClassSpecializer$Factory$1$5$1
instanceKlass java/lang/classfile/attribute/ExceptionsAttribute
instanceKlass java/lang/invoke/ClassSpecializer$Factory$1$5
instanceKlass java/lang/invoke/ClassSpecializer$Factory$1$4
instanceKlass java/lang/invoke/ClassSpecializer$Factory$1$3
instanceKlass java/lang/invoke/ClassSpecializer$Factory$1$2
instanceKlass java/lang/invoke/ClassSpecializer$Factory$1$1Var
instanceKlass java/lang/invoke/ClassSpecializer$Factory$1$1
instanceKlass java/lang/invoke/ClassSpecializer$Factory$1
instanceKlass java/lang/invoke/MethodHandles$1
# instanceKlass java/lang/invoke/LambdaForm$BMH+0x000000003f123c00
# instanceKlass java/lang/invoke/LambdaForm$DMH+0x000000003f123800
# instanceKlass java/lang/invoke/LambdaForm$DMH+0x000000003f123400
instanceKlass sun/invoke/util/ValueConversions$1
instanceKlass sun/invoke/util/ValueConversions$WrapperCache
# instanceKlass java/lang/invoke/LambdaForm$MH+0x000000003f123000
# instanceKlass java/lang/invoke/LambdaForm$BMH+0x000000003f122c00
# instanceKlass java/lang/invoke/LambdaForm$DMH+0x000000003f122800
# instanceKlass java/lang/invoke/LambdaForm$DMH+0x000000003f122400
instanceKlass  @bci oracle/dbtools/win32/WindowsSupport instance ()Loracle/dbtools/win32/WindowsSupport; 8 <appendix> argL0 ; # oracle/dbtools/win32/WindowsSupport$$Lambda+0x000000003f082d10
instanceKlass oracle/dbtools/win32/WindowsSupportProvider$Registry
instanceKlass com/sun/security/auth/module/NTSystem
instanceKlass  @bci java/util/stream/Collectors joining (Ljava/lang/CharSequence;Ljava/lang/CharSequence;Ljava/lang/CharSequence;)Ljava/util/stream/Collector; 22 <appendix> argL0 ; # java/util/stream/Collectors$$Lambda+0x800000043
instanceKlass  @bci java/util/stream/Collectors joining (Ljava/lang/CharSequence;Ljava/lang/CharSequence;Ljava/lang/CharSequence;)Ljava/util/stream/Collector; 17 <appendix> argL0 ; # java/util/stream/Collectors$$Lambda+0x800000041
instanceKlass  @bci java/util/stream/Collectors joining (Ljava/lang/CharSequence;Ljava/lang/CharSequence;Ljava/lang/CharSequence;)Ljava/util/stream/Collector; 12 <appendix> argL0 ; # java/util/stream/Collectors$$Lambda+0x80000003e
instanceKlass  @bci java/util/stream/Collectors joining (Ljava/lang/CharSequence;Ljava/lang/CharSequence;Ljava/lang/CharSequence;)Ljava/util/stream/Collector; 7 <appendix> member <vmtarget> ; # java/util/stream/Collectors$$Lambda+0x800000046
instanceKlass  @bci java/lang/Class methodToString (Ljava/lang/String;[Ljava/lang/Class;)Ljava/lang/String; 42 <appendix> argL0 ; # java/lang/Class$$Lambda+0x000000003f0daa88
instanceKlass  @bci java/util/prefs/WindowsPreferences <init> (J[B)V 46 <adapter> ; # java/lang/invoke/LambdaForm$MH+0x000000003f122000
instanceKlass  @bci java/util/prefs/WindowsPreferences <init> (J[B)V 46 <appendix> form vmentry <vmtarget> ; # java/lang/invoke/LambdaForm$MH+0x000000003f121c00
# instanceKlass java/lang/invoke/LambdaForm$BMH+0x000000003f121800
instanceKlass  @bci java/util/prefs/WindowsPreferences <init> (J[B)V 46 <appendix> form names 6 function resolvedHandle form vmentry <vmtarget> ; # java/lang/invoke/LambdaForm$DMH+0x000000003f121400
instanceKlass  @bci java/util/prefs/WindowsPreferences <init> (J[B)V 46 <appendix> argL0 form vmentry <vmtarget> ; # java/lang/invoke/LambdaForm$DMH+0x000000003f121000
instanceKlass java/util/prefs/NodeChangeListener
instanceKlass java/util/prefs/PreferenceChangeListener
instanceKlass java/util/EventListener
instanceKlass java/util/prefs/WindowsPreferencesFactory
instanceKlass java/util/prefs/Preferences$1
instanceKlass java/util/prefs/PreferencesFactory
instanceKlass java/util/prefs/Preferences
instanceKlass oracle/dbtools/win32/WindowsSupportProvider
instanceKlass oracle/dbtools/win32/WindowsSupport$Registry
instanceKlass oracle/dbtools/sqlcl/app/SqlclWindowsSupport
instanceKlass oracle/dbtools/win32/WindowsSupport
instanceKlass oracle/dbtools/raptor/utils/WindowsUtility
instanceKlass oracle/dbtools/raptor/scriptrunner/cmdline/JDBCHelper
instanceKlass oracle/dbtools/connections/ReferencePair
instanceKlass oracle/dbtools/connections/db/DatabaseProvider
instanceKlass javax/sql/DataSource
instanceKlass javax/sql/CommonDataSource
instanceKlass oracle/dbtools/connections/ConnectionReferenceable
instanceKlass  @bci oracle/dbtools/connections/db/ora/ConnectionWrapperProvider <clinit> ()V 0 <appendix> argL0 ; # oracle/dbtools/connections/db/ora/ConnectionWrapperProvider$$Lambda+0x000000003f126b60
instanceKlass  @cpi reactor/core/publisher/Flux 2859 form vmentry <vmtarget> ; # java/lang/invoke/LambdaForm$DMH+0x000000003f120800
instanceKlass oracle/dbtools/connections/db/ora/ConnectionWrapperProvider
instanceKlass  @bci oracle/dbtools/connections/db/ora/PasswordPrompterProvider <clinit> ()V 0 <appendix> argL0 ; # oracle/dbtools/connections/db/ora/PasswordPrompterProvider$$Lambda+0x000000003f126730
instanceKlass oracle/dbtools/connections/db/ora/PasswordPrompterProvider
instanceKlass oracle/dbtools/core/jdbc/DataSourceConfigurator
instanceKlass oracle/dbtools/core/jdbc/DataSourceBuilder
instanceKlass oracle/dbtools/connections/db/AbstractConnectionCreator
instanceKlass oracle/dbtools/raptor/utils/DatabaseFeature
instanceKlass org/w3c/dom/Node
instanceKlass oracle/dbtools/raptor/utils/DatabaseFeatureRegistry
instanceKlass oracle/dbtools/plusplus/connections/db/SqlclConnectionSupport$FeatureRegistryHolder
instanceKlass oracle/dbtools/db/LockManager
instanceKlass oracle/dbtools/plusplus/connections/db/SqlclConnectionSupport$LockManagerHolder
instanceKlass oracle/dbtools/db/DefaultConnectionResolver
instanceKlass oracle/dbtools/db/ConnectionResolver$Holder
instanceKlass oracle/dbtools/db/ConnectionResolver
instanceKlass oracle/dbtools/plusplus/connections/db/NamedConnections$Holder
instanceKlass oracle/dbtools/plusplus/connections/db/NamedConnections$1
instanceKlass oracle/dbtools/db/ConnectionStoreBridge
instanceKlass oracle/dbtools/plusplus/connections/db/NamedConnections
instanceKlass oracle/dbtools/plusplus/connections/db/NamedConnectionResolver$1
instanceKlass oracle/dbtools/plusplus/connections/db/DatabaseConnection
instanceKlass oracle/dbtools/plusplus/connections/db/NamedConnectionResolver
instanceKlass oracle/dbtools/db/ConnectionResolverImplementation
instanceKlass oracle/dbtools/plusplus/connections/db/SqlclConnectionSupport$ResolverHolder
instanceKlass oracle/dbtools/connections/db/ConnectionCreator
instanceKlass oracle/dbtools/connections/ConnectionConstants
instanceKlass oracle/dbtools/core/jdbc/ConnectionConstants
instanceKlass  @bci oracle/dbtools/extension/mcp/schemas/Schemas validateProperties (Ljava/lang/String;Ljava/lang/String;Lcom/fasterxml/jackson/databind/JsonNode;)V 58 <appendix> form vmentry <vmtarget> ; # java/lang/invoke/LambdaForm$MH+0x000000003f120400
instanceKlass java/lang/invoke/StringConcatFactory$InlineHiddenClassStrategy$6
instanceKlass java/lang/invoke/StringConcatFactory$InlineHiddenClassStrategy$3$4
instanceKlass java/lang/invoke/StringConcatFactory$InlineHiddenClassStrategy$4
instanceKlass java/lang/invoke/StringConcatFactory$InlineHiddenClassStrategy$3$1
instanceKlass java/lang/invoke/StringConcatFactory$InlineHiddenClassStrategy$7
instanceKlass java/lang/invoke/StringConcatFactory$InlineHiddenClassStrategy$3$2
instanceKlass java/lang/invoke/StringConcatFactory$InlineHiddenClassStrategy$5
instanceKlass java/lang/invoke/StringConcatFactory$InlineHiddenClassStrategy$3$3
instanceKlass java/lang/invoke/StringConcatFactory$InlineHiddenClassStrategy$3
instanceKlass oracle/dbtools/util/Encodings$CharsetComparator
instanceKlass java/nio/charset/Charset$1
instanceKlass sun/nio/cs/DelegatableDecoder
instanceKlass jdk/internal/foreign/MemorySessionImpl
instanceKlass java/lang/foreign/MemorySegment$Scope
instanceKlass sun/nio/cs/ext/AbstractCharsetProvider$1
instanceKlass java/nio/charset/Charset$ExtendedProviderHolder
instanceKlass sun/util/PreHashedMap$1$1
instanceKlass sun/nio/cs/StandardCharsets$1
instanceKlass oracle/dbtools/util/Encodings
instanceKlass oracle/dbtools/raptor/scriptrunner/cmdline/handlers/SQLCliHandleSetPauseProvider
instanceKlass oracle/dbtools/raptor/scriptrunner/cmdline/handlers/SQLCliHandlePauseProvider
instanceKlass oracle/dbtools/raptor/scriptrunner/cmdline/handlers/SQLCliPromptedConnectFieldsProvider
instanceKlass oracle/dbtools/raptor/scriptrunner/cmdline/handlers/SQLCliPromptedPasswordFieldsProvider
instanceKlass oracle/dbtools/raptor/scriptrunner/cmdline/handlers/SQLCliPromptedSubstitutionProvider
instanceKlass oracle/dbtools/raptor/scriptrunner/cmdline/handlers/SQLCliPromptedAcceptProvider
instanceKlass org/jline/jansi/io/AnsiOutputStream$WidthSupplier
instanceKlass oracle/dbtools/raptor/scriptrunner/cmdline/handlers/SQLCliGetSpoolFilterProvider
instanceKlass oracle/dbtools/raptor/utils/NLSMessages
instanceKlass  @bci oracle/dbtools/versions/SQLclVersion getSQLclVersion ()Ljava/lang/String; 10 <appendix> member <vmtarget> ; # oracle/dbtools/versions/SQLclVersion$$Lambda+0x000000003f100440
instanceKlass java/time/LocalTime$1
instanceKlass java/time/format/DateTimeFormatterBuilder$2
instanceKlass java/time/temporal/TemporalQueries$7
instanceKlass java/time/temporal/TemporalQueries$6
instanceKlass java/time/temporal/TemporalQueries$5
instanceKlass java/time/temporal/TemporalQueries$4
instanceKlass java/time/temporal/TemporalQueries$3
instanceKlass java/time/temporal/TemporalQueries$2
instanceKlass java/time/temporal/TemporalQueries$1
instanceKlass java/time/temporal/TemporalQueries
instanceKlass java/time/LocalDate$1
instanceKlass oracle/dbtools/versions/FallbackVersion
instanceKlass java/time/Year
instanceKlass java/time/zone/Ser
instanceKlass java/io/Externalizable
instanceKlass java/time/zone/ZoneRulesProvider
instanceKlass java/util/zip/Checksum$1
instanceKlass java/util/zip/CRC32
instanceKlass java/util/zip/Checksum
instanceKlass sun/util/calendar/ZoneInfoFile$ZoneOffsetTransitionRule
instanceKlass sun/util/calendar/ZoneInfoFile
instanceKlass java/util/TimeZone
instanceKlass oracle/dbtools/versions/SQLclVersion
instanceKlass oracle/dbtools/db/ConnectionSupport
instanceKlass oracle/dbtools/raptor/newscriptrunner/IGetSpoolFilterProvider
instanceKlass oracle/dbtools/raptor/scriptrunner/cmdline/SQLCliHelper
instanceKlass java/util/ResourceBundle$ResourceBundleProviderHelper
instanceKlass  @bci java/util/ResourceBundle$Control getCandidateLocales (Ljava/lang/String;Ljava/util/Locale;)Ljava/util/List; 23 <appendix> argL0 ; # java/util/ResourceBundle$Control$$Lambda+0x80000001d
instanceKlass java/util/ResourceBundle$CacheKeyReference
instanceKlass java/util/ResourceBundle$CacheKey
instanceKlass  @bci java/util/ResourceBundle$Control <clinit> ()V 39 <appendix> argL0 ; # java/util/ResourceBundle$Control$$Lambda+0x80000001e
instanceKlass java/util/ResourceBundle$Control
instanceKlass java/util/ResourceBundle$1
instanceKlass jdk/internal/access/JavaUtilResourceBundleAccess
instanceKlass java/util/ResourceBundle
instanceKlass oracle/dbtools/core/l8n/MessagesBase
instanceKlass oracle/dbtools/raptor/scriptrunner/cmdline/SQLCliOptions
instanceKlass oracle/dbtools/raptor/newscriptrunner/settings/SettingsImpl$1
instanceKlass  @bci oracle/dbtools/raptor/newscriptrunner/settings/SettingsImpl validateAndNormalize (Loracle/dbtools/raptor/newscriptrunner/util/parser/Option;Loracle/dbtools/raptor/newscriptrunner/settings/SettingPath;Ljava/lang/Object;)Ljava/lang/Object; 131 <appendix> member <vmtarget> ; # oracle/dbtools/raptor/newscriptrunner/settings/SettingsImpl$$Lambda+0x000000003f0bd4b8
instanceKlass oracle/dbtools/raptor/newscriptrunner/settings/SettingsImpl$TransformContextImpl
instanceKlass  @bci oracle/dbtools/raptor/newscriptrunner/util/parser/Attribute hasCapability (Ljava/lang/Class;)Z 17 <appendix> member <vmtarget> ; # oracle/dbtools/raptor/newscriptrunner/util/parser/Attribute$$Lambda+0x000000003f0bd000
instanceKlass  @bci oracle/dbtools/raptor/newscriptrunner/settings/SettingsImpl requireSetting (Loracle/dbtools/raptor/newscriptrunner/settings/SettingPath;)Loracle/dbtools/raptor/newscriptrunner/util/parser/Option; 12 <appendix> member <vmtarget> ; # oracle/dbtools/raptor/newscriptrunner/settings/SettingsImpl$$Lambda+0x000000003f0bfb80
instanceKlass  @bci oracle/dbtools/raptor/newscriptrunner/settings/SettingsImpl getSetting (Loracle/dbtools/raptor/newscriptrunner/settings/SettingPath;)Ljava/util/Optional; 19 <appendix> member <vmtarget> ; # oracle/dbtools/raptor/newscriptrunner/settings/SettingsImpl$$Lambda+0x000000003f0bf4e0
instanceKlass oracle/dbtools/extension/pushdpopddirs/service/DirectoryManagerProvider
instanceKlass java/util/ArrayList$SubList$1
instanceKlass oracle/dbtools/raptor/newscriptrunner/settings/util/SettingPaths
instanceKlass oracle/dbtools/raptor/newscriptrunner/settings/SettingsImpl
instanceKlass  @bci oracle/dbtools/raptor/scriptrunner/commands/CloudConfigNamespace <clinit> ()V 36 <appendix> argL0 ; # oracle/dbtools/raptor/scriptrunner/commands/CloudConfigNamespace$$Lambda+0x000000003f0be6b0
instanceKlass  @bci oracle/dbtools/raptor/scriptrunner/commands/CloudConfigNamespace <clinit> ()V 28 <appendix> argL0 ; # oracle/dbtools/raptor/scriptrunner/commands/CloudConfigNamespace$$Lambda+0x000000003f0be488
instanceKlass oracle/dbtools/raptor/scriptrunner/commands/CloudConfigNamespace$ProxyTransformer
instanceKlass oracle/dbtools/raptor/scriptrunner/commands/CloudConfigNamespace
instanceKlass oracle/dbtools/raptor/newscriptrunner/settings/namespaces/feedback/FeedbackNamespace$FeedbackCustomShowCapability
instanceKlass oracle/dbtools/raptor/newscriptrunner/settings/namespaces/feedback/FeedbackNamespace$FeedbackCustomStoreCapability
instanceKlass oracle/dbtools/raptor/newscriptrunner/settings/namespaces/feedback/FeedbackNamespace$FeedbackCustomSetSyntax
instanceKlass oracle/dbtools/raptor/newscriptrunner/settings/namespaces/feedback/FeedbackNamespace$FeedbackTransformer
instanceKlass oracle/dbtools/raptor/newscriptrunner/settings/capabilities/NamespaceCustomStoreCapability
instanceKlass oracle/dbtools/raptor/newscriptrunner/settings/capabilities/NamespaceCustomSetSyntax
instanceKlass oracle/dbtools/raptor/newscriptrunner/settings/namespaces/feedback/FeedbackNamespace
instanceKlass java/util/stream/Nodes$ArrayNode
instanceKlass java/util/stream/Node$Builder
instanceKlass java/util/stream/Node$OfDouble
instanceKlass java/util/stream/Node$OfLong
instanceKlass java/util/stream/Node$OfInt
instanceKlass java/util/stream/Node$OfPrimitive
instanceKlass java/util/stream/Nodes$EmptyNode
instanceKlass java/util/stream/Node
instanceKlass java/util/stream/Nodes
instanceKlass  @bci oracle/dbtools/raptor/newscriptrunner/settings/namespaces/ddl/DdlNamespace <clinit> ()V 1840 <appendix> argL0 ; # oracle/dbtools/raptor/newscriptrunner/settings/namespaces/ddl/DdlNamespace$$Lambda+0x000000003f0ba920
instanceKlass  @cpi oracle/dbtools/raptor/newscriptrunner/settings/namespaces/ddl/DdlNamespace 814 form vmentry <vmtarget> ; # java/lang/invoke/LambdaForm$DMH+0x000000003f0bc000
instanceKlass  @bci oracle/dbtools/raptor/newscriptrunner/settings/namespaces/ddl/DdlNamespace <clinit> ()V 1830 <appendix> argL0 ; # oracle/dbtools/raptor/newscriptrunner/settings/namespaces/ddl/DdlNamespace$$Lambda+0x000000003f0ba6d8
instanceKlass  @bci oracle/dbtools/raptor/newscriptrunner/settings/namespaces/ddl/DdlNamespace <clinit> ()V 79 <appendix> argL0 ; # oracle/dbtools/raptor/newscriptrunner/settings/namespaces/ddl/DdlNamespace$$Lambda+0x000000003f0b9be0
instanceKlass  @bci oracle/dbtools/raptor/newscriptrunner/settings/namespaces/ddl/DdlNamespace <clinit> ()V 36 <appendix> argL0 ; # oracle/dbtools/raptor/newscriptrunner/settings/namespaces/ddl/DdlNamespace$$Lambda+0x000000003f0b99b8
instanceKlass  @bci oracle/dbtools/raptor/newscriptrunner/settings/namespaces/ddl/DdlNamespace <clinit> ()V 28 <appendix> argL0 ; # oracle/dbtools/raptor/newscriptrunner/settings/namespaces/ddl/DdlNamespace$$Lambda+0x000000003f0b9790
instanceKlass  @bci oracle/dbtools/raptor/newscriptrunner/settings/namespaces/ddl/DdlNamespace <clinit> ()V 20 <appendix> argL0 ; # oracle/dbtools/raptor/newscriptrunner/settings/namespaces/ddl/DdlNamespace$$Lambda+0x000000003f0b9568
instanceKlass oracle/dbtools/raptor/newscriptrunner/settings/namespaces/ddl/DdlNamespace
instanceKlass  @bci oracle/dbtools/raptor/newscriptrunner/settings/namespaces/global/GlobalOptions <clinit> ()V 1241 <appendix> argL0 ; # oracle/dbtools/raptor/newscriptrunner/settings/namespaces/global/GlobalOptions$$Lambda+0x000000003f0b8450
instanceKlass  @bci oracle/dbtools/raptor/newscriptrunner/settings/namespaces/global/GlobalOptions <clinit> ()V 1214 <appendix> argL0 ; # oracle/dbtools/raptor/newscriptrunner/settings/namespaces/global/GlobalOptions$$Lambda+0x000000003f0b8228
instanceKlass  @bci oracle/dbtools/raptor/newscriptrunner/settings/namespaces/global/GlobalOptions <clinit> ()V 1187 <appendix> argL0 ; # oracle/dbtools/raptor/newscriptrunner/settings/namespaces/global/GlobalOptions$$Lambda+0x000000003f0b8000
instanceKlass  @bci oracle/dbtools/raptor/newscriptrunner/settings/namespaces/global/EditorSettingSupport <clinit> ()V 18 <appendix> argL0 ; # oracle/dbtools/raptor/newscriptrunner/settings/namespaces/global/EditorSettingSupport$$Lambda+0x000000003f0b0c48
instanceKlass oracle/dbtools/raptor/newscriptrunner/settings/namespaces/global/EditorSettingSupport$EditorModeTransformer
instanceKlass oracle/dbtools/raptor/newscriptrunner/settings/namespaces/global/EditorSettingSupport
instanceKlass  @bci oracle/dbtools/raptor/newscriptrunner/settings/namespaces/global/GlobalOptions <clinit> ()V 1084 <appendix> argL0 ; # oracle/dbtools/raptor/newscriptrunner/settings/namespaces/global/GlobalOptions$$Lambda+0x000000003f0b1ce8
instanceKlass  @bci oracle/dbtools/raptor/newscriptrunner/settings/namespaces/global/GlobalOptions <clinit> ()V 1057 <appendix> argL0 ; # oracle/dbtools/raptor/newscriptrunner/settings/namespaces/global/GlobalOptions$$Lambda+0x000000003f0b1ac0
instanceKlass  @bci oracle/dbtools/raptor/newscriptrunner/settings/namespaces/global/GlobalOptions <clinit> ()V 1030 <appendix> argL0 ; # oracle/dbtools/raptor/newscriptrunner/settings/namespaces/global/GlobalOptions$$Lambda+0x000000003f0b1898
instanceKlass oracle/dbtools/raptor/newscriptrunner/settings/namespaces/global/SetMouseSupport
instanceKlass oracle/dbtools/raptor/newscriptrunner/settings/transformer/OnOffTransformer
instanceKlass  @bci oracle/dbtools/raptor/newscriptrunner/settings/namespaces/global/GlobalOptions <clinit> ()V 895 <appendix> argL0 ; # oracle/dbtools/raptor/newscriptrunner/settings/namespaces/global/GlobalOptions$$Lambda+0x000000003f0b1228
instanceKlass  @bci oracle/dbtools/raptor/newscriptrunner/settings/namespaces/global/GlobalOptions <clinit> ()V 638 <appendix> argL0 ; # oracle/dbtools/raptor/newscriptrunner/settings/namespaces/global/GlobalOptions$$Lambda+0x000000003f0b1000
instanceKlass  @bci oracle/dbtools/raptor/newscriptrunner/settings/namespaces/global/GlobalOptions <clinit> ()V 544 <appendix> argL0 ; # oracle/dbtools/raptor/newscriptrunner/settings/namespaces/global/GlobalOptions$$Lambda+0x000000003f0b3c88
instanceKlass oracle/dbtools/raptor/newscriptrunner/settings/namespaces/global/PagesizeSetting$PagesizeTransformer
instanceKlass oracle/dbtools/raptor/newscriptrunner/settings/completer/OnOffCompleter
instanceKlass oracle/dbtools/raptor/newscriptrunner/settings/transformer/sqlplus/SqlPlusOnOffTransformer
instanceKlass  @bci oracle/dbtools/raptor/newscriptrunner/settings/namespaces/global/GlobalOptions <clinit> ()V 189 <appendix> argL0 ; # oracle/dbtools/raptor/newscriptrunner/settings/namespaces/global/GlobalOptions$$Lambda+0x000000003f0b33a8
instanceKlass oracle/dbtools/raptor/newscriptrunner/settings/transformer/sqlplus/SqlPlusIntRangeTransformer
instanceKlass  @bci oracle/dbtools/raptor/newscriptrunner/settings/namespaces/global/GlobalOptions <clinit> ()V 64 <appendix> argL0 ; # oracle/dbtools/raptor/newscriptrunner/settings/namespaces/global/GlobalOptions$$Lambda+0x000000003f0b2f38
instanceKlass oracle/dbtools/raptor/newscriptrunner/settings/namespaces/global/ShowModeTransformer
instanceKlass oracle/dbtools/raptor/newscriptrunner/settings/namespaces/global/GlobalOptions
instanceKlass oracle/dbtools/raptor/newscriptrunner/settings/namespaces/global/GlobalNamespace
instanceKlass  @bci oracle/dbtools/net/commands/cloudstorage/CloudStorageSettingsNamespace <clinit> ()V 377 <appendix> argL0 ; # oracle/dbtools/net/commands/cloudstorage/CloudStorageSettingsNamespace$$Lambda+0x000000003f0b2208
instanceKlass oracle/dbtools/raptor/newscriptrunner/settings/capabilities/NamespaceCustomShowCapability
instanceKlass oracle/dbtools/raptor/newscriptrunner/settings/capabilities/NamespaceCapability
instanceKlass  @bci oracle/dbtools/net/commands/cloudstorage/CloudStorageSettingsNamespace <clinit> ()V 353 <appendix> argL0 ; # oracle/dbtools/net/commands/cloudstorage/CloudStorageSettingsNamespace$$Lambda+0x000000003f0b7b50
instanceKlass  @bci oracle/dbtools/net/commands/cloudstorage/CloudStorageSettingsNamespace <clinit> ()V 326 <appendix> argL0 ; # oracle/dbtools/net/commands/cloudstorage/CloudStorageSettingsNamespace$$Lambda+0x000000003f0b7928
instanceKlass  @bci oracle/dbtools/net/commands/cloudstorage/CloudStorageSettingsNamespace <clinit> ()V 257 <appendix> argL0 ; # oracle/dbtools/net/commands/cloudstorage/CloudStorageSettingsNamespace$$Lambda+0x000000003f0b7700
instanceKlass  @bci oracle/dbtools/net/commands/cloudstorage/CloudStorageSettingsNamespace <clinit> ()V 204 <appendix> argL0 ; # oracle/dbtools/net/commands/cloudstorage/CloudStorageSettingsNamespace$$Lambda+0x000000003f0b74d8
instanceKlass  @bci oracle/dbtools/net/commands/cloudstorage/CloudStorageSettingsNamespace <clinit> ()V 177 <appendix> argL0 ; # oracle/dbtools/net/commands/cloudstorage/CloudStorageSettingsNamespace$$Lambda+0x000000003f0b72b0
instanceKlass  @bci oracle/dbtools/net/commands/cloudstorage/CloudStorageSettingsNamespace <clinit> ()V 72 <appendix> argL0 ; # oracle/dbtools/net/commands/cloudstorage/CloudStorageSettingsNamespace$$Lambda+0x000000003f0b7088
instanceKlass java/util/AbstractMap$SimpleEntry
instanceKlass  @bci oracle/dbtools/net/commands/cloudstorage/CloudStorageSettingsNamespace <clinit> ()V 45 <appendix> argL0 ; # oracle/dbtools/net/commands/cloudstorage/CloudStorageSettingsNamespace$$Lambda+0x000000003f0b6a10
instanceKlass  @cpi oracle/dbtools/raptor/scriptrunner/commands/CloudConfigNamespace 524 form vmentry <vmtarget> ; # java/lang/invoke/LambdaForm$DMH+0x000000003f0b0400
instanceKlass oracle/dbtools/raptor/newscriptrunner/settings/SettingPath
instanceKlass oracle/dbtools/raptor/newscriptrunner/settings/SettingsContext
instanceKlass oracle/dbtools/raptor/newscriptrunner/settings/capabilities/Capability$Handler
instanceKlass oracle/dbtools/raptor/newscriptrunner/settings/capabilities/SetCapability$Builder
instanceKlass oracle/dbtools/net/commands/cloudstorage/CloudStorageSettingsNamespace
instanceKlass oracle/dbtools/raptor/newscriptrunner/settings/Namespace$Builder
instanceKlass oracle/dbtools/raptor/newscriptrunner/settings/Namespace
instanceKlass oracle/dbtools/raptor/newscriptrunner/util/parser/ContainerObjectsBuilder$ContainerObjects
instanceKlass oracle/dbtools/raptor/newscriptrunner/util/parser/TypeBuilder$TypeImpl
instanceKlass oracle/dbtools/raptor/newscriptrunner/util/transformer/basic/TypedEnum
instanceKlass java/util/LinkedList$Node
instanceKlass oracle/dbtools/raptor/newscriptrunner/util/completer/FileCompleter
instanceKlass oracle/dbtools/raptor/newscriptrunner/util/completer/SemanticCompleter
instanceKlass oracle/dbtools/raptor/newscriptrunner/util/transformer/file/FileExists
instanceKlass oracle/dbtools/raptor/newscriptrunner/settings/capabilities/DisabledCapability
instanceKlass oracle/dbtools/raptor/newscriptrunner/settings/capabilities/StoreCapability$Builder
instanceKlass oracle/dbtools/raptor/newscriptrunner/settings/capabilities/StoreCapability$DefaultFormatter
instanceKlass oracle/dbtools/raptor/newscriptrunner/settings/capabilities/StoreCapability
instanceKlass oracle/dbtools/raptor/newscriptrunner/settings/capabilities/ShowCapability$Builder
instanceKlass oracle/dbtools/raptor/newscriptrunner/settings/capabilities/ShowCapability$DefaultFormatter
instanceKlass oracle/dbtools/raptor/newscriptrunner/settings/capabilities/Formatter
instanceKlass oracle/dbtools/raptor/newscriptrunner/settings/capabilities/ShowCapability
instanceKlass oracle/dbtools/raptor/newscriptrunner/settings/capabilities/EventsHandler
instanceKlass oracle/dbtools/raptor/newscriptrunner/settings/capabilities/SetCapability
instanceKlass oracle/dbtools/raptor/newscriptrunner/settings/capabilities/Capability
instanceKlass oracle/dbtools/raptor/newscriptrunner/util/parser/Synonyms
instanceKlass oracle/dbtools/raptor/newscriptrunner/util/parser/NamePropertiesBuilder$NameProperties
instanceKlass  @bci oracle/dbtools/raptor/newscriptrunner/util/transformer/basic/PrimitiveTransformers <clinit> ()V 143 <appendix> argL0 ; # oracle/dbtools/raptor/newscriptrunner/util/transformer/basic/PrimitiveTransformers$$Lambda+0x000000003f0ade10
instanceKlass  @bci oracle/dbtools/raptor/newscriptrunner/util/transformer/basic/PrimitiveTransformers <clinit> ()V 127 <appendix> argL0 ; # oracle/dbtools/raptor/newscriptrunner/util/transformer/basic/PrimitiveTransformers$$Lambda+0x000000003f0adbc8
instanceKlass  @bci oracle/dbtools/raptor/newscriptrunner/util/transformer/basic/PrimitiveTransformers <clinit> ()V 111 <appendix> argL0 ; # oracle/dbtools/raptor/newscriptrunner/util/transformer/basic/PrimitiveTransformers$$Lambda+0x000000003f0ad980
instanceKlass  @bci oracle/dbtools/raptor/newscriptrunner/util/transformer/basic/PrimitiveTransformers <clinit> ()V 95 <appendix> argL0 ; # oracle/dbtools/raptor/newscriptrunner/util/transformer/basic/PrimitiveTransformers$$Lambda+0x000000003f0ad738
instanceKlass  @bci oracle/dbtools/raptor/newscriptrunner/util/transformer/basic/PrimitiveTransformers <clinit> ()V 79 <appendix> argL0 ; # oracle/dbtools/raptor/newscriptrunner/util/transformer/basic/PrimitiveTransformers$$Lambda+0x000000003f0ad4f0
instanceKlass  @bci oracle/dbtools/raptor/newscriptrunner/util/transformer/basic/PrimitiveTransformers <clinit> ()V 63 <appendix> argL0 ; # oracle/dbtools/raptor/newscriptrunner/util/transformer/basic/PrimitiveTransformers$$Lambda+0x000000003f0ad2a8
instanceKlass  @bci oracle/dbtools/raptor/newscriptrunner/util/transformer/basic/PrimitiveTransformers <clinit> ()V 47 <appendix> argL0 ; # oracle/dbtools/raptor/newscriptrunner/util/transformer/basic/PrimitiveTransformers$$Lambda+0x000000003f0ad060
instanceKlass  @bci oracle/dbtools/raptor/newscriptrunner/util/transformer/basic/PrimitiveTransformers <clinit> ()V 31 <appendix> argL0 ; # oracle/dbtools/raptor/newscriptrunner/util/transformer/basic/PrimitiveTransformers$$Lambda+0x000000003f0ace18
instanceKlass  @bci oracle/dbtools/raptor/newscriptrunner/util/transformer/basic/PrimitiveTransformers <clinit> ()V 15 <appendix> argL0 ; # oracle/dbtools/raptor/newscriptrunner/util/transformer/basic/PrimitiveTransformers$$Lambda+0x000000003f0acbd0
instanceKlass  @cpi oracle/dbtools/raptor/newscriptrunner/settings/namespaces/ddl/DdlNamespace 809 form vmentry <vmtarget> ; # java/lang/invoke/LambdaForm$DMH+0x000000003f0b0000
instanceKlass oracle/dbtools/raptor/newscriptrunner/util/transformer/TransformContext
instanceKlass oracle/dbtools/raptor/newscriptrunner/util/transformer/basic/PrimitiveTransformers
instanceKlass oracle/dbtools/raptor/newscriptrunner/util/parser/Option
instanceKlass oracle/dbtools/raptor/newscriptrunner/util/parser/AttributeBuilder$AttributeImpl
instanceKlass oracle/dbtools/raptor/newscriptrunner/util/parser/Attribute
instanceKlass oracle/dbtools/raptor/newscriptrunner/util/transformer/Transformer
instanceKlass oracle/dbtools/raptor/newscriptrunner/util/parser/AttributeBuilder
instanceKlass oracle/dbtools/extension/mdb/command/MDBOptions
instanceKlass oracle/dbtools/raptor/newscriptrunner/util/parser/ContainerObjectsBuilder
instanceKlass oracle/dbtools/raptor/newscriptrunner/util/parser/NamePropertiesBuilder
instanceKlass oracle/dbtools/raptor/newscriptrunner/util/parser/ExpressionBuilder
instanceKlass oracle/dbtools/raptor/newscriptrunner/util/parser/Type
instanceKlass oracle/dbtools/raptor/newscriptrunner/util/parser/AttributeContainer
instanceKlass oracle/dbtools/raptor/newscriptrunner/util/parser/NamedItem
instanceKlass oracle/dbtools/raptor/newscriptrunner/util/parser/SyntacticalItem
instanceKlass oracle/dbtools/raptor/newscriptrunner/util/parser/TypeBuilder
instanceKlass oracle/dbtools/raptor/newscriptrunner/util/parser/Factory
instanceKlass oracle/dbtools/extension/mdb/command/MDBType
instanceKlass oracle/dbtools/extension/mdb/command/MDBNamespace
instanceKlass  @bci oracle/dbtools/raptor/newscriptrunner/settings/Settings$Builder registerFeatures ()Loracle/dbtools/raptor/newscriptrunner/settings/Settings$Builder; 8 <appendix> member <vmtarget> ; # oracle/dbtools/raptor/newscriptrunner/settings/Settings$Builder$$Lambda+0x000000003f0a8fa0
instanceKlass oracle/dbtools/raptor/newscriptrunner/settings/Settings$Feature
instanceKlass oracle/dbtools/raptor/newscriptrunner/settings/Settings$Builder
instanceKlass oracle/dbtools/raptor/newscriptrunner/util/provider/EnvironmentProvider
instanceKlass oracle/dbtools/raptor/newscriptrunner/commands/connect/ConnectionContextProvider$ModifiablePropertyValuesImpl
instanceKlass  @bci oracle/dbtools/raptor/newscriptrunner/commands/connect/ConnectorTypeCacheProvider <init> (Loracle/dbtools/raptor/newscriptrunner/commands/connect/ConnectorTypeCacheProvider$Builder;)V 192 <appendix> member <vmtarget> ; # oracle/dbtools/raptor/newscriptrunner/commands/connect/ConnectorTypeCacheProvider$$Lambda+0x000000003f0a8450
instanceKlass  @bci oracle/dbtools/raptor/newscriptrunner/commands/connect/ConnectorTypeCacheProvider of (Ljava/util/Collection;Ljava/util/Collection;)Loracle/dbtools/raptor/newscriptrunner/commands/connect/ConnectorTypeCacheProvider; 32 <appendix> member <vmtarget> ; # oracle/dbtools/raptor/newscriptrunner/commands/connect/ConnectorTypeCacheProvider$$Lambda+0x000000003f0a7c00
instanceKlass  @bci oracle/dbtools/raptor/newscriptrunner/commands/connector/AbstractConnectorType getProperties ()Ljava/util/List; 17 <appendix> member <vmtarget> ; # oracle/dbtools/raptor/newscriptrunner/commands/connector/AbstractConnectorType$$Lambda+0x000000003f0a79c0
instanceKlass  @bci java/util/regex/CharPredicates ASCII_WORD ()Ljava/util/regex/Pattern$BmpCharPredicate; 0 <appendix> argL0 ; # java/util/regex/CharPredicates$$Lambda+0x000000003f0c6b30
instanceKlass  @bci oracle/dbtools/raptor/newscriptrunner/commands/connect/ConnectorTypeCacheProvider of (Ljava/util/Collection;Ljava/util/Collection;)Loracle/dbtools/raptor/newscriptrunner/commands/connect/ConnectorTypeCacheProvider; 15 <appendix> member <vmtarget> ; # oracle/dbtools/raptor/newscriptrunner/commands/connect/ConnectorTypeCacheProvider$$Lambda+0x000000003f0a7780
instanceKlass oracle/dbtools/raptor/newscriptrunner/commands/connect/HelpContainerRef
instanceKlass oracle/dbtools/raptor/newscriptrunner/util/help/HelpBundleBuilder$HelpContainerImpl
instanceKlass oracle/dbtools/raptor/newscriptrunner/util/help/HelpBundleBuilder
instanceKlass oracle/dbtools/raptor/newscriptrunner/commands/connect/ReservedNames
instanceKlass oracle/dbtools/raptor/newscriptrunner/commands/connect/ConnectorTypeCacheProvider$Builder
instanceKlass oracle/dbtools/raptor/newscriptrunner/commands/connect/ConnectorTypeCacheProvider
instanceKlass oracle/dbtools/raptor/newscriptrunner/commands/connect/ConnectPlugin
instanceKlass oracle/dbtools/raptor/newscriptrunner/commands/connect/AbstractConnectionProcessor
instanceKlass oracle/dbtools/raptor/newscriptrunner/commands/connect/StringProperty
instanceKlass  @bci oracle/dbtools/raptor/newscriptrunner/commands/connector/AbstractConnectOptionType createSelectorProperty (Ljava/lang/String;Ljava/lang/String;Z)Loracle/dbtools/raptor/newscriptrunner/commands/connect/FlagProperty; 73 <appendix> member <vmtarget> ; # oracle/dbtools/raptor/newscriptrunner/commands/connector/AbstractConnectOptionType$$Lambda+0x000000003f09e4a0
instanceKlass  @bci oracle/dbtools/raptor/newscriptrunner/commands/connector/AbstractConnectOptionType createSelectorProperty (Ljava/lang/String;Ljava/lang/String;Z)Loracle/dbtools/raptor/newscriptrunner/commands/connect/FlagProperty; 47 <appendix> member <vmtarget> ; # oracle/dbtools/raptor/newscriptrunner/commands/connector/AbstractConnectOptionType$$Lambda+0x000000003f09e250
instanceKlass  @bci oracle/dbtools/raptor/newscriptrunner/commands/connector/AbstractConnectOptionType createSelectorProperty (Ljava/lang/String;Ljava/lang/String;Z)Loracle/dbtools/raptor/newscriptrunner/commands/connect/FlagProperty; 21 <appendix> member <vmtarget> ; # oracle/dbtools/raptor/newscriptrunner/commands/connector/AbstractConnectOptionType$$Lambda+0x000000003f09e000
instanceKlass oracle/dbtools/raptor/newscriptrunner/commands/connector/AbstractConnectOptionType$2
instanceKlass oracle/dbtools/raptor/newscriptrunner/commands/connector/AbstractConnectOptionType$1
instanceKlass oracle/dbtools/raptor/newscriptrunner/commands/connect/Connector
instanceKlass oracle/dbtools/raptor/newscriptrunner/commands/connect/Disconnector
instanceKlass oracle/dbtools/raptor/newscriptrunner/commands/connect/FlagProperty
instanceKlass oracle/dbtools/raptor/newscriptrunner/util/help/HelpContainer
instanceKlass oracle/dbtools/raptor/newscriptrunner/commands/connect/Property
instanceKlass oracle/dbtools/raptor/newscriptrunner/commands/connector/AbstractConnectOptionType
instanceKlass  @bci oracle/dbtools/raptor/newscriptrunner/util/container/Container$ProviderLookupEntry buildFeaturesIf (Loracle/dbtools/raptor/newscriptrunner/util/container/Container$ProviderLookup;)V 33 <appendix> member <vmtarget> ; # oracle/dbtools/raptor/newscriptrunner/util/container/Container$ProviderLookupEntry$$Lambda+0x000000003f09a3f8
instanceKlass oracle/dbtools/raptor/newscriptrunner/commands/connect/PropertyValues
instanceKlass oracle/dbtools/raptor/newscriptrunner/commands/connect/ConnectionContextProvider
instanceKlass oracle/dbtools/raptor/newscriptrunner/util/container/Lifecycle
instanceKlass oracle/dbtools/raptor/newscriptrunner/util/parser/Id
instanceKlass java/sql/Connection
instanceKlass java/sql/Wrapper
instanceKlass oracle/dbtools/extension/mdb/service/MDBProvider
instanceKlass oracle/dbtools/raptor/newscriptrunner/util/container/Container$Component
instanceKlass oracle/dbtools/raptor/newscriptrunner/util/container/Container$CreateContext
instanceKlass  @bci oracle/dbtools/raptor/newscriptrunner/util/container/Container buildComponentMap ()Ljava/util/Map; 78 <appendix> member <vmtarget> ; # oracle/dbtools/raptor/newscriptrunner/util/container/Container$$Lambda+0x000000003f098f40
instanceKlass oracle/dbtools/raptor/newscriptrunner/util/container/Container$ProviderLookup
instanceKlass oracle/dbtools/raptor/newscriptrunner/util/container/Container$ComponentBuilder
instanceKlass oracle/dbtools/raptor/newscriptrunner/util/container/Container$1
instanceKlass oracle/dbtools/raptor/newscriptrunner/util/container/Container$ProviderLookupEntry
instanceKlass oracle/dbtools/raptor/newscriptrunner/util/container/Container$ComponentEntry
instanceKlass  @bci oracle/dbtools/raptor/newscriptrunner/util/container/Container buildComponentMap ()Ljava/util/Map; 31 <appendix> member <vmtarget> ; # oracle/dbtools/raptor/newscriptrunner/util/container/Container$$Lambda+0x000000003f098000
instanceKlass oracle/dbtools/extension/pushdpopddirs/service/DirectoryManager
instanceKlass oracle/dbtools/extension/pushdpopddirs/service/DirectoryManagerFactory
instanceKlass oracle/dbtools/raptor/newscriptrunner/settings/Settings
instanceKlass oracle/dbtools/raptor/newscriptrunner/settings/SettingsProviderFactory
instanceKlass oracle/dbtools/raptor/newscriptrunner/commands/connector/ThirdPartyConnectorTypeFactory
instanceKlass oracle/dbtools/raptor/newscriptrunner/commands/connector/SocksProxyConnectorTypeFactory
instanceKlass oracle/dbtools/raptor/newscriptrunner/ScriptRunnerContextFactory
instanceKlass oracle/dbtools/raptor/newscriptrunner/commands/connector/RadiusConnectorTypeFactory
instanceKlass oracle/dbtools/raptor/newscriptrunner/commands/connector/OracleRestConnectorTypeFactory
instanceKlass oracle/dbtools/raptor/newscriptrunner/commands/connector/OracleConnectorTypeFactory
instanceKlass oracle/dbtools/raptor/newscriptrunner/commands/connector/NamedConnectionsConnectorTypeFactory
instanceKlass oracle/dbtools/raptor/newscriptrunner/commands/connect/ConnectPluginType
instanceKlass oracle/dbtools/raptor/newscriptrunner/commands/connector/KerberosConnectorTypeFactory
instanceKlass oracle/dbtools/raptor/newscriptrunner/util/service/Environment
instanceKlass oracle/dbtools/raptor/newscriptrunner/util/provider/EnvironmentFactory
instanceKlass oracle/dbtools/raptor/newscriptrunner/commands/connect/ConnectorTypeCache
instanceKlass oracle/dbtools/raptor/newscriptrunner/commands/connect/ConnectorTypeCacheFactory
instanceKlass oracle/dbtools/raptor/newscriptrunner/commands/connect/ConnectionContext
instanceKlass oracle/dbtools/raptor/newscriptrunner/commands/connect/ConnectionContextFactory
instanceKlass oracle/dbtools/raptor/newscriptrunner/commands/connector/CloudWalletConnectorTypeFactory
instanceKlass oracle/dbtools/raptor/newscriptrunner/commands/connect/ConnectorType
instanceKlass oracle/dbtools/raptor/newscriptrunner/commands/connect/ConnectOptionType
instanceKlass oracle/dbtools/raptor/newscriptrunner/commands/connect/NamedObject
instanceKlass oracle/dbtools/net/commands/OCIConnectorTypeFactory
instanceKlass oracle/dbtools/raptor/newscriptrunner/util/container/ProviderFactory$CreateContext
instanceKlass oracle/dbtools/extension/mdb/service/MDBService
instanceKlass oracle/dbtools/extension/mdb/service/MDBProviderFactory
instanceKlass  @bci oracle/dbtools/raptor/newscriptrunner/util/container/Container$LoadedFactories <clinit> ()V 14 <appendix> member <vmtarget> ; # oracle/dbtools/raptor/newscriptrunner/util/container/Container$LoadedFactories$$Lambda+0x000000003f096d68
instanceKlass oracle/dbtools/raptor/newscriptrunner/util/container/ProviderFactory
instanceKlass oracle/dbtools/raptor/newscriptrunner/util/container/Container$LoadedFactories
instanceKlass oracle/dbtools/raptor/newscriptrunner/util/container/Container
instanceKlass  @bci oracle/dbtools/raptor/newscriptrunner/ScriptRunnerContext <init> ()V 513 <appendix> member <vmtarget> ; # oracle/dbtools/raptor/newscriptrunner/ScriptRunnerContext$$Lambda+0x000000003f0964d8
instanceKlass oracle/dbtools/common/utils/Version
instanceKlass oracle/dbtools/raptor/newscriptrunner/handlers/StandAloneHandleSetPauseProvider
instanceKlass oracle/dbtools/raptor/newscriptrunner/handlers/StandAloneHandlePauseProvider
instanceKlass oracle/dbtools/raptor/newscriptrunner/handlers/StandAlonePromptedConnectFieldsProvider
instanceKlass oracle/dbtools/raptor/newscriptrunner/handlers/StandAlonePromptedPasswordFieldsProvider
instanceKlass oracle/dbtools/raptor/newscriptrunner/handlers/StandAlonePromptedSubstitutionProvider
instanceKlass oracle/dbtools/raptor/newscriptrunner/handlers/StandAlonePromptedAcceptProvider
instanceKlass java/text/Format
instanceKlass oracle/dbtools/raptor/newscriptrunner/IGetHandlePauseProvider
instanceKlass oracle/dbtools/raptor/newscriptrunner/IGetPromptedConnectFieldsProvider
instanceKlass oracle/dbtools/raptor/newscriptrunner/IGetPromptedPasswordFieldsProvider
instanceKlass oracle/dbtools/raptor/newscriptrunner/IGetPromptedFieldProvider
instanceKlass oracle/dbtools/raptor/newscriptrunner/ScriptRunnerContext
instanceKlass oracle/dbtools/raptor/newscriptrunner/IScriptRunnerContext
instanceKlass java/io/DeleteOnExitHook$1
instanceKlass java/io/DeleteOnExitHook
instanceKlass sun/security/provider/AbstractDrbg$NonceProvider
instanceKlass  @bci sun/security/provider/AbstractDrbg$SeederHolder <clinit> ()V 42 <appendix> member <vmtarget> ; # sun/security/provider/AbstractDrbg$SeederHolder$$Lambda+0x000000003f0c5868
instanceKlass  @cpi sun/security/provider/AbstractDrbg$SeederHolder 91 form vmentry <vmtarget> ; # java/lang/invoke/LambdaForm$DMH+0x000000003f090c00
# instanceKlass java/lang/invoke/LambdaForm$DMH+0x000000003f090800
instanceKlass java/net/NetworkInterface$1
instanceKlass java/net/DefaultInterface
instanceKlass java/net/Inet6Address$Inet6AddressHolder
instanceKlass java/net/InetAddress$PlatformResolver
instanceKlass java/net/spi/InetAddressResolver
instanceKlass java/net/spi/InetAddressResolver$LookupPolicy
instanceKlass java/net/Inet4AddressImpl
instanceKlass java/net/Inet6AddressImpl
instanceKlass java/net/InetAddressImpl
instanceKlass java/util/concurrent/ConcurrentSkipListMap$Node
instanceKlass java/util/concurrent/ConcurrentSkipListMap$Index
instanceKlass java/util/concurrent/ConcurrentNavigableMap
instanceKlass java/net/InetAddress$InetAddressHolder
instanceKlass sun/security/util/SecurityProperties
instanceKlass jdk/internal/util/Exceptions
instanceKlass java/net/InetAddress$1
instanceKlass jdk/internal/access/JavaNetInetAddressAccess
instanceKlass java/net/InetAddress
instanceKlass java/net/InterfaceAddress
instanceKlass java/net/NetworkInterface
instanceKlass sun/security/provider/SeedGenerator
instanceKlass sun/security/provider/AbstractDrbg$SeederHolder
instanceKlass java/security/DrbgParameters$NextBytes
instanceKlass  @bci sun/security/provider/AbstractDrbg <clinit> ()V 12 <appendix> argL0 ; # sun/security/provider/AbstractDrbg$$Lambda+0x000000003f0c4318
instanceKlass  @cpi sun/security/provider/AbstractDrbg 383 form vmentry <vmtarget> ; # java/lang/invoke/LambdaForm$DMH+0x000000003f090400
# instanceKlass java/lang/invoke/LambdaForm$DMH+0x000000003f090000
instanceKlass sun/security/provider/EntropySource
instanceKlass sun/security/provider/AbstractDrbg
instanceKlass java/security/DrbgParameters$Instantiation
instanceKlass java/security/DrbgParameters
instanceKlass sun/security/provider/MoreDrbgParameters
# instanceKlass java/lang/invoke/LambdaForm$MH+0x000000003f089400
instanceKlass java/security/SecureRandomSpi
instanceKlass java/util/AbstractList$Itr
instanceKlass java/io/File$TempDirectory
instanceKlass oracle/dbtools/common/utils/PlatformUtils
instanceKlass  @bci oracle/dbtools/raptor/scriptrunner/cmdline/SqlCli main ([Ljava/lang/String;)V 1 <appendix> argL0 ; # oracle/dbtools/raptor/scriptrunner/cmdline/SqlCli$$Lambda+0x000000003f089800
instanceKlass  @cpi oracle/dbtools/raptor/scriptrunner/cmdline/SqlCli 2227 form vmentry <vmtarget> ; # java/lang/invoke/LambdaForm$DMH+0x000000003f089000
instanceKlass java/util/function/IntConsumer
instanceKlass oracle/dbtools/raptor/newscriptrunner/ICommandHistory
instanceKlass oracle/dbtools/core/util/MessageLogger$TraceLogger
instanceKlass oracle/dbtools/core/util/MessageLogger$ErrorLogger
instanceKlass oracle/dbtools/raptor/utils/IListPrinter
instanceKlass oracle/dbtools/raptor/newscriptrunner/console/IConsoleReader
instanceKlass oracle/dbtools/raptor/newscriptrunner/ProviderForSQLPATH
instanceKlass oracle/dbtools/raptor/utils/IMessageHandler
instanceKlass oracle/dbtools/raptor/utils/IExceptionHandler
instanceKlass oracle/dbtools/plusplus/IBuffer
instanceKlass oracle/dbtools/plusplus/TerminalPosition
instanceKlass oracle/dbtools/plusplus/Editable
instanceKlass oracle/dbtools/plusplus/Listable
instanceKlass oracle/dbtools/plusplus/FileSystem
instanceKlass oracle/dbtools/plusplus/Deletable
instanceKlass oracle/dbtools/plusplus/Clearable
instanceKlass oracle/dbtools/raptor/scriptrunner/cmdline/SqlCli
instanceKlass  @bci com/oracle/dbtools/sqlcl/app/DatabaseToolsSqlCommandLineApp run (Lcom/oracle/dbtools/utils/core/cli/CommandLineInterface;)V 4 <appendix> argL0 ; # com/oracle/dbtools/sqlcl/app/DatabaseToolsSqlCommandLineApp$$Lambda+0x000000003f08e8d8
instanceKlass  @bci com/oracle/dbtools/utils/core/actions/Actions requestResources (Ljava/lang/Object;)Ljava/lang/AutoCloseable; 12 <appendix> argL0 ; # com/oracle/dbtools/utils/core/actions/Actions$$Lambda+0x000000003f08e6b0
instanceKlass com/oracle/dbtools/utils/core/cli/CommandLineInterface$TypeConvertor
instanceKlass com/oracle/dbtools/utils/core/TextualValue$TypeConvertor
instanceKlass com/oracle/dbtools/utils/core/Value$TypeConvertor
instanceKlass com/oracle/dbtools/utils/core/Value
instanceKlass com/oracle/dbtools/utils/core/cli/CommandPath
instanceKlass com/oracle/dbtools/utils/core/CharSequenceTrait
instanceKlass  @bci com/oracle/dbtools/utils/core/cli/CommandLineInterface$Definition <init> (Lcom/oracle/dbtools/utils/core/cli/CommandLineInterface$Definition$Builder;)V 175 <appendix> argL0 ; # com/oracle/dbtools/utils/core/cli/CommandLineInterface$Definition$$Lambda+0x000000003f08d230
instanceKlass  @bci com/oracle/dbtools/utils/core/actions/Actions modify ()Lcom/oracle/dbtools/utils/core/actions/Actions$Builder; 27 <appendix> member <vmtarget> ; # com/oracle/dbtools/utils/core/actions/Actions$$Lambda+0x000000003f08cff0
instanceKlass jdk/internal/loader/Loader$1
instanceKlass  @bci com/oracle/dbtools/app/DatabaseToolsApplication main (Lcom/oracle/dbtools/utils/core/cli/Shell;)V 44 <appendix> member <vmtarget> ; # com/oracle/dbtools/app/DatabaseToolsApplication$$Lambda+0x000000003f08cdb0
instanceKlass  @bci com/oracle/dbtools/utils/core/cli/CommandLineInterface$Definition invoker (Lcom/oracle/dbtools/utils/core/cli/CommandLineInterface$Action;)Ljava/util/function/Consumer; 2 <appendix> member <vmtarget> ; # com/oracle/dbtools/utils/core/cli/CommandLineInterface$Definition$$Lambda+0x000000003f08cb70
instanceKlass  @bci com/oracle/dbtools/app/DatabaseToolsApplication main (Lcom/oracle/dbtools/utils/core/cli/Shell;)V 23 <appendix> member <vmtarget> ; # com/oracle/dbtools/app/DatabaseToolsApplication$$Lambda+0x000000003f08c698
instanceKlass  @bci com/oracle/dbtools/utils/core/cli/Shell execute (Ljava/util/function/Consumer;)Lcom/oracle/dbtools/utils/core/cli/Shell$ExitStatusCode; 6 <appendix> member <vmtarget> ; # com/oracle/dbtools/utils/core/cli/Shell$$Lambda+0x000000003f08c468
instanceKlass  @bci com/oracle/dbtools/app/DatabaseToolsApplication main ([Ljava/lang/String;)V 18 <appendix> argL0 ; # com/oracle/dbtools/app/DatabaseToolsApplication$$Lambda+0x000000003f08c230
instanceKlass java/lang/Thread$ThreadNumbering
instanceKlass  @bci com/oracle/dbtools/utils/core/cli/Shell registerShutdownHook (Ljava/lang/Runtime;)Lcom/oracle/dbtools/utils/core/cli/Shell; 6 <appendix> member <vmtarget> ; # com/oracle/dbtools/utils/core/cli/Shell$$Lambda+0x000000003f08c000
instanceKlass  @bci com/oracle/dbtools/utils/core/cli/Shell$Builder args (Ljava/lang/Iterable;)Lcom/oracle/dbtools/utils/core/cli/Shell$Builder; 2 <appendix> member <vmtarget> ; # com/oracle/dbtools/utils/core/cli/Shell$Builder$$Lambda+0x000000003f081d20
instanceKlass java/lang/ProcessHandleImpl$Info
instanceKlass java/lang/ProcessHandle$Info
instanceKlass jdk/internal/vm/ThreadContainers
instanceKlass jdk/internal/vm/StackableScope
instanceKlass java/util/concurrent/locks/AbstractQueuedSynchronizer$ConditionObject
instanceKlass java/util/concurrent/locks/Condition
instanceKlass java/util/concurrent/LinkedTransferQueue$DualNode
instanceKlass java/util/concurrent/ForkJoinPool$ManagedBlocker
instanceKlass java/util/concurrent/TransferQueue
instanceKlass java/util/concurrent/BlockingQueue
instanceKlass java/util/concurrent/ThreadPoolExecutor$AbortPolicy
instanceKlass java/util/concurrent/RejectedExecutionHandler
instanceKlass java/util/concurrent/AbstractExecutorService
instanceKlass java/util/concurrent/ExecutorService
instanceKlass java/util/concurrent/Executors
instanceKlass  @bci java/lang/ProcessHandleImpl initReaper ()Ljava/util/concurrent/Executor; 45 <appendix> form vmentry <vmtarget> ; # java/lang/invoke/LambdaForm$DMH+0x000000003f088800
instanceKlass  @bci java/lang/ProcessHandleImpl initReaper ()Ljava/util/concurrent/Executor; 45 <appendix> member <vmtarget> ; # java/lang/ProcessHandleImpl$$Lambda+0x000000003f07d720
instanceKlass  @cpi java/lang/ProcessHandleImpl 358 form vmentry <vmtarget> ; # java/lang/invoke/LambdaForm$DMH+0x000000003f088400
# instanceKlass java/lang/invoke/LambdaForm$DMH+0x000000003f088000
instanceKlass jdk/internal/util/random/RandomSupport
instanceKlass java/util/Random
instanceKlass java/util/random/RandomGenerator
instanceKlass java/lang/ProcessHandleImpl
instanceKlass java/lang/ProcessHandle
instanceKlass java/util/Collections$UnmodifiableMap$UnmodifiableEntrySet$UnmodifiableEntry
instanceKlass java/util/Collections$UnmodifiableMap$UnmodifiableEntrySet$1
instanceKlass  @bci com/oracle/dbtools/utils/core/cli/Shell$Builder args ([Ljava/lang/String;)Lcom/oracle/dbtools/utils/core/cli/Shell$Builder; 5 <appendix> member <vmtarget> ; # com/oracle/dbtools/utils/core/cli/Shell$Builder$$Lambda+0x000000003f081ae0
instanceKlass  @bci com/oracle/dbtools/utils/core/cli/Shell$Builder <init> (Lcom/oracle/dbtools/utils/core/cli/Shell$ShutdownHandler;)V 38 <appendix> argL0 ; # com/oracle/dbtools/utils/core/cli/Shell$Builder$$Lambda+0x000000003f0818a8
instanceKlass com/oracle/dbtools/utils/core/TextStreams
instanceKlass java/io/Console$1
instanceKlass jdk/internal/access/JavaIOAccess
instanceKlass java/util/AbstractMap$ValueIterator
instanceKlass jdk/internal/org/jline/JdkConsoleProviderImpl
instanceKlass jdk/internal/io/JdkConsole
instanceKlass jdk/jshell/execution/impl/ConsoleImpl$ConsoleProviderImpl
instanceKlass java/util/ServiceLoader$LayerLookupIterator
instanceKlass jdk/internal/io/JdkConsoleProvider
instanceKlass java/io/Console
instanceKlass com/oracle/dbtools/utils/core/cli/Consoles
instanceKlass com/oracle/dbtools/utils/core/Stdio
instanceKlass com/oracle/dbtools/utils/core/cli/Shell$ShutdownHandler
instanceKlass sun/util/locale/InternalLocaleBuilder$CaseInsensitiveChar
instanceKlass sun/util/locale/InternalLocaleBuilder
instanceKlass sun/util/locale/StringTokenIterator
instanceKlass java/text/ParsePosition
instanceKlass  @bci com/oracle/dbtools/utils/core/l8n/SystemLocale locale ()Ljava/util/Locale; 150 <appendix> argL0 ; # com/oracle/dbtools/utils/core/l8n/SystemLocale$$Lambda+0x000000003f086258
instanceKlass com/oracle/dbtools/utils/core/l8n/SystemLocale
instanceKlass com/oracle/dbtools/utils/core/OrderedCollections
instanceKlass  @bci com/oracle/dbtools/utils/core/SystemContext$Builder environment (Ljava/util/Map;)Lcom/oracle/dbtools/utils/core/SystemContext$Builder; 6 <appendix> member <vmtarget> ; # com/oracle/dbtools/utils/core/SystemContext$Builder$$Lambda+0x000000003f085be8
instanceKlass  @cpi oracle/dbtools/core/system/SystemContext$Builder 139 form vmentry <vmtarget> ; # java/lang/invoke/LambdaForm$DMH+0x000000003f080c00
instanceKlass java/lang/ProcessEnvironment$CheckedEntry
instanceKlass java/lang/ProcessEnvironment$CheckedEntrySet$1
instanceKlass java/lang/ProcessEnvironment$EntryComparator
instanceKlass java/lang/ProcessEnvironment$NameComparator
instanceKlass  @bci com/oracle/dbtools/utils/core/logging/LogPublisher <clinit> ()V 25 <appendix> argL0 ; # com/oracle/dbtools/utils/core/logging/LogPublisher$$Lambda+0x000000003f0859b0
instanceKlass  @bci com/oracle/dbtools/utils/core/logging/LogPublisher <clinit> ()V 5 <appendix> argL0 ; # com/oracle/dbtools/utils/core/logging/LogPublisher$$Lambda+0x000000003f085788
instanceKlass  @bci com/oracle/dbtools/utils/core/ServiceLoaders find (Ljava/util/ServiceLoader;)Ljava/util/Optional; 29 <appendix> member <vmtarget> ; # com/oracle/dbtools/utils/core/ServiceLoaders$$Lambda+0x000000003f085558
instanceKlass com/oracle/dbtools/app/DatabaseToolsLogProvider$Factory
instanceKlass java/util/concurrent/atomic/AtomicReference
instanceKlass com/oracle/dbtools/utils/core/logging/LogPublisher$Configuration
instanceKlass java/util/logging/ErrorManager
instanceKlass jdk/internal/logger/SimpleConsoleLogger$Formatting
instanceKlass  @bci java/util/logging/SimpleFormatter <init> ()V 5 <appendix> argL0 ; # java/util/logging/SimpleFormatter$$Lambda+0x000000003f078908
instanceKlass java/util/stream/ReduceOps$2ReducingSink
instanceKlass  @bci java/util/function/BinaryOperator maxBy (Ljava/util/Comparator;)Ljava/util/function/BinaryOperator; 6 <appendix> member <vmtarget> ; # java/util/function/BinaryOperator$$Lambda+0x000000003f077ec0
instanceKlass  @bci java/util/Comparator comparingInt (Ljava/util/function/ToIntFunction;)Ljava/util/Comparator; 6 <appendix> member <vmtarget> ; # java/util/Comparator$$Lambda+0x000000003f077c18
instanceKlass java/lang/invoke/TypeConvertingMethodAdapter$1
instanceKlass java/lang/classfile/constantpool/IntegerEntry
instanceKlass sun/invoke/util/BytecodeDescriptor
instanceKlass java/lang/classfile/constantpool/StringEntry
instanceKlass java/lang/classfile/constantpool/ConstantValueEntry
instanceKlass java/lang/invoke/InnerClassLambdaMetafactory$4
instanceKlass java/lang/invoke/InnerClassLambdaMetafactory$SerializationSupport
instanceKlass  @cpi java/util/Comparator 262 form vmentry <vmtarget> ; # java/lang/invoke/LambdaForm$DMH+0x000000003f080800
instanceKlass  @bci com/oracle/dbtools/utils/core/logging/LogPublisher$Message$DefaultFormatter <clinit> ()V 11 <appendix> argL0 ; # com/oracle/dbtools/utils/core/logging/LogPublisher$Message$DefaultFormatter$$Lambda+0x000000003f084ac8
instanceKlass  @cpi reactor/core/scheduler/Schedulers 721 form vmentry <vmtarget> ; # java/lang/invoke/LambdaForm$DMH+0x000000003f080400
instanceKlass java/util/function/ToIntFunction
instanceKlass com/oracle/dbtools/utils/core/logging/LogPublisher$Message$DefaultFormatter
instanceKlass com/oracle/dbtools/utils/core/logging/LogPublisher$Message$Formatter
instanceKlass com/oracle/dbtools/utils/core/logging/LogPublisher$Message
instanceKlass com/oracle/dbtools/utils/core/logging/JulLogPublisher$1
instanceKlass java/util/logging/Logger$SystemLoggerHelper
instanceKlass java/util/logging/Formatter
instanceKlass com/oracle/dbtools/utils/core/logging/PlatformLoggerPublisher$Factory
instanceKlass com/oracle/dbtools/utils/core/logging/LogPublisher$Factory
instanceKlass com/oracle/dbtools/app/DatabaseToolsLogProvider
instanceKlass jdk/internal/logger/BootstrapLogger$BootstrapExecutors
instanceKlass java/io/FileInputStream$1
instanceKlass  @bci java/util/logging/Level$KnownLevel findByName (Ljava/lang/String;Ljava/util/function/Function;)Ljava/util/Optional; 29 <appendix> argL0 ; # java/util/logging/Level$KnownLevel$$Lambda+0x800000022
instanceKlass  @bci java/util/logging/Level findLevel (Ljava/lang/String;)Ljava/util/logging/Level; 13 <appendix> argL0 ; # java/util/logging/Level$$Lambda+0x80000001f
instanceKlass java/util/Hashtable$Enumerator
instanceKlass java/util/Collections$3
instanceKlass java/util/logging/LogManager$VisitedLoggers
instanceKlass  @bci oracle/dbtools/raptor/newscriptrunner/CommandRegistry addListener (Ljava/lang/Class;Loracle/dbtools/raptor/newscriptrunner/SQLCommand$StmtSubType;)V 236 <appendix> form vmentry <vmtarget> ; # java/lang/invoke/LambdaForm$MH+0x000000003f080000
instanceKlass java/util/logging/Logger$ConfigurationData
instanceKlass java/util/logging/Logger$LoggerBundle
instanceKlass java/util/logging/Handler
instanceKlass java/util/logging/Logger
instanceKlass java/util/logging/LogManager$LoggingProviderAccess
instanceKlass java/lang/Shutdown$Lock
instanceKlass java/lang/Shutdown
instanceKlass java/lang/ApplicationShutdownHooks$1
instanceKlass java/lang/ApplicationShutdownHooks
instanceKlass java/util/logging/LogManager$LogNode
instanceKlass java/util/logging/LogManager$LoggerContext
instanceKlass  @bci java/util/logging/Level$KnownLevel add (Ljava/util/logging/Level;)V 49 <appendix> argL0 ; # java/util/logging/Level$KnownLevel$$Lambda+0x800000021
instanceKlass  @bci java/util/logging/Level$KnownLevel add (Ljava/util/logging/Level;)V 19 <appendix> argL0 ; # java/util/logging/Level$KnownLevel$$Lambda+0x800000020
instanceKlass java/util/logging/Level
instanceKlass java/util/logging/LogManager
instanceKlass jdk/internal/logger/LoggerFinderLoader
instanceKlass com/oracle/dbtools/utils/core/ServiceLoaders
instanceKlass com/oracle/dbtools/utils/core/logging/LogPublisherProvider
instanceKlass com/oracle/dbtools/utils/core/logging/LogPublisher
instanceKlass java/time/Clock
instanceKlass java/time/InstantSource
instanceKlass com/oracle/dbtools/utils/core/cli/Shell$ExitStatusCode
instanceKlass com/oracle/dbtools/utils/core/cli/Console
instanceKlass com/oracle/dbtools/utils/core/SystemContext$Builder
# instanceKlass java/lang/invoke/LambdaForm$MH+0x000000003f058c00
# instanceKlass java/lang/invoke/LambdaForm$MH+0x000000003f058800
# instanceKlass java/lang/invoke/LambdaForm$MH+0x000000003f058400
instanceKlass com/oracle/dbtools/sqlcl/app/DatabaseToolsSqlCommandLineApp
instanceKlass com/oracle/dbtools/keygen/app/DatabaseToolsKeyGeneratorApp
instanceKlass com/oracle/dbtools/server/common/bridge/metadata/DatabaseToolsMetadataApp
instanceKlass com/oracle/dbtools/utils/core/pki/Fingerprints
instanceKlass com/oracle/dbtools/utils/core/pki/SigningMaterial
instanceKlass  @bci com/oracle/dbtools/utils/core/actions/Actions$Builder merge (Lcom/oracle/dbtools/utils/core/actions/Actions;)Lcom/oracle/dbtools/utils/core/actions/Actions$Builder; 21 <appendix> member <vmtarget> ; # com/oracle/dbtools/utils/core/actions/Actions$Builder$$Lambda+0x000000003f05e848
instanceKlass  @bci com/oracle/dbtools/utils/core/cli/CommandLineInterface$Definition$Builder merge (Lcom/oracle/dbtools/utils/core/cli/CommandLineInterface$Definition;)Lcom/oracle/dbtools/utils/core/cli/CommandLineInterface$Definition$Builder; 45 <appendix> member <vmtarget> ; # com/oracle/dbtools/utils/core/cli/CommandLineInterface$Definition$Builder$$Lambda+0x000000003f05e608
instanceKlass  @bci com/oracle/dbtools/utils/core/cli/CommandLineInterface$Definition$Builder merge (Lcom/oracle/dbtools/utils/core/cli/CommandLineInterface$Definition;)Lcom/oracle/dbtools/utils/core/cli/CommandLineInterface$Definition$Builder; 30 <appendix> member <vmtarget> ; # com/oracle/dbtools/utils/core/cli/CommandLineInterface$Definition$Builder$$Lambda+0x000000003f05e3c8
instanceKlass  @bci com/oracle/dbtools/utils/core/cli/CommandLineInterface$Definition$Builder merge (Lcom/oracle/dbtools/utils/core/cli/CommandLineInterface$Definition;)Lcom/oracle/dbtools/utils/core/cli/CommandLineInterface$Definition$Builder; 10 <appendix> member <vmtarget> ; # com/oracle/dbtools/utils/core/cli/CommandLineInterface$Definition$Builder$$Lambda+0x000000003f05e188
instanceKlass  @bci com/oracle/dbtools/utils/core/cli/CommandLineInterface <clinit> ()V 110 <appendix> argL0 ; # com/oracle/dbtools/utils/core/cli/CommandLineInterface$$Lambda+0x000000003f05df50
instanceKlass  @bci com/oracle/dbtools/utils/core/cli/CommandLineInterface <clinit> ()V 93 <appendix> argL0 ; # com/oracle/dbtools/utils/core/cli/CommandLineInterface$$Lambda+0x000000003f05dd18
instanceKlass com/oracle/dbtools/utils/core/cli/CommandLineInterface$Definition$ActionRegistration
instanceKlass com/oracle/dbtools/utils/core/predicates/Predicates$BasePredicate
instanceKlass com/oracle/dbtools/utils/core/predicates/KeyedPredicate
instanceKlass com/oracle/dbtools/utils/core/cli/CommandLinePredicates
instanceKlass  @bci com/oracle/dbtools/utils/core/actions/Actions copyOf (Ljava/util/Collection;)Ljava/util/List; 17 <appendix> member <vmtarget> ; # com/oracle/dbtools/utils/core/actions/Actions$$Lambda+0x000000003f05cf70
instanceKlass com/oracle/dbtools/utils/core/actions/Actions$ImmutableRegistration
instanceKlass  @bci com/oracle/dbtools/utils/core/actions/Actions copyOf (Ljava/util/Collection;)Ljava/util/List; 6 <appendix> argL0 ; # com/oracle/dbtools/utils/core/actions/Actions$$Lambda+0x000000003f05cab0
instanceKlass com/oracle/dbtools/utils/core/actions/Actions$Registration
instanceKlass com/oracle/dbtools/utils/core/cli/CommandLineInterface$Option$Builder
instanceKlass com/oracle/dbtools/utils/core/cli/CommandLineInterface$Option
instanceKlass com/oracle/dbtools/utils/core/cli/CommandLineInterface$StandardOptions
instanceKlass  @bci com/oracle/dbtools/utils/core/actions/Actions$Builder onError (Ljava/util/function/BiConsumer;)Lcom/oracle/dbtools/utils/core/actions/Actions$Builder; 7 <appendix> member <vmtarget> ; # com/oracle/dbtools/utils/core/actions/Actions$Builder$$Lambda+0x000000003f057b20
instanceKlass  @cpi com/oracle/dbtools/utils/core/actions/Actions$Builder 188 form vmentry <vmtarget> ; # java/lang/invoke/LambdaForm$DMH+0x000000003f058000
instanceKlass  @bci com/oracle/dbtools/utils/core/cli/CommandLineInterface$Definition$Builder <init> (Ljava/lang/String;Lcom/oracle/dbtools/utils/core/cli/CommandLineInterface$Definition$Builder;)V 56 <appendix> argL0 ; # com/oracle/dbtools/utils/core/cli/CommandLineInterface$Definition$Builder$$Lambda+0x000000003f0578e8
instanceKlass com/oracle/dbtools/utils/core/cli/ErrorHandler
instanceKlass  @bci com/oracle/dbtools/utils/core/actions/Actions$Builder <init> (Ljava/util/function/Predicate;)V 30 <appendix> argL0 ; # com/oracle/dbtools/utils/core/actions/Actions$Builder$$Lambda+0x000000003f0574a0
instanceKlass com/oracle/dbtools/utils/core/actions/Actions$Listener
instanceKlass  @bci com/oracle/dbtools/utils/core/actions/Actions$Builder <init> (Ljava/util/function/Predicate;)V 21 <appendix> argL0 ; # com/oracle/dbtools/utils/core/actions/Actions$Builder$$Lambda+0x000000003f057060
instanceKlass com/oracle/dbtools/utils/core/errors/ErrorCategory$Trait
instanceKlass com/oracle/dbtools/utils/core/actions/Actions$Builder
instanceKlass com/oracle/dbtools/utils/core/actions/Actions
instanceKlass  @bci com/oracle/dbtools/utils/core/cli/CommandLineInterface$Definition$Builder <init> (Ljava/lang/String;Lcom/oracle/dbtools/utils/core/cli/CommandLineInterface$Definition$Builder;)V 48 <appendix> argL0 ; # com/oracle/dbtools/utils/core/cli/CommandLineInterface$Definition$Builder$$Lambda+0x000000003f0562a0
instanceKlass com/oracle/dbtools/utils/core/cli/CommandLineInterface$Definition$Builder
instanceKlass java/util/Formattable
instanceKlass java/util/Formatter$FormatSpecifier
instanceKlass java/util/Formatter$FormatString
instanceKlass java/util/Formatter$Flags
instanceKlass java/util/Formatter$FormatSpecifierParser
instanceKlass java/util/Formatter$Conversion
instanceKlass java/util/Formatter
instanceKlass java/lang/StringConcatHelper$StringConcatBase
instanceKlass java/lang/invoke/StringConcatFactory$InlineHiddenClassStrategy$2
instanceKlass java/lang/invoke/StringConcatFactory$InlineHiddenClassStrategy$1
instanceKlass java/lang/invoke/StringConcatFactory$InlineHiddenClassStrategy
instanceKlass java/lang/invoke/StringConcatFactory
instanceKlass com/oracle/dbtools/utils/core/cli/CommandLineInterface$Definition
instanceKlass com/oracle/dbtools/utils/core/cli/CommandLineInterface$Argument$Builder
instanceKlass com/oracle/dbtools/utils/core/cli/CommandLineInterface$Argument
instanceKlass com/oracle/dbtools/utils/core/l8n/LocalizableExceptionTrait
instanceKlass com/oracle/dbtools/utils/core/l8n/Localizable
instanceKlass com/oracle/dbtools/utils/core/l8n/HasLocalizableErrorMessage
instanceKlass com/oracle/dbtools/utils/core/logging/LogPublisher$HasLevel
instanceKlass com/oracle/dbtools/utils/core/cli/CommandLineInterface
instanceKlass com/oracle/dbtools/utils/core/cli/PrintTrait
instanceKlass com/oracle/dbtools/server/core/DatabaseToolsServerFeature$Factory
instanceKlass com/oracle/dbtools/utils/core/tasks/Task$Executor
instanceKlass java/util/concurrent/Executor
instanceKlass com/oracle/dbtools/utils/core/web/server/WebContainer$Definition
instanceKlass com/oracle/dbtools/utils/core/web/common/Web$Marshaller
instanceKlass com/oracle/dbtools/utils/core/web/common/Web$Common$Definition
instanceKlass com/oracle/dbtools/utils/core/cli/CommandLineInterface$ValueType
instanceKlass com/oracle/dbtools/server/app/DatabaseToolsServerApp
instanceKlass com/oracle/dbtools/utils/core/cli/CommandLineApplication
instanceKlass com/oracle/dbtools/utils/core/cli/CommandLineInterface$Action
instanceKlass java/util/Collections$SynchronizedCollection
instanceKlass java/util/Properties$EntrySet
instanceKlass com/oracle/dbtools/utils/core/ByteStreams
instanceKlass sun/net/www/MessageHeader
instanceKlass sun/net/www/protocol/jar/JarFileFactory
instanceKlass sun/net/www/protocol/jar/URLJarFile$URLJarFileCloseController
instanceKlass java/net/URLConnection
instanceKlass sun/net/www/ParseUtil
instanceKlass com/oracle/dbtools/server/core/ProductVersion$Builder
instanceKlass com/oracle/dbtools/server/core/ProductVersion
instanceKlass jdk/internal/util/DateTimeHelper
instanceKlass java/time/Instant$1
instanceKlass java/time/format/DateTimePrintContext
instanceKlass  @bci java/time/format/DateTimeFormatter <clinit> ()V 1075 <appendix> argL0 ; # java/time/format/DateTimeFormatter$$Lambda+0x80000001b
instanceKlass  @bci java/time/format/DateTimeFormatter <clinit> ()V 1067 <appendix> argL0 ; # java/time/format/DateTimeFormatter$$Lambda+0x80000001a
instanceKlass java/time/Period
instanceKlass java/time/chrono/ChronoPeriod
instanceKlass java/time/format/DateTimeFormatterBuilder$TextPrinterParser
instanceKlass java/time/format/DateTimeTextProvider$1
instanceKlass java/time/format/DateTimeTextProvider
instanceKlass java/util/Collections$1
instanceKlass java/util/AbstractMap$SimpleImmutableEntry
instanceKlass java/time/format/DateTimeTextProvider$LocaleStore
instanceKlass java/time/format/DateTimeFormatterBuilder$InstantPrinterParser
instanceKlass java/time/format/DateTimeFormatterBuilder$StringLiteralPrinterParser
instanceKlass java/time/format/DateTimeFormatterBuilder$ZoneIdPrinterParser
instanceKlass java/time/format/DateTimeFormatterBuilder$OffsetIdPrinterParser
instanceKlass java/time/format/DecimalStyle
instanceKlass java/time/format/DateTimeFormatterBuilder$CompositePrinterParser
instanceKlass java/time/chrono/AbstractChronology
instanceKlass java/time/chrono/Chronology
instanceKlass java/time/format/DateTimeFormatterBuilder$CharLiteralPrinterParser
instanceKlass java/time/format/DateTimeFormatterBuilder$NumberPrinterParser
instanceKlass java/time/format/DateTimeFormatterBuilder$DateTimePrinterParser
instanceKlass java/time/temporal/JulianFields
instanceKlass java/time/temporal/IsoFields
instanceKlass  @bci java/time/format/DateTimeFormatterBuilder <clinit> ()V 0 <appendix> argL0 ; # java/time/format/DateTimeFormatterBuilder$$Lambda+0x80000001c
instanceKlass java/time/temporal/TemporalQuery
instanceKlass java/time/format/DateTimeFormatterBuilder
instanceKlass java/time/format/DateTimeFormatter
instanceKlass com/oracle/dbtools/server/core/DefaultProductVersion
instanceKlass com/oracle/dbtools/utils/core/web/common/Web$Entity$Builder
instanceKlass com/oracle/dbtools/utils/core/web/common/Web$HeaderDefinition
instanceKlass com/oracle/dbtools/utils/core/TextMultiMap$Definition
instanceKlass com/oracle/dbtools/utils/core/web/common/Web$ResponseInfo
instanceKlass com/oracle/dbtools/utils/core/web/common/Web$HasStatus
instanceKlass com/oracle/dbtools/utils/core/web/common/Web$MessageHeader
instanceKlass com/oracle/dbtools/utils/core/web/common/Web$HasHeaders
instanceKlass com/oracle/dbtools/utils/core/web/common/Web$HeaderInfo
instanceKlass com/oracle/dbtools/utils/core/TextMultiMap
instanceKlass com/oracle/dbtools/utils/core/MultiMap
instanceKlass com/oracle/dbtools/server/core/ProductVersionFeature
instanceKlass com/oracle/dbtools/server/core/DatabaseToolsServerFeature
instanceKlass  @bci oracle/dbtools/module/api/Modules$MainClass mainMethod ()Loracle/dbtools/module/api/Modules$MainMethod; 35 <appendix> member <vmtarget> ; # oracle/dbtools/module/api/Modules$MainClass$$Lambda+0x000000003f047ae0
instanceKlass oracle/dbtools/module/api/Modules$MainMethod
instanceKlass com/oracle/dbtools/utils/core/SystemContext$Base
instanceKlass com/oracle/dbtools/utils/core/cli/HasExitStatusCode
instanceKlass com/oracle/dbtools/utils/core/SystemContext
instanceKlass com/oracle/dbtools/app/DatabaseToolsApplication
instanceKlass  @bci jdk/internal/loader/Loader moduleReaderFor (Ljava/lang/module/ModuleReference;)Ljava/lang/module/ModuleReader; 7 <appendix> member <vmtarget> ; # jdk/internal/loader/Loader$$Lambda+0x000000003f06f9f8
instanceKlass oracle/dbtools/module/api/Modules$MainClass
instanceKlass  @bci oracle/dbtools/module/api/Modules$Coordinates using (Ljava/lang/ModuleLayer;)Loracle/dbtools/module/api/Modules$MainClass; 9 <appendix> member <vmtarget> ; # oracle/dbtools/module/api/Modules$Coordinates$$Lambda+0x000000003f047488
instanceKlass  @bci java/lang/WeakPairMap computeIfAbsent (Ljava/lang/Object;Ljava/lang/Object;Ljava/util/function/BiFunction;)Ljava/lang/Object; 18 <appendix> member <vmtarget> ; # java/lang/WeakPairMap$$Lambda+0x000000003f06f7a8
instanceKlass  @bci java/lang/Module implAddExportsOrOpens (Ljava/lang/String;Ljava/lang/Module;ZZ)V 151 <appendix> argL0 ; # java/lang/Module$$Lambda+0x000000003f06f570
instanceKlass  @bci com/oracle/dbtools/launch/DatabaseToolsLaunch configureLayer (Loracle/dbtools/module/api/Modules$Context;)V 18 <appendix> member <vmtarget> ; # com/oracle/dbtools/launch/DatabaseToolsLaunch$$Lambda+0x000000003f046fe0
# instanceKlass java/lang/invoke/LambdaForm$MH+0x000000003f04cc00
# instanceKlass java/lang/invoke/LambdaForm$MH+0x000000003f04c800
# instanceKlass java/lang/invoke/LambdaForm$MH+0x000000003f04c400
# instanceKlass com/oracle/dbtools/launch/DatabaseToolsLaunch$$InjectedInvoker+0x000000003f04c000
instanceKlass java/lang/invoke/MethodHandleImpl$BindCaller$InjectedInvokerHolder
# instanceKlass java/lang/invoke/LambdaForm$MH+0x000000003f04bc00
instanceKlass java/lang/invoke/MethodHandleImpl$CasesHolder
instanceKlass java/lang/invoke/MethodHandleImpl$LoopClauses
# instanceKlass java/lang/invoke/LambdaForm$MH+0x000000003f04b800
# instanceKlass java/lang/invoke/LambdaForm$MH+0x000000003f04b400
instanceKlass  @bci java/lang/invoke/MethodHandleImpl$BindCaller lambda$generateInvokerTemplate$0 (Ljava/lang/classfile/ClassBuilder;)V 77 <appendix> argL0 ; # java/lang/invoke/MethodHandleImpl$BindCaller$$Lambda+0x000000003f06ed68
instanceKlass  @bci java/lang/invoke/MethodHandleImpl$BindCaller lambda$generateInvokerTemplate$0 (Ljava/lang/classfile/ClassBuilder;)V 34 <appendix> argL0 ; # java/lang/invoke/MethodHandleImpl$BindCaller$$Lambda+0x000000003f06eb30
instanceKlass  @bci java/lang/invoke/MethodHandleImpl$BindCaller generateInvokerTemplate ()[B 9 <appendix> argL0 ; # java/lang/invoke/MethodHandleImpl$BindCaller$$Lambda+0x000000003f06e8f8
instanceKlass java/lang/invoke/MethodHandleImpl$BindCaller
instanceKlass  @bci oracle/dbtools/module/api/Modules <init> (Loracle/dbtools/module/api/Modules$Builder;)V 120 <appendix> member <vmtarget> ; # oracle/dbtools/module/api/Modules$$Lambda+0x000000003f046da0
instanceKlass  @bci java/lang/ModuleLayer findModule (Ljava/lang/String;)Ljava/util/Optional; 60 <appendix> argL0 ; # java/lang/ModuleLayer$$Lambda+0x000000003f06dfc8
instanceKlass  @bci java/lang/ModuleLayer findModule (Ljava/lang/String;)Ljava/util/Optional; 50 <appendix> member <vmtarget> ; # java/lang/ModuleLayer$$Lambda+0x000000003f06dd78
instanceKlass  @bci java/lang/Module findModule (Ljava/lang/ModuleLayer;Ljava/lang/module/ResolvedModule;)Ljava/lang/Module; 31 <appendix> member <vmtarget> ; # java/lang/Module$$Lambda+0x000000003f06d3d0
instanceKlass  @bci java/lang/Module findModule (Ljava/lang/ModuleLayer;Ljava/lang/module/ResolvedModule;)Ljava/lang/Module; 15 <appendix> member <vmtarget> ; # java/lang/Module$$Lambda+0x000000003f06d170
instanceKlass  @bci java/lang/ModuleLayer defineModulesWithOneLoader (Ljava/lang/module/Configuration;Ljava/util/List;Ljava/lang/ClassLoader;)Ljava/lang/ModuleLayer$Controller; 40 <appendix> member <vmtarget> ; # java/lang/ModuleLayer$$Lambda+0x000000003f06cf20
instanceKlass  @bci jdk/internal/loader/Loader initRemotePackageMap (Ljava/lang/module/Configuration;Ljava/util/List;)Ljdk/internal/loader/Loader; 221 <appendix> argL0 ; # jdk/internal/loader/Loader$$Lambda+0x000000003f06ccf8
instanceKlass  @bci jdk/internal/loader/Loader findModuleLayer (Ljava/lang/ModuleLayer;Ljava/lang/module/Configuration;)Ljava/util/Optional; 10 <appendix> member <vmtarget> ; # jdk/internal/loader/Loader$$Lambda+0x000000003f06ca98
instanceKlass  @bci jdk/internal/loader/Loader initRemotePackageMap (Ljava/lang/module/Configuration;Ljava/util/List;)Ljdk/internal/loader/Loader; 206 <appendix> argL0 ; # jdk/internal/loader/Loader$$Lambda+0x000000003f06c850
instanceKlass  @bci jdk/internal/loader/Loader initRemotePackageMap (Ljava/lang/module/Configuration;Ljava/util/List;)Ljdk/internal/loader/Loader; 196 <appendix> member <vmtarget> ; # jdk/internal/loader/Loader$$Lambda+0x000000003f06c600
instanceKlass jdk/internal/loader/Loader$LoadedModule
instanceKlass  @bci jdk/internal/loader/Loader <init> (Ljava/util/Collection;Ljava/lang/ClassLoader;)V 121 <appendix> member <vmtarget> ; # jdk/internal/loader/Loader$$Lambda+0x000000003f06c190
instanceKlass  @bci java/lang/module/Configuration findModule (Ljava/lang/String;)Ljava/util/Optional; 61 <appendix> argL0 ; # java/lang/module/Configuration$$Lambda+0x000000003f06b978
instanceKlass  @bci java/lang/module/Configuration findModule (Ljava/lang/String;)Ljava/util/Optional; 51 <appendix> member <vmtarget> ; # java/lang/module/Configuration$$Lambda+0x000000003f06b728
instanceKlass java/util/stream/SliceOps
instanceKlass  @bci java/lang/module/Resolver makeGraph (Ljava/lang/module/Configuration;)Ljava/util/Map; 571 <appendix> member <vmtarget> ; # java/lang/module/Resolver$$Lambda+0x000000003f06ad88
instanceKlass  @cpi oracle/dbtools/module/api/Modules$MainClass 109 form vmentry <vmtarget> ; # java/lang/invoke/LambdaForm$DMH+0x000000003f04b000
instanceKlass  @bci java/lang/module/Resolver makeGraph (Ljava/lang/module/Configuration;)Ljava/util/Map; 557 <appendix> argL0 ; # java/lang/module/Resolver$$Lambda+0x000000003f06ab40
instanceKlass  @bci java/lang/module/Resolver makeGraph (Ljava/lang/module/Configuration;)Ljava/util/Map; 547 <appendix> argL0 ; # java/lang/module/Resolver$$Lambda+0x000000003f06a8f8
instanceKlass  @bci java/util/stream/Collectors lambda$groupingBy$0 (Ljava/util/function/Function;Ljava/util/function/Supplier;Ljava/util/function/BiConsumer;Ljava/util/Map;Ljava/lang/Object;)V 20 <appendix> member <vmtarget> ; # java/util/stream/Collectors$$Lambda+0x000000003f06a6a8
instanceKlass  @bci java/lang/module/Resolver lambda$makeGraph$1 (Ljava/lang/module/Configuration;Ljava/lang/module/ResolvedModule;)Ljava/util/stream/Stream; 34 <appendix> member <vmtarget> ; # java/lang/module/Resolver$$Lambda+0x000000003f06a458
instanceKlass  @bci java/lang/module/Resolver lambda$makeGraph$1 (Ljava/lang/module/Configuration;Ljava/lang/module/ResolvedModule;)Ljava/util/stream/Stream; 23 <appendix> member <vmtarget> ; # java/lang/module/Resolver$$Lambda+0x000000003f06a208
instanceKlass  @bci java/lang/module/Resolver lambda$makeGraph$1 (Ljava/lang/module/Configuration;Ljava/lang/module/ResolvedModule;)Ljava/util/stream/Stream; 12 <appendix> argL0 ; # java/lang/module/Resolver$$Lambda+0x000000003f069fb0
instanceKlass  @bci java/lang/module/Resolver lambda$makeGraph$0 (Ljava/lang/module/Configuration;)Ljava/util/stream/Stream; 10 <appendix> member <vmtarget> ; # java/lang/module/Resolver$$Lambda+0x000000003f069d60
instanceKlass  @bci java/util/stream/Collectors mapMerger (Ljava/util/function/BinaryOperator;)Ljava/util/function/BinaryOperator; 1 <appendix> member <vmtarget> ; # java/util/stream/Collectors$$Lambda+0x000000003f069b08
instanceKlass  @bci java/util/stream/Collectors groupingBy (Ljava/util/function/Function;Ljava/util/function/Supplier;Ljava/util/stream/Collector;)Ljava/util/stream/Collector; 19 <appendix> member <vmtarget> ; # java/util/stream/Collectors$$Lambda+0x000000003f0698c8
instanceKlass  @cpi java/util/stream/Collectors 1304 form vmentry <vmtarget> ; # java/lang/invoke/LambdaForm$DMH+0x000000003f04ac00
instanceKlass  @bci java/util/stream/Collectors mapping (Ljava/util/function/Function;Ljava/util/stream/Collector;)Ljava/util/stream/Collector; 19 <appendix> member <vmtarget> ; # java/util/stream/Collectors$$Lambda+0x000000003f069688
instanceKlass  @bci java/lang/module/Resolver makeGraph (Ljava/lang/module/Configuration;)Ljava/util/Map; 74 <appendix> argL0 ; # java/lang/module/Resolver$$Lambda+0x000000003f069440
instanceKlass  @bci java/lang/module/Resolver makeGraph (Ljava/lang/module/Configuration;)Ljava/util/Map; 69 <appendix> argL0 ; # java/lang/module/Resolver$$Lambda+0x000000003f069218
instanceKlass  @bci java/lang/module/Resolver makeGraph (Ljava/lang/module/Configuration;)Ljava/util/Map; 64 <appendix> argL0 ; # java/lang/module/Resolver$$Lambda+0x000000003f068fd0
instanceKlass  @cpi java/lang/module/Resolver 822 form vmentry <vmtarget> ; # java/lang/invoke/LambdaForm$DMH+0x000000003f04a800
instanceKlass  @bci java/lang/module/Resolver makeGraph (Ljava/lang/module/Configuration;)Ljava/util/Map; 54 <appendix> argL0 ; # java/lang/module/Resolver$$Lambda+0x000000003f068d88
instanceKlass  @bci java/lang/module/Resolver makeGraph (Ljava/lang/module/Configuration;)Ljava/util/Map; 39 <appendix> argL0 ; # java/lang/module/Resolver$$Lambda+0x000000003f068b40
instanceKlass java/util/ArrayList$ArrayListSpliterator
instanceKlass  @bci java/lang/module/Resolver resolve (Ljava/util/Deque;)Ljava/util/Set; 78 <appendix> member <vmtarget> ; # java/lang/module/Resolver$$Lambda+0x000000003f068900
instanceKlass  @bci java/lang/module/Resolver addFoundAutomaticModules ()Ljava/util/Set; 14 <appendix> member <vmtarget> ; # java/lang/module/Resolver$$Lambda+0x000000003f0686c0
instanceKlass  @bci java/util/stream/Collectors toList ()Ljava/util/stream/Collector; 14 <appendix> argL0 ; # java/util/stream/Collectors$$Lambda+0x000000003f068470
instanceKlass  @bci java/util/stream/Collectors toList ()Ljava/util/stream/Collector; 9 <appendix> argL0 ; # java/util/stream/Collectors$$Lambda+0x000000003f068238
instanceKlass  @bci java/util/stream/Collectors toList ()Ljava/util/stream/Collector; 4 <appendix> argL0 ; # java/util/stream/Collectors$$Lambda+0x000000003f068010
instanceKlass  @bci oracle/dbtools/module/api/Modules <init> (Loracle/dbtools/module/api/Modules$Builder;)V 43 <appendix> argL0 ; # oracle/dbtools/module/api/Modules$$Lambda+0x000000003f046b58
instanceKlass  @bci oracle/dbtools/module/api/ModuleSearch find (Ljava/lang/String;)Ljava/util/Optional; 6 <appendix> member <vmtarget> ; # oracle/dbtools/module/api/ModuleSearch$$Lambda+0x000000003f046908
instanceKlass oracle/dbtools/module/api/Modules$Coordinates
instanceKlass jdk/internal/invoke/MhUtil
instanceKlass java/util/concurrent/atomic/AtomicBoolean
instanceKlass sun/security/util/ManifestEntryVerifier$SunProviderHolder
instanceKlass java/util/Base64$Encoder
instanceKlass java/util/Base64$Decoder
instanceKlass java/util/Base64
instanceKlass javax/crypto/SecretKey
instanceKlass sun/security/util/Length
instanceKlass sun/security/util/KeyUtil
instanceKlass  @bci sun/security/util/DisabledAlgorithmConstraints getNamedParametersFromKey (Ljava/security/Key;)Ljava/util/List; 11 <appendix> member <vmtarget> ; # sun/security/util/DisabledAlgorithmConstraints$$TypeSwitch+0x000000003f066510
# instanceKlass java/lang/invoke/LambdaForm$MH+0x000000003f04a400
# instanceKlass java/lang/invoke/LambdaForm$MH+0x000000003f04a000
instanceKlass jdk/internal/classfile/impl/BytecodeHelpers$1
# instanceKlass java/lang/invoke/LambdaForm$MH+0x000000003f049c00
# instanceKlass java/lang/invoke/LambdaForm$DMH+0x000000003f049800
# instanceKlass java/lang/invoke/LambdaForm$DMH+0x000000003f049400
instanceKlass java/lang/ClassValue$RemovalToken
instanceKlass java/lang/ClassValue$Identity
instanceKlass java/lang/ClassValue$Entry
instanceKlass java/lang/ClassValue
instanceKlass java/lang/invoke/MethodHandleImpl$ArrayAccessor
# instanceKlass java/lang/invoke/LambdaForm$MH+0x000000003f049000
instanceKlass  @bci com/oracle/dbtools/utils/core/cli/CommandLineInterface$Definition pad (ILjava/lang/String;)Ljava/lang/String; 1 <appendix> form vmentry <vmtarget> ; # java/lang/invoke/LambdaForm$MH+0x000000003f048c00
# instanceKlass java/lang/invoke/LambdaForm$DMH+0x000000003f048800
instanceKlass  @bci java/lang/invoke/BootstrapMethodInvoker invoke (Ljava/lang/Class;Ljava/lang/invoke/MethodHandle;Ljava/lang/String;Ljava/lang/Object;Ljava/lang/Object;Ljava/lang/Class;)Ljava/lang/Object; 211 <adapter> ; # java/lang/invoke/LambdaForm$MH+0x000000003f048400
instanceKlass java/security/interfaces/ECKey
instanceKlass sun/security/util/JarConstraintsParameters
instanceKlass sun/security/util/ConstraintsParameters
instanceKlass java/security/CodeSigner
instanceKlass java/security/Timestamp
instanceKlass sun/security/timestamp/TimestampToken
instanceKlass java/security/cert/CertPath
instanceKlass javax/security/auth/x500/X500Principal$1
instanceKlass jdk/internal/access/JavaxSecurityAccess
instanceKlass javax/security/auth/x500/X500Principal
instanceKlass java/math/MutableBigInteger
instanceKlass sun/security/rsa/RSAPadding
instanceKlass sun/security/rsa/RSACore
instanceKlass java/security/interfaces/RSAPrivateCrtKey
instanceKlass sun/security/pkcs/PKCS8Key
instanceKlass sun/security/util/InternalPrivateKey
instanceKlass java/security/interfaces/RSAPrivateKey
instanceKlass java/security/PrivateKey
instanceKlass javax/security/auth/Destroyable
instanceKlass jdk/internal/icu/util/CodePointTrie$Data
instanceKlass jdk/internal/icu/util/CodePointMap
instanceKlass jdk/internal/icu/util/VersionInfo
instanceKlass  @bci jdk/internal/module/SystemModuleFinders$SystemModuleReader open (Ljava/lang/String;)Ljava/util/Optional; 6 <appendix> member <vmtarget> ; # jdk/internal/module/SystemModuleFinders$SystemModuleReader$$Lambda+0x000000003f03e900
instanceKlass jdk/internal/icu/impl/ICUBinary
instanceKlass jdk/internal/icu/impl/NormalizerImpl$IsAcceptable
instanceKlass jdk/internal/icu/impl/ICUBinary$Authenticate
instanceKlass jdk/internal/icu/impl/NormalizerImpl
instanceKlass jdk/internal/icu/impl/Norm2AllModes$Norm2AllModesSingleton
instanceKlass jdk/internal/icu/impl/Norm2AllModes$NFKCSingleton
instanceKlass jdk/internal/icu/impl/Norm2AllModes
instanceKlass jdk/internal/icu/text/Normalizer2
instanceKlass jdk/internal/icu/text/NormalizerBase$ModeImpl
instanceKlass jdk/internal/icu/text/NormalizerBase$NFKDModeImpl
instanceKlass jdk/internal/icu/text/NormalizerBase$1
instanceKlass jdk/internal/icu/text/NormalizerBase$Mode
instanceKlass jdk/internal/icu/text/NormalizerBase
instanceKlass java/text/Normalizer
instanceKlass sun/security/x509/AVAKeyword
instanceKlass java/util/StringJoiner
instanceKlass sun/security/jca/ServiceId
instanceKlass java/security/Signature$1
instanceKlass jdk/internal/access/JavaSecuritySignatureAccess
instanceKlass java/security/SignatureSpi
instanceKlass sun/security/util/SignatureUtil
instanceKlass sun/security/provider/ByteArrayAccess$BE
instanceKlass sun/security/provider/ByteArrayAccess
instanceKlass sun/security/util/MessageDigestSpi2
instanceKlass java/security/MessageDigestSpi
instanceKlass sun/security/pkcs/SigningCertificateInfo$ESSCertId
instanceKlass  @bci sun/security/pkcs/PKCS9Attribute <clinit> ()V 531 <appendix> argL0 ; # sun/security/pkcs/PKCS9Attribute$$Lambda+0x000000003f038798
instanceKlass  @bci sun/security/pkcs/PKCS9Attribute <clinit> ()V 526 <appendix> argL0 ; # sun/security/pkcs/PKCS9Attribute$$Lambda+0x000000003f038570
instanceKlass  @bci sun/security/pkcs/PKCS9Attribute <clinit> ()V 504 <appendix> argL0 ; # sun/security/pkcs/PKCS9Attribute$$Lambda+0x000000003f038348
instanceKlass  @bci sun/security/pkcs/PKCS9Attribute <clinit> ()V 499 <appendix> argL0 ; # sun/security/pkcs/PKCS9Attribute$$Lambda+0x000000003f038120
instanceKlass  @bci sun/security/pkcs/PKCS9Attribute <clinit> ()V 477 <appendix> argL0 ; # sun/security/pkcs/PKCS9Attribute$$Lambda+0x000000003f037ef8
instanceKlass  @bci sun/security/pkcs/PKCS9Attribute <clinit> ()V 472 <appendix> argL0 ; # sun/security/pkcs/PKCS9Attribute$$Lambda+0x000000003f037cd0
instanceKlass sun/security/pkcs/SigningCertificateInfo
instanceKlass  @bci sun/security/pkcs/PKCS9Attribute <clinit> ()V 449 <appendix> argL0 ; # sun/security/pkcs/PKCS9Attribute$$Lambda+0x000000003f037888
instanceKlass  @cpi oracle/dbtools/raptor/newscriptrunner/util/container/Container$LoadedFactories 69 form vmentry <vmtarget> ; # java/lang/invoke/LambdaForm$DMH+0x000000003f048000
instanceKlass  @cpi oracle/dbtools/extension/mcp/schemas/Schemas 324 form vmentry <vmtarget> ; # java/lang/invoke/LambdaForm$DMH+0x000000003f045c00
instanceKlass  @bci sun/security/pkcs/PKCS9Attribute <clinit> ()V 444 <appendix> argL0 ; # sun/security/pkcs/PKCS9Attribute$$Lambda+0x000000003f037660
instanceKlass  @bci sun/security/pkcs/PKCS9Attribute <clinit> ()V 401 <appendix> argL0 ; # sun/security/pkcs/PKCS9Attribute$$Lambda+0x000000003f037438
instanceKlass  @bci sun/security/pkcs/PKCS9Attribute <clinit> ()V 396 <appendix> argL0 ; # sun/security/pkcs/PKCS9Attribute$$Lambda+0x000000003f037210
instanceKlass  @bci sun/security/pkcs/PKCS9Attribute <clinit> ()V 353 <appendix> argL0 ; # sun/security/pkcs/PKCS9Attribute$$Lambda+0x000000003f036fe8
instanceKlass  @bci sun/security/pkcs/PKCS9Attribute <clinit> ()V 348 <appendix> argL0 ; # sun/security/pkcs/PKCS9Attribute$$Lambda+0x000000003f036dc0
instanceKlass  @bci sun/security/pkcs/PKCS9Attribute <clinit> ()V 325 <appendix> argL0 ; # sun/security/pkcs/PKCS9Attribute$$Lambda+0x000000003f036b98
instanceKlass  @bci sun/security/pkcs/PKCS9Attribute <clinit> ()V 320 <appendix> argL0 ; # sun/security/pkcs/PKCS9Attribute$$Lambda+0x000000003f036970
instanceKlass  @bci sun/security/pkcs/PKCS9Attribute <clinit> ()V 292 <appendix> argL0 ; # sun/security/pkcs/PKCS9Attribute$$Lambda+0x000000003f036748
instanceKlass  @bci sun/security/pkcs/PKCS9Attribute <clinit> ()V 287 <appendix> argL0 ; # sun/security/pkcs/PKCS9Attribute$$Lambda+0x000000003f036520
instanceKlass  @bci sun/security/pkcs/PKCS9Attribute <clinit> ()V 265 <appendix> argL0 ; # sun/security/pkcs/PKCS9Attribute$$Lambda+0x000000003f0362f8
instanceKlass  @bci sun/security/pkcs/PKCS9Attribute <clinit> ()V 260 <appendix> argL0 ; # sun/security/pkcs/PKCS9Attribute$$Lambda+0x000000003f0360d0
instanceKlass  @bci sun/security/pkcs/PKCS9Attribute <clinit> ()V 238 <appendix> argL0 ; # sun/security/pkcs/PKCS9Attribute$$Lambda+0x000000003f035ea8
instanceKlass  @bci sun/security/pkcs/PKCS9Attribute <clinit> ()V 233 <appendix> argL0 ; # sun/security/pkcs/PKCS9Attribute$$Lambda+0x000000003f035c80
instanceKlass  @bci sun/security/pkcs/PKCS9Attribute <clinit> ()V 185 <appendix> argL0 ; # sun/security/pkcs/PKCS9Attribute$$Lambda+0x000000003f035a58
instanceKlass  @bci sun/security/pkcs/PKCS9Attribute <clinit> ()V 180 <appendix> argL0 ; # sun/security/pkcs/PKCS9Attribute$$Lambda+0x000000003f035830
instanceKlass  @bci sun/security/pkcs/PKCS9Attribute <clinit> ()V 157 <appendix> argL0 ; # sun/security/pkcs/PKCS9Attribute$$Lambda+0x000000003f0353f0
instanceKlass sun/security/pkcs/PKCS9Attribute$Encoder
instanceKlass  @bci sun/security/pkcs/PKCS9Attribute <clinit> ()V 152 <appendix> argL0 ; # sun/security/pkcs/PKCS9Attribute$$Lambda+0x000000003f034fc0
instanceKlass sun/security/pkcs/PKCS9Attribute$Decoder
instanceKlass sun/security/pkcs/PKCS9Attribute
instanceKlass sun/security/pkcs/PKCS9Attributes
instanceKlass java/time/zone/ZoneOffsetTransition
instanceKlass java/time/LocalTime
instanceKlass java/time/Instant
instanceKlass java/time/temporal/ValueRange
instanceKlass java/time/Duration
instanceKlass java/time/temporal/TemporalAmount
instanceKlass java/time/temporal/TemporalUnit
instanceKlass java/time/temporal/TemporalField
instanceKlass java/time/LocalDate
instanceKlass java/time/chrono/ChronoLocalDate
instanceKlass java/time/ZonedDateTime
instanceKlass java/time/chrono/ChronoZonedDateTime
instanceKlass java/time/LocalDateTime
instanceKlass java/time/chrono/ChronoLocalDateTime
instanceKlass java/time/temporal/Temporal
instanceKlass java/time/zone/ZoneOffsetTransitionRule
instanceKlass java/time/zone/ZoneRules
instanceKlass java/util/concurrent/atomic/AtomicReferenceArray
instanceKlass java/time/temporal/TemporalAdjuster
instanceKlass java/time/temporal/TemporalAccessor
instanceKlass java/time/ZoneId
instanceKlass  @bci java/util/regex/CharPredicates ASCII_SPACE ()Ljava/util/regex/Pattern$BmpCharPredicate; 0 <appendix> argL0 ; # java/util/regex/CharPredicates$$Lambda+0x800000025
instanceKlass sun/security/util/DisabledAlgorithmConstraints$Constraints$Holder
instanceKlass sun/security/util/DisabledAlgorithmConstraints$Constraint
instanceKlass java/util/StringTokenizer
instanceKlass java/security/spec/ECFieldF2m
instanceKlass java/security/spec/ECParameterSpec
instanceKlass java/security/spec/ECPoint
instanceKlass java/security/spec/EllipticCurve
instanceKlass java/security/spec/ECFieldFp
instanceKlass java/security/spec/ECField
instanceKlass sun/security/util/CurveDB
instanceKlass sun/security/util/DisabledAlgorithmConstraints$Constraints
instanceKlass java/util/TreeMap$PrivateEntryIterator
instanceKlass java/util/NavigableSet
instanceKlass java/util/SortedSet
instanceKlass sun/security/util/AlgorithmDecomposer
instanceKlass sun/security/util/DisabledAlgorithmConstraints$JarHolder
instanceKlass  @bci java/util/regex/Pattern DOT ()Ljava/util/regex/Pattern$CharPredicate; 0 <appendix> argL0 ; # java/util/regex/Pattern$$Lambda+0x000000003f02d4b8
instanceKlass sun/security/util/AbstractAlgorithmConstraints
instanceKlass java/security/AlgorithmConstraints
instanceKlass sun/security/pkcs/SignerInfo
instanceKlass java/security/cert/PolicyQualifierInfo
instanceKlass sun/security/x509/CertificatePolicyId
instanceKlass sun/security/x509/PolicyInformation
instanceKlass sun/security/x509/DistributionPoint
instanceKlass sun/security/x509/DNSName
instanceKlass sun/security/x509/URIName
instanceKlass sun/security/x509/GeneralName
instanceKlass sun/security/x509/AccessDescription
instanceKlass sun/security/x509/GeneralNames
instanceKlass sun/util/logging/PlatformLogger
instanceKlass sun/util/logging/PlatformLogger$ConfigurableBridge$LoggerConfiguration
instanceKlass jdk/internal/logger/BootstrapLogger$RedirectedLoggers
instanceKlass jdk/internal/logger/LazyLoggers$LazyLoggerAccessor
instanceKlass jdk/internal/logger/LazyLoggers$LoggerAccessor
instanceKlass jdk/internal/logger/AbstractLoggerWrapper
instanceKlass java/util/ServiceLoader$ProviderImpl
instanceKlass java/util/ServiceLoader$Provider
instanceKlass sun/util/logging/internal/LoggingProviderImpl$LogManagerAccess
instanceKlass java/util/concurrent/CopyOnWriteArrayList$COWIterator
instanceKlass jdk/internal/loader/URLClassPath$1
instanceKlass java/lang/CompoundEnumeration
instanceKlass jdk/internal/loader/BuiltinClassLoader$1
instanceKlass java/util/Collections$EmptyEnumeration
instanceKlass jdk/internal/jimage/ImageLocation
instanceKlass jdk/internal/jimage/decompressor/Decompressor
instanceKlass jdk/internal/jimage/ImageStringsReader
instanceKlass jdk/internal/jimage/ImageStrings
instanceKlass jdk/internal/jimage/ImageHeader
instanceKlass jdk/internal/reflect/Reflection$1Holder
instanceKlass jdk/internal/jimage/NativeImageBuffer$1
instanceKlass jdk/internal/jimage/NativeImageBuffer
instanceKlass java/security/AccessControlContext
instanceKlass java/security/AccessController
instanceKlass jdk/internal/jimage/BasicImageReader$1
instanceKlass java/security/PrivilegedAction
instanceKlass jdk/internal/jimage/BasicImageReader
instanceKlass jdk/internal/jimage/ImageReader
instanceKlass jdk/internal/jimage/ImageReaderFactory$1
instanceKlass jdk/internal/jimage/ImageReaderFactory
instanceKlass jdk/internal/module/SystemModuleFinders$SystemImage
instanceKlass jdk/internal/module/SystemModuleFinders$SystemModuleReader
instanceKlass jdk/internal/module/Resources
instanceKlass java/util/ServiceLoader$2
instanceKlass java/util/ServiceLoader$1
instanceKlass java/util/ServiceLoader$LazyClassPathLookupIterator
instanceKlass java/util/Spliterators$1Adapter
instanceKlass java/util/Spliterators$ArraySpliterator
instanceKlass java/util/ServiceLoader$ModuleServicesLookupIterator
instanceKlass java/util/ServiceLoader
instanceKlass jdk/internal/logger/BootstrapLogger$DetectBackend
instanceKlass jdk/internal/logger/BootstrapLogger
instanceKlass sun/util/logging/PlatformLogger$ConfigurableBridge
instanceKlass sun/util/logging/PlatformLogger$Bridge
instanceKlass java/lang/System$LoggerFinder
instanceKlass jdk/internal/logger/LazyLoggers$LazyLoggerFactories
instanceKlass jdk/internal/logger/LazyLoggers$1
instanceKlass jdk/internal/logger/LazyLoggers
instanceKlass jdk/internal/event/EventHelper$ThreadTrackHolder
instanceKlass jdk/internal/misc/ThreadTracker
instanceKlass java/util/jar/JarFile$ThreadTrackHolder
instanceKlass java/lang/System$Logger
instanceKlass jdk/internal/event/EventHelper
instanceKlass sun/security/jca/JCAUtil
instanceKlass sun/security/util/MemoryCache$CacheEntry
instanceKlass sun/security/x509/KeyIdentifier
instanceKlass java/util/TreeMap$Entry
# instanceKlass java/lang/invoke/LambdaForm$MH+0x000000003f045800
instanceKlass  @bci oracle/dbtools/extension/mcp/tools/SchemaInformationTool <clinit> ()V 3 <appendix> form vmentry <vmtarget> ; # java/lang/invoke/LambdaForm$MH+0x000000003f045400
instanceKlass sun/security/x509/OIDMap$OIDInfo
instanceKlass sun/security/x509/PKIXExtensions
instanceKlass sun/security/x509/OIDMap
instanceKlass sun/security/x509/Extension
instanceKlass java/security/cert/Extension
instanceKlass java/util/Collections$SynchronizedMap
instanceKlass java/util/NavigableMap
instanceKlass java/util/SortedMap
instanceKlass sun/security/x509/CertificateExtensions
instanceKlass sun/security/rsa/RSAUtil
instanceKlass java/security/interfaces/RSAPublicKey
instanceKlass java/security/interfaces/RSAKey
instanceKlass  @bci sun/security/rsa/RSAKeyFactory generatePublic (Ljava/security/spec/KeySpec;)Ljava/security/PublicKey; 6 <appendix> member <vmtarget> ; # sun/security/rsa/RSAKeyFactory$$TypeSwitch+0x000000003f022df0
instanceKlass java/lang/classfile/MethodModel
instanceKlass java/lang/classfile/FieldModel
instanceKlass  @bci jdk/internal/classfile/impl/ClassFileImpl attributeMapper ()Ljava/util/function/Function; 7 <appendix> argL0 ; # jdk/internal/classfile/impl/ClassFileImpl$$Lambda+0x80000004b
instanceKlass java/lang/classfile/ClassModel
instanceKlass java/lang/classfile/AttributedElement
instanceKlass java/lang/classfile/CompoundElement
instanceKlass jdk/internal/classfile/impl/StackMapDecoder$1
instanceKlass jdk/internal/classfile/impl/StackMapDecoder
instanceKlass java/lang/classfile/attribute/StackMapTableAttribute
instanceKlass java/util/Arrays$ArrayItr
instanceKlass java/lang/classfile/instruction/SwitchCase
instanceKlass java/lang/classfile/attribute/StackMapFrameInfo
instanceKlass  @bci java/lang/runtime/SwitchBootstraps generateTypeSwitchSkeleton (Ljava/lang/Class;[Ljava/lang/Object;Ljava/util/List;Ljava/util/List;)Ljava/util/function/Consumer; 45 <appendix> member <vmtarget> ; # java/lang/runtime/SwitchBootstraps$$Lambda+0x800000019
instanceKlass java/lang/classfile/AccessFlags
instanceKlass  @bci java/lang/runtime/SwitchBootstraps generateTypeSwitch (Ljava/lang/invoke/MethodHandles$Lookup;Ljava/lang/Class;[Ljava/lang/Object;)Ljava/lang/invoke/MethodHandle; 70 <appendix> member <vmtarget> ; # java/lang/runtime/SwitchBootstraps$$Lambda+0x800000018
instanceKlass java/lang/classfile/ClassFile$Option
instanceKlass java/lang/invoke/DirectMethodHandle$1
instanceKlass java/lang/classfile/attribute/StackMapFrameInfo$ObjectVerificationTypeInfo
instanceKlass java/lang/classfile/attribute/StackMapFrameInfo$VerificationTypeInfo
instanceKlass java/util/function/BiPredicate
instanceKlass jdk/internal/misc/PreviewFeatures
instanceKlass java/lang/runtime/SwitchBootstraps
instanceKlass java/security/spec/PSSParameterSpec
instanceKlass java/security/spec/AlgorithmParameterSpec
instanceKlass java/security/spec/RSAPrivateKeySpec
instanceKlass java/security/spec/RSAPublicKeySpec
instanceKlass java/security/KeyFactorySpi
instanceKlass sun/security/rsa/SunRsaSignEntries
instanceKlass sun/security/jca/ProviderList$ServiceIterator
instanceKlass java/security/KeyFactory
instanceKlass  @bci java/security/spec/EncodedKeySpec <clinit> ()V 0 <appendix> argL0 ; # java/security/spec/EncodedKeySpec$$Lambda+0x000000003f01e658
instanceKlass jdk/internal/access/JavaSecuritySpecAccess
instanceKlass java/security/spec/EncodedKeySpec
instanceKlass java/security/spec/KeySpec
instanceKlass sun/security/util/BitArray
instanceKlass sun/security/x509/X509Key
instanceKlass java/security/PublicKey
instanceKlass java/security/AsymmetricKey
instanceKlass java/security/Key
instanceKlass sun/security/x509/CertificateX509Key
instanceKlass sun/util/calendar/CalendarUtils
instanceKlass sun/util/calendar/CalendarDate
instanceKlass sun/security/x509/CertificateValidity
instanceKlass sun/security/x509/AVA
instanceKlass sun/security/x509/RDN
instanceKlass sun/security/x509/X500Name
instanceKlass sun/security/x509/GeneralNameInterface
instanceKlass sun/security/x509/CertificateAlgorithmId
instanceKlass sun/security/x509/SerialNumber
instanceKlass sun/security/x509/CertificateSerialNumber
instanceKlass sun/security/x509/CertificateVersion
instanceKlass sun/security/x509/X509CertInfo
instanceKlass sun/security/util/Cache$EqualByteArray
instanceKlass java/security/DEREncodable
instanceKlass java/security/cert/X509Extension
instanceKlass  @bci sun/security/util/DerInputStream seeOptionalContextSpecific (I)Z 2 <appendix> member <vmtarget> ; # sun/security/util/DerInputStream$$Lambda+0x000000003f019bc8
instanceKlass  @cpi sun/security/util/DerInputStream 298 form vmentry <vmtarget> ; # java/lang/invoke/LambdaForm$DMH+0x000000003f045000
instanceKlass sun/security/jca/GetInstance$Instance
instanceKlass sun/security/util/Cache
instanceKlass jdk/internal/event/Event
instanceKlass sun/security/jca/GetInstance
instanceKlass java/security/cert/CertificateFactorySpi
instanceKlass java/security/cert/CertificateFactory
instanceKlass sun/security/x509/AlgorithmId
instanceKlass sun/util/calendar/CalendarSystem$GregorianHolder
instanceKlass sun/util/calendar/CalendarSystem
instanceKlass java/util/Date
instanceKlass sun/security/util/ByteArrayTagOrder
instanceKlass sun/security/util/ByteArrayLexOrder
instanceKlass sun/security/util/DerValue
instanceKlass sun/security/util/ObjectIdentifier
instanceKlass sun/security/pkcs/ContentInfo
instanceKlass sun/security/util/DerEncoder
instanceKlass sun/security/util/DerInputStream
instanceKlass sun/security/pkcs/PKCS7
instanceKlass sun/security/util/SecurityProviderConstants
instanceKlass java/security/Provider$UString
instanceKlass java/security/Provider$Service
instanceKlass sun/security/provider/NativePRNG$NonBlocking
instanceKlass sun/security/provider/NativePRNG$Blocking
instanceKlass sun/security/provider/NativePRNG
instanceKlass sun/security/provider/SunEntries
instanceKlass java/security/Permission
instanceKlass java/security/Guard
instanceKlass sun/security/util/SecurityConstants
instanceKlass java/security/Security$2
instanceKlass jdk/internal/access/JavaSecurityPropertiesAccess
instanceKlass java/util/concurrent/ConcurrentHashMap$MapEntry
instanceKlass sun/nio/ch/IOStatus
instanceKlass sun/nio/ch/Util$BufferCache
instanceKlass sun/nio/ch/Util
instanceKlass jdk/internal/misc/Blocker
instanceKlass sun/nio/ch/NativeThread
instanceKlass java/util/Properties$LineReader
instanceKlass sun/nio/ch/SelChImpl
instanceKlass java/nio/channels/NetworkChannel
instanceKlass sun/nio/ch/Streams
instanceKlass java/nio/channels/Channels
instanceKlass sun/nio/ch/FileChannelImpl$Closer
instanceKlass sun/nio/ch/NativeThreadSet
instanceKlass java/nio/channels/spi/AbstractInterruptibleChannel$1
instanceKlass sun/nio/ch/Interruptible
instanceKlass sun/nio/ch/IOUtil
instanceKlass sun/nio/ch/NativeDispatcher
instanceKlass java/nio/channels/ScatteringByteChannel
instanceKlass java/nio/channels/GatheringByteChannel
instanceKlass java/nio/channels/SeekableByteChannel
instanceKlass java/nio/channels/ByteChannel
instanceKlass java/nio/channels/WritableByteChannel
instanceKlass java/nio/channels/ReadableByteChannel
instanceKlass java/nio/channels/spi/AbstractInterruptibleChannel
instanceKlass java/nio/channels/InterruptibleChannel
instanceKlass java/nio/channels/Channel
instanceKlass java/util/Collections$EmptyIterator
instanceKlass sun/nio/fs/WindowsChannelFactory$Flags
instanceKlass sun/nio/fs/WindowsChannelFactory$1
instanceKlass sun/nio/fs/WindowsChannelFactory
instanceKlass sun/nio/fs/WindowsSecurityDescriptor
instanceKlass java/nio/file/attribute/FileAttribute
instanceKlass sun/nio/fs/WindowsLinkSupport
instanceKlass java/security/Security$SecPropLoader
instanceKlass java/security/Security
instanceKlass jdk/internal/math/FloatingDecimal$ASCIIToBinaryBuffer
instanceKlass jdk/internal/math/MathUtils
instanceKlass jdk/internal/math/FloatingDecimal$PreparedASCIIToBinaryBuffer
instanceKlass jdk/internal/math/FloatingDecimal$ASCIIToBinaryConverter
instanceKlass jdk/internal/math/FloatingDecimal$BinaryToASCIIBuffer
instanceKlass jdk/internal/math/FloatingDecimal$ExceptionalBinaryToASCIIBuffer
instanceKlass jdk/internal/math/FloatingDecimal$BinaryToASCIIConverter
instanceKlass jdk/internal/math/FloatingDecimal
instanceKlass javax/security/auth/login/Configuration$Parameters
instanceKlass java/security/Policy$Parameters
instanceKlass javax/crypto/KDFParameters
instanceKlass java/security/cert/CertStoreParameters
instanceKlass java/security/SecureRandomParameters
instanceKlass java/security/Provider$EngineDescription
instanceKlass  @bci java/security/Provider <clinit> ()V 28 <appendix> argL0 ; # java/security/Provider$$Lambda+0x000000003f010d70
instanceKlass  @cpi reactor/core/scheduler/WorkerTask 141 form vmentry <vmtarget> ; # java/lang/invoke/LambdaForm$DMH+0x000000003f044c00
instanceKlass java/security/Provider$ServiceKey
instanceKlass sun/security/jca/ProviderConfig
instanceKlass sun/security/jca/ProviderList
instanceKlass sun/security/jca/Providers
instanceKlass  @bci sun/security/util/ManifestDigester <init> ([B)V 350 <appendix> argL0 ; # sun/security/util/ManifestDigester$$Lambda+0x000000003f00e730
instanceKlass sun/security/util/ManifestDigester$Section
instanceKlass sun/security/util/ManifestDigester$Entry
instanceKlass sun/security/util/ManifestDigester$Position
instanceKlass sun/security/util/ManifestDigester
instanceKlass  @bci java/lang/module/ModuleDescriptor$Builder provides (Ljava/lang/String;Ljava/util/List;)Ljava/lang/module/ModuleDescriptor$Builder; 41 <appendix> argL0 ; # java/lang/module/ModuleDescriptor$Builder$$Lambda+0x000000003f00dc58
instanceKlass java/io/Reader
instanceKlass sun/security/util/ManifestEntryVerifier
instanceKlass  @bci java/util/jar/JarFile versionedStream ()Ljava/util/stream/Stream; 53 <appendix> argL0 ; # java/util/jar/JarFile$$Lambda+0x000000003f00cc50
instanceKlass  @bci java/util/jar/JarFile versionedStream ()Ljava/util/stream/Stream; 43 <appendix> member <vmtarget> ; # java/util/jar/JarFile$$Lambda+0x000000003f00ca00
instanceKlass  @cpi oracle/dbtools/mcp/api/Mcp$Container$Builder 110 form vmentry <vmtarget> ; # java/lang/invoke/LambdaForm$DMH+0x000000003f044800
instanceKlass java/util/stream/DistinctOps
instanceKlass  @bci java/util/jar/JarFile versionedStream ()Ljava/util/stream/Stream; 27 <appendix> argL0 ; # java/util/jar/JarFile$$Lambda+0x000000003f00c7a8
instanceKlass  @bci java/util/jar/JarFile versionedStream ()Ljava/util/stream/Stream; 17 <appendix> member <vmtarget> ; # java/util/jar/JarFile$$Lambda+0x000000003f00c558
instanceKlass  @bci java/util/zip/ZipFile entryNameStream ()Ljava/util/stream/Stream; 25 <appendix> member <vmtarget> ; # java/util/zip/ZipFile$$Lambda+0x000000003f00c328
instanceKlass  @bci java/util/zip/ZipFile$Source initCEN (ILjava/util/zip/ZipCoder;)V 507 <appendix> argL0 ; # java/util/zip/ZipFile$Source$$Lambda+0x000000003f00c0e0
instanceKlass  @bci jdk/internal/module/ModulePath jarPackages (Ljava/util/jar/JarFile;)Ljava/util/Set; 35 <appendix> argL0 ; # jdk/internal/module/ModulePath$$Lambda+0x000000003f00be98
instanceKlass  @bci jdk/internal/module/ModulePath jarPackages (Ljava/util/jar/JarFile;)Ljava/util/Set; 25 <appendix> member <vmtarget> ; # jdk/internal/module/ModulePath$$Lambda+0x000000003f00bc48
instanceKlass  @bci jdk/internal/module/ModulePath jarPackages (Ljava/util/jar/JarFile;)Ljava/util/Set; 14 <appendix> argL0 ; # jdk/internal/module/ModulePath$$Lambda+0x000000003f00ba00
instanceKlass  @bci jdk/internal/module/ModulePath jarPackages (Ljava/util/jar/JarFile;)Ljava/util/Set; 4 <appendix> argL0 ; # jdk/internal/module/ModulePath$$Lambda+0x000000003f00b7a8
instanceKlass  @bci jdk/internal/module/ModulePath deriveModuleDescriptor (Ljava/util/jar/JarFile;)Ljava/lang/module/ModuleDescriptor; 373 <appendix> argL0 ; # jdk/internal/module/ModulePath$$Lambda+0x800000051
instanceKlass  @bci jdk/internal/module/ModulePath deriveModuleDescriptor (Ljava/util/jar/JarFile;)Ljava/lang/module/ModuleDescriptor; 363 <appendix> member <vmtarget> ; # jdk/internal/module/ModulePath$$Lambda+0x800000056
instanceKlass  @bci java/lang/module/ModuleDescriptor$Builder packages (Ljava/util/Set;)Ljava/lang/module/ModuleDescriptor$Builder; 17 <appendix> argL0 ; # java/lang/module/ModuleDescriptor$Builder$$Lambda+0x80000000e
instanceKlass  @bci jdk/internal/module/ModulePath deriveModuleDescriptor (Ljava/util/jar/JarFile;)Ljava/lang/module/ModuleDescriptor; 324 <appendix> argL0 ; # jdk/internal/module/ModulePath$$Lambda+0x800000052
instanceKlass  @bci jdk/internal/module/ModulePath deriveModuleDescriptor (Ljava/util/jar/JarFile;)Ljava/lang/module/ModuleDescriptor; 314 <appendix> member <vmtarget> ; # jdk/internal/module/ModulePath$$Lambda+0x800000054
instanceKlass  @bci java/util/stream/Collectors partitioningBy (Ljava/util/function/Predicate;Ljava/util/stream/Collector;)Ljava/util/stream/Collector; 33 <appendix> member <vmtarget> ; # java/util/stream/Collectors$$Lambda+0x800000047
instanceKlass  @bci java/util/stream/Collectors partitioningBy (Ljava/util/function/Predicate;Ljava/util/stream/Collector;)Ljava/util/stream/Collector; 25 <appendix> member <vmtarget> ; # java/util/stream/Collectors$$Lambda+0x800000044
instanceKlass  @bci java/util/stream/Collectors partitioningBy (Ljava/util/function/Predicate;Ljava/util/stream/Collector;)Ljava/util/stream/Collector; 9 <appendix> member <vmtarget> ; # java/util/stream/Collectors$$Lambda+0x80000003f
instanceKlass  @bci jdk/internal/module/ModulePath deriveModuleDescriptor (Ljava/util/jar/JarFile;)Ljava/lang/module/ModuleDescriptor; 255 <appendix> argL0 ; # jdk/internal/module/ModulePath$$Lambda+0x800000059
instanceKlass  @bci jdk/internal/module/ModulePath deriveModuleDescriptor (Ljava/util/jar/JarFile;)Ljava/lang/module/ModuleDescriptor; 245 <appendix> argL0 ; # jdk/internal/module/ModulePath$$Lambda+0x800000058
instanceKlass  @bci jdk/internal/module/ModulePath deriveModuleDescriptor (Ljava/util/jar/JarFile;)Ljava/lang/module/ModuleDescriptor; 235 <appendix> argL0 ; # jdk/internal/module/ModulePath$$Lambda+0x800000053
instanceKlass  @bci jdk/internal/module/ModulePath deriveModuleDescriptor (Ljava/util/jar/JarFile;)Ljava/lang/module/ModuleDescriptor; 225 <appendix> argL0 ; # jdk/internal/module/ModulePath$$Lambda+0x800000057
instanceKlass  @bci java/util/zip/ZipFile jarStream ()Ljava/util/stream/Stream; 25 <appendix> member <vmtarget> ; # java/util/zip/ZipFile$$Lambda+0x80000004a
instanceKlass java/util/function/IntFunction
instanceKlass java/util/Spliterators$AbstractSpliterator
instanceKlass java/util/regex/ASCII
instanceKlass java/util/regex/IntHashSet
instanceKlass java/util/regex/Matcher
instanceKlass java/util/regex/MatchResult
instanceKlass  @bci java/util/regex/Pattern negate (Ljava/util/regex/Pattern$CharPredicate;)Ljava/util/regex/Pattern$CharPredicate; 1 <appendix> member <vmtarget> ; # java/util/regex/Pattern$$Lambda+0x80000002f
instanceKlass  @bci java/util/regex/Pattern union (Ljava/util/regex/Pattern$CharPredicate;Ljava/util/regex/Pattern$CharPredicate;Z)Ljava/util/regex/Pattern$CharPredicate; 6 <appendix> member <vmtarget> ; # java/util/regex/Pattern$$Lambda+0x800000030
instanceKlass  @bci java/util/regex/Pattern Range (II)Ljava/util/regex/Pattern$CharPredicate; 23 <appendix> member <vmtarget> ; # java/util/regex/Pattern$$Lambda+0x800000028
instanceKlass java/util/regex/Pattern$BitClass
instanceKlass java/util/regex/Pattern$TreeInfo
instanceKlass  @bci java/util/regex/CharPredicates ASCII_DIGIT ()Ljava/util/regex/Pattern$BmpCharPredicate; 0 <appendix> argL0 ; # java/util/regex/CharPredicates$$Lambda+0x800000024
instanceKlass java/util/regex/CharPredicates
instanceKlass  @bci java/util/regex/Pattern Single (I)Ljava/util/regex/Pattern$BmpCharPredicate; 1 <appendix> member <vmtarget> ; # java/util/regex/Pattern$$Lambda+0x800000027
instanceKlass java/util/regex/Pattern$BmpCharPredicate
instanceKlass java/util/regex/Pattern$CharPredicate
instanceKlass java/util/regex/Pattern$Node
instanceKlass java/util/regex/Pattern
instanceKlass jdk/internal/module/ModulePath$Patterns
instanceKlass java/util/jar/Attributes
instanceKlass java/util/jar/JarVerifier
instanceKlass  @bci oracle/dbtools/module/api/FileSystemSearch lambda$findModule$0 (Ljava/util/Map;Ljava/util/ArrayList;Ljava/lang/module/ModuleReference;)V 22 <appendix> member <vmtarget> ; # oracle/dbtools/module/api/FileSystemSearch$$Lambda+0x000000003f046480
instanceKlass  @bci oracle/dbtools/module/api/FileSystemSearch findModule (Ljava/util/Map;Ljava/nio/file/Path;)Ljava/util/List; 41 <appendix> member <vmtarget> ; # oracle/dbtools/module/api/FileSystemSearch$$Lambda+0x000000003f046240
instanceKlass  @bci java/util/stream/SortedOps$RefSortingSink end ()V 48 <appendix> member <vmtarget> ; # java/util/stream/SortedOps$RefSortingSink$$Lambda+0x000000003f00ad68
instanceKlass java/lang/classfile/constantpool/InterfaceMethodRefEntry
instanceKlass  @cpi java/util/stream/SortedOps$RefSortingSink 128 form vmentry <vmtarget> ; # java/lang/invoke/LambdaForm$DMH+0x000000003f044400
instanceKlass java/util/TimSort
instanceKlass java/util/Arrays$LegacyMergeSort
instanceKlass  @bci oracle/dbtools/module/api/FileSystemSearch find (Ljava/util/Map;Ljava/nio/file/Path;)Ljava/util/List; 60 <appendix> member <vmtarget> ; # oracle/dbtools/module/api/FileSystemSearch$$Lambda+0x000000003f046000
instanceKlass  @cpi com/fasterxml/jackson/databind/ser/impl/ReadOnlyClassToSerializerMap 88 form vmentry <vmtarget> ; # java/lang/invoke/LambdaForm$DMH+0x000000003f044000
instanceKlass  @bci oracle/dbtools/module/api/FileSystemSearch find (Ljava/util/Map;Ljava/nio/file/Path;)Ljava/util/List; 43 <appendix> argL0 ; # oracle/dbtools/module/api/FileSystemSearch$$Lambda+0x000000003f043c00
instanceKlass java/util/stream/SortedOps
instanceKlass  @bci java/nio/file/Files walk (Ljava/nio/file/Path;I[Ljava/nio/file/FileVisitOption;)Ljava/util/stream/Stream; 43 <appendix> argL0 ; # java/nio/file/Files$$Lambda+0x000000003f0093e0
instanceKlass  @bci java/nio/file/Files walk (Ljava/nio/file/Path;I[Ljava/nio/file/FileVisitOption;)Ljava/util/stream/Stream; 30 <appendix> member <vmtarget> ; # java/nio/file/Files$$Lambda+0x000000003f0091b0
instanceKlass  @cpi com/oracle/dbtools/utils/core/cli/Shell 379 form vmentry <vmtarget> ; # java/lang/invoke/LambdaForm$DMH+0x000000003f043800
instanceKlass java/nio/file/FileTreeWalker$Event
instanceKlass java/nio/file/FileTreeWalker$DirectoryNode
instanceKlass java/nio/file/FileTreeWalker
instanceKlass java/nio/file/FileTreeIterator
instanceKlass java/util/LinkedHashMap$LinkedHashIterator
instanceKlass  @bci com/oracle/dbtools/launch/DatabaseToolsLaunch main ([Ljava/lang/String;)V 89 <appendix> argL0 ; # com/oracle/dbtools/launch/DatabaseToolsLaunch$$Lambda+0x000000003f042ce0
instanceKlass  @bci oracle/dbtools/sqlcl/app/SqlclApplication configure (Loracle/dbtools/module/api/Modules$Builder;)V 1 <appendix> argL0 ; # oracle/dbtools/sqlcl/app/SqlclApplication$$Lambda+0x000000003f042aa8
instanceKlass  @bci com/oracle/dbtools/launch/DatabaseToolsLaunch main ([Ljava/lang/String;)V 81 <appendix> argL0 ; # com/oracle/dbtools/launch/DatabaseToolsLaunch$$Lambda+0x000000003f042880
instanceKlass  @cpi com/oracle/dbtools/utils/core/logging/LogPublisher 391 form vmentry <vmtarget> ; # java/lang/invoke/LambdaForm$DMH+0x000000003f043400
instanceKlass oracle/dbtools/sqlcl/app/SqlclApplication
instanceKlass oracle/dbtools/module/api/Modules$Feature
instanceKlass  @bci com/oracle/dbtools/launch/DatabaseToolsLaunch main ([Ljava/lang/String;)V 73 <appendix> argL0 ; # com/oracle/dbtools/launch/DatabaseToolsLaunch$$Lambda+0x000000003f042230
instanceKlass  @cpi java/util/concurrent/Executors$AutoShutdownDelegatedExecutorService 73 form vmentry <vmtarget> ; # java/lang/invoke/LambdaForm$DMH+0x000000003f043000
instanceKlass oracle/dbtools/module/api/Modules$Context
instanceKlass java/nio/charset/CoderResult
instanceKlass java/lang/Readable
instanceKlass java/nio/file/FileSystems$DefaultFileSystemHolder
instanceKlass java/nio/file/Paths
instanceKlass  @bci oracle/dbtools/module/api/ModuleSearch$Builder <init> ()V 12 <appendix> argL0 ; # oracle/dbtools/module/api/ModuleSearch$Builder$$Lambda+0x000000003f041d20
instanceKlass oracle/dbtools/module/api/Modules$ConflictResolver
instanceKlass oracle/dbtools/module/api/FileSystemSearch$Builder
instanceKlass oracle/dbtools/module/api/FileSystemSearch
instanceKlass oracle/dbtools/module/api/ModuleSearch$Builder
instanceKlass oracle/dbtools/module/api/ModuleSearch
instanceKlass oracle/dbtools/module/api/Modules$Builder
instanceKlass oracle/dbtools/module/api/Modules
instanceKlass jdk/internal/misc/MethodFinder
instanceKlass java/lang/NamedPackage
instanceKlass com/oracle/dbtools/launch/DatabaseToolsLaunch
instanceKlass java/security/PermissionCollection
instanceKlass java/security/SecureClassLoader$1
instanceKlass sun/net/util/URLUtil
instanceKlass jdk/internal/module/ModulePatcher$PatchedModuleReader
instanceKlass java/util/concurrent/locks/ReentrantReadWriteLock$WriteLock
instanceKlass java/util/concurrent/locks/ReentrantReadWriteLock$ReadLock
instanceKlass java/util/concurrent/locks/ReentrantReadWriteLock
instanceKlass java/util/concurrent/locks/ReadWriteLock
instanceKlass jdk/internal/module/ModuleReferences$SafeCloseModuleReader
instanceKlass java/lang/module/ModuleReader
instanceKlass jdk/internal/loader/BuiltinClassLoader$2
instanceKlass sun/nio/cs/ArrayDecoder
instanceKlass java/nio/charset/CharsetDecoder
instanceKlass sun/launcher/LauncherHelper
instanceKlass sun/usagetracker/UsageTrackerClient
instanceKlass jdk/internal/util/EnvUtils
instanceKlass jdk/internal/vm/PostVMInitHook
instanceKlass jdk/internal/vm/ContinuationSupport
instanceKlass jdk/internal/module/ModuleBootstrap$SafeModuleFinder
instanceKlass java/lang/WeakPairMap$Pair$Lookup
instanceKlass java/lang/WeakPairMap$Pair
instanceKlass java/lang/WeakPairMap
instanceKlass java/lang/Module$ReflectionData
instanceKlass  @bci jdk/internal/module/ModuleBootstrap decode (Ljava/lang/String;Ljava/lang/String;Z)Ljava/util/Map; 193 <appendix> argL0 ; # jdk/internal/module/ModuleBootstrap$$Lambda+0x000000003f004e48
instanceKlass java/lang/ModuleLayer$Controller
instanceKlass java/util/concurrent/CopyOnWriteArrayList
instanceKlass jdk/internal/module/ServicesCatalog$ServiceProvider
instanceKlass jdk/internal/loader/AbstractClassLoaderValue$Memoizer
instanceKlass sun/net/util/IPAddressUtil$MASKS
instanceKlass sun/net/util/IPAddressUtil
instanceKlass java/util/SequencedMap
instanceKlass java/util/SequencedSet
instanceKlass java/util/HashMap$HashMapSpliterator
instanceKlass java/util/stream/ForEachOps$ForEachOp
instanceKlass java/util/stream/ForEachOps
instanceKlass  @bci java/lang/module/ModuleFinder$2 findAll ()Ljava/util/Set; 50 <appendix> member <vmtarget> ; # java/lang/module/ModuleFinder$2$$Lambda+0x800000011
instanceKlass  @bci java/lang/module/ModuleFinder$2 findAll ()Ljava/util/Set; 38 <appendix> argL0 ; # java/lang/module/ModuleFinder$2$$Lambda+0x800000012
instanceKlass  @bci java/lang/module/ModuleDescriptor$Builder provides (Ljava/lang/module/ModuleDescriptor$Provides;)Ljava/lang/module/ModuleDescriptor$Builder; 67 <appendix> member <vmtarget> ; # java/lang/module/ModuleDescriptor$Builder$$Lambda+0x000000003f0049f0
instanceKlass  @cpi io/modelcontextprotocol/server/transport/StdioServerTransportProvider$StdioMcpSessionTransport 482 form vmentry <vmtarget> ; # java/lang/invoke/LambdaForm$DMH+0x000000003f040400
instanceKlass java/util/ArrayList$Itr
instanceKlass jdk/internal/module/Checks
instanceKlass java/io/RandomAccessFile$1
instanceKlass java/util/WeakHashMap$HashIterator
instanceKlass jdk/internal/module/ModuleReferences$2
instanceKlass jdk/internal/module/ModuleReferences$1
instanceKlass java/net/URI$Parser
instanceKlass sun/nio/fs/WindowsUriSupport
instanceKlass jdk/internal/module/ModuleReferences
instanceKlass jdk/internal/module/ModuleInfo$Attributes
instanceKlass java/util/Collections$UnmodifiableCollection$1
instanceKlass java/lang/module/ModuleDescriptor$Builder
instanceKlass jdk/internal/module/ModuleInfo$ConstantPool$Entry
instanceKlass jdk/internal/module/ModuleInfo$ConstantPool
instanceKlass java/lang/invoke/VarHandle$AccessDescriptor
instanceKlass java/lang/invoke/VarForm
instanceKlass java/lang/invoke/VarHandleGuards
instanceKlass java/lang/invoke/VarHandles
instanceKlass jdk/internal/util/ByteArray
instanceKlass jdk/internal/module/ModuleInfo$CountingDataInput
instanceKlass jdk/internal/module/ModuleInfo
instanceKlass  @bci jdk/internal/module/ModulePath readJar (Ljava/nio/file/Path;)Ljava/lang/module/ModuleReference; 99 <appendix> member <vmtarget> ; # jdk/internal/module/ModulePath$$Lambda+0x000000003f002d18
instanceKlass java/lang/invoke/TypeConvertingMethodAdapter
instanceKlass java/lang/invoke/InnerClassLambdaMetafactory$6
instanceKlass java/lang/invoke/InnerClassLambdaMetafactory$3
instanceKlass java/lang/classfile/Interfaces
instanceKlass java/util/ImmutableCollections$Access$1
instanceKlass jdk/internal/access/JavaUtilCollectionAccess
instanceKlass java/util/ImmutableCollections$Access
instanceKlass java/lang/invoke/InnerClassLambdaMetafactory$1
instanceKlass sun/security/util/Debug
instanceKlass sun/security/util/SignatureFileVerifier
instanceKlass java/util/zip/ZipFile$InflaterCleanupAction
instanceKlass java/util/zip/Inflater$InflaterZStreamRef
instanceKlass java/util/zip/Inflater
instanceKlass java/util/zip/ZipEntry
instanceKlass jdk/internal/perf/PerfCounter$CoreCounters
instanceKlass sun/util/locale/LocaleUtils
instanceKlass java/util/Locale
instanceKlass java/nio/file/attribute/FileTime
instanceKlass java/util/zip/ZipUtils
instanceKlass java/util/zip/ZipFile$Source$End
instanceKlass java/io/RandomAccessFile$2
instanceKlass jdk/internal/access/JavaIORandomAccessFileAccess
instanceKlass java/io/RandomAccessFile
instanceKlass java/io/DataInput
instanceKlass java/io/DataOutput
instanceKlass java/util/zip/ZipFile$Source$Key
instanceKlass java/util/zip/ZipFile$Source
instanceKlass java/util/zip/ZipFile$CleanableResource
instanceKlass java/util/zip/ZipCoder
instanceKlass sun/nio/fs/BasicFileAttributesHolder
instanceKlass sun/nio/fs/WindowsDirectoryStream$WindowsDirectoryIterator
instanceKlass sun/nio/fs/WindowsDirectoryStream
instanceKlass java/nio/file/DirectoryStream
instanceKlass java/nio/file/Files$AcceptAllFilter
instanceKlass java/nio/file/DirectoryStream$Filter
instanceKlass sun/nio/fs/WindowsPath$1
instanceKlass sun/nio/fs/WindowsNativeDispatcher$CompletionStatus
instanceKlass sun/nio/fs/WindowsNativeDispatcher$AclInformation
instanceKlass sun/nio/fs/WindowsNativeDispatcher$Account
instanceKlass sun/nio/fs/WindowsNativeDispatcher$DiskFreeSpace
instanceKlass sun/nio/fs/WindowsNativeDispatcher$VolumeInformation
instanceKlass sun/nio/fs/WindowsNativeDispatcher$FirstStream
instanceKlass sun/nio/fs/WindowsNativeDispatcher$FirstFile
instanceKlass java/util/Enumeration
instanceKlass java/util/concurrent/ConcurrentHashMap$Traverser
instanceKlass jdk/internal/loader/NativeLibraries$2
instanceKlass jdk/internal/loader/NativeLibrary
instanceKlass java/util/ArrayDeque$DeqIterator
instanceKlass jdk/internal/loader/NativeLibraries$NativeLibraryContext$1
instanceKlass jdk/internal/loader/NativeLibraries$NativeLibraryContext
instanceKlass jdk/internal/loader/NativeLibraries$1
instanceKlass jdk/internal/loader/NativeLibraries$LibraryPaths
instanceKlass sun/nio/fs/WindowsNativeDispatcher
instanceKlass sun/nio/fs/NativeBuffer$Deallocator
instanceKlass java/lang/ref/Cleaner$Cleanable
instanceKlass jdk/internal/ref/CleanerImpl$CleanableList$Node
instanceKlass jdk/internal/ref/CleanerImpl$CleanableList
instanceKlass jdk/internal/ref/CleanerImpl
instanceKlass java/lang/ref/Cleaner$1
instanceKlass java/lang/ref/Cleaner
instanceKlass jdk/internal/ref/CleanerFactory$1
instanceKlass java/util/concurrent/ThreadFactory
instanceKlass jdk/internal/ref/CleanerFactory
instanceKlass sun/nio/fs/NativeBuffer
instanceKlass java/lang/ThreadLocal$ThreadLocalMap
instanceKlass java/lang/ThreadLocal
instanceKlass sun/nio/fs/NativeBuffers
instanceKlass sun/nio/fs/WindowsFileAttributes
instanceKlass java/nio/file/attribute/DosFileAttributes
instanceKlass sun/nio/fs/AbstractBasicFileAttributeView
instanceKlass sun/nio/fs/DynamicFileAttributeView
instanceKlass sun/nio/fs/WindowsFileAttributeViews
instanceKlass sun/nio/fs/Util
instanceKlass java/nio/file/attribute/BasicFileAttributeView
instanceKlass java/nio/file/attribute/FileAttributeView
instanceKlass java/nio/file/attribute/AttributeView
instanceKlass java/nio/file/Files
instanceKlass java/nio/file/CopyOption
instanceKlass java/nio/file/attribute/BasicFileAttributes
instanceKlass java/util/Spliterators$EmptySpliterator
instanceKlass java/lang/module/ModuleFinder$1
instanceKlass java/lang/module/Resolver
instanceKlass  @bci jdk/internal/module/DefaultRoots exportsAPI (Ljava/lang/module/ModuleDescriptor;)Z 9 <appendix> argL0 ; # jdk/internal/module/DefaultRoots$$Lambda+0x80000004f
instanceKlass java/util/Collections$2
instanceKlass  @bci java/lang/module/ModuleFinder$2 find (Ljava/lang/String;)Ljava/util/Optional; 62 <appendix> member <vmtarget> ; # java/lang/module/ModuleFinder$2$$Lambda+0x800000010
instanceKlass  @bci java/util/stream/MatchOps makeRef (Ljava/util/function/Predicate;Ljava/util/stream/MatchOps$MatchKind;)Ljava/util/stream/TerminalOp; 20 <appendix> member <vmtarget> ; # java/util/stream/MatchOps$$Lambda+0x800000004
instanceKlass java/util/stream/MatchOps$BooleanTerminalSink
instanceKlass java/util/stream/MatchOps$MatchOp
instanceKlass java/util/stream/MatchOps
instanceKlass java/util/stream/Streams
instanceKlass java/util/stream/Stream$Builder
instanceKlass java/util/stream/Streams$AbstractStreamBuilderImpl
instanceKlass java/util/stream/ReferencePipeline$7$1FlatMap
instanceKlass java/util/stream/FindOps$FindOp
instanceKlass  @bci java/util/stream/FindOps$FindSink$OfRef <clinit> ()V 6 <appendix> argL0 ; # java/util/stream/FindOps$FindSink$OfRef$$Lambda+0x800000048
instanceKlass  @bci java/util/stream/FindOps$FindSink$OfRef <clinit> ()V 0 <appendix> argL0 ; # java/util/stream/FindOps$FindSink$OfRef$$Lambda+0x800000049
instanceKlass java/util/stream/FindOps$FindSink
instanceKlass java/util/stream/FindOps
instanceKlass  @bci java/lang/module/ModuleFinder$2 find (Ljava/lang/String;)Ljava/util/Optional; 43 <appendix> argL0 ; # java/lang/module/ModuleFinder$2$$Lambda+0x800000013
instanceKlass  @bci java/lang/module/ModuleFinder$2 find (Ljava/lang/String;)Ljava/util/Optional; 33 <appendix> member <vmtarget> ; # java/lang/module/ModuleFinder$2$$Lambda+0x800000014
instanceKlass java/util/AbstractList$RandomAccessSpliterator
instanceKlass java/util/stream/Sink$ChainedReference
instanceKlass java/util/stream/ReduceOps$AccumulatingSink
instanceKlass java/util/stream/TerminalSink
instanceKlass java/util/stream/Sink
instanceKlass java/util/stream/ReduceOps$Box
instanceKlass java/util/stream/ReduceOps$ReduceOp
instanceKlass java/util/stream/TerminalOp
instanceKlass java/util/stream/ReduceOps
instanceKlass  @bci java/util/stream/Collectors castingIdentity ()Ljava/util/function/Function; 0 <appendix> argL0 ; # java/util/stream/Collectors$$Lambda+0x800000042
instanceKlass  @bci java/util/stream/Collectors toSet ()Ljava/util/stream/Collector; 14 <appendix> argL0 ; # java/util/stream/Collectors$$Lambda+0x800000040
instanceKlass java/util/function/BinaryOperator
instanceKlass  @bci java/util/stream/Collectors toSet ()Ljava/util/stream/Collector; 9 <appendix> argL0 ; # java/util/stream/Collectors$$Lambda+0x800000038
instanceKlass java/util/function/BiConsumer
instanceKlass  @bci java/util/stream/Collectors toSet ()Ljava/util/stream/Collector; 4 <appendix> argL0 ; # java/util/stream/Collectors$$Lambda+0x800000045
instanceKlass java/util/stream/Collector
instanceKlass java/util/Collections$UnmodifiableCollection
instanceKlass java/util/stream/Collectors
instanceKlass  @bci jdk/internal/module/DefaultRoots compute (Ljava/lang/module/ModuleFinder;Ljava/lang/module/ModuleFinder;)Ljava/util/Set; 42 <appendix> argL0 ; # jdk/internal/module/DefaultRoots$$Lambda+0x80000004c
instanceKlass  @bci jdk/internal/module/DefaultRoots compute (Ljava/lang/module/ModuleFinder;Ljava/lang/module/ModuleFinder;)Ljava/util/Set; 32 <appendix> member <vmtarget> ; # jdk/internal/module/DefaultRoots$$Lambda+0x800000050
instanceKlass  @bci jdk/internal/module/DefaultRoots compute (Ljava/lang/module/ModuleFinder;Ljava/lang/module/ModuleFinder;)Ljava/util/Set; 21 <appendix> argL0 ; # jdk/internal/module/DefaultRoots$$Lambda+0x80000004d
instanceKlass  @bci jdk/internal/module/DefaultRoots compute (Ljava/lang/module/ModuleFinder;Ljava/lang/module/ModuleFinder;)Ljava/util/Set; 11 <appendix> argL0 ; # jdk/internal/module/DefaultRoots$$Lambda+0x80000004e
instanceKlass java/lang/invoke/LambdaProxyClassArchive
instanceKlass java/lang/invoke/InfoFromMemberName
instanceKlass java/lang/invoke/MethodHandleInfo
instanceKlass java/lang/invoke/AbstractValidatingLambdaMetafactory
instanceKlass java/lang/invoke/BootstrapMethodInvoker
instanceKlass java/util/function/Predicate
instanceKlass java/lang/invoke/LambdaMetafactory
# instanceKlass java/lang/invoke/LambdaForm$MH+0x000000003f040000
instanceKlass jdk/internal/util/ModifiedUtf
instanceKlass java/lang/StringCoding
instanceKlass jdk/internal/classfile/impl/ClassReaderImpl
instanceKlass java/lang/classfile/ClassReader
instanceKlass jdk/internal/classfile/impl/ClassHierarchyImpl$CachedClassHierarchyResolver$1
instanceKlass java/lang/classfile/ClassHierarchyResolver$ClassHierarchyInfo
instanceKlass jdk/internal/classfile/impl/ClassHierarchyImpl$CachedClassHierarchyResolver
instanceKlass jdk/internal/classfile/impl/ClassHierarchyImpl$ClassLoadingClassHierarchyResolver$1
instanceKlass jdk/internal/classfile/impl/ClassHierarchyImpl$ClassLoadingClassHierarchyResolver
instanceKlass java/lang/classfile/ClassHierarchyResolver
instanceKlass jdk/internal/classfile/impl/ClassHierarchyImpl
instanceKlass jdk/internal/classfile/impl/RawBytecodeHelper$1
instanceKlass jdk/internal/classfile/impl/RawBytecodeHelper
instanceKlass jdk/internal/classfile/impl/StackMapGenerator$Frame
instanceKlass jdk/internal/classfile/impl/StackMapGenerator
instanceKlass jdk/internal/classfile/impl/AnnotationReader
instanceKlass java/lang/classfile/CustomAttribute
instanceKlass jdk/internal/classfile/impl/TerminalFieldBuilder
instanceKlass java/lang/classfile/FieldBuilder
instanceKlass java/lang/invoke/InvokerBytecodeGenerator$2
instanceKlass jdk/internal/classfile/impl/BytecodeHelpers
instanceKlass java/lang/classfile/constantpool/MethodRefEntry
instanceKlass sun/invoke/empty/Empty
instanceKlass sun/invoke/util/VerifyType
instanceKlass jdk/internal/classfile/impl/DirectCodeBuilder$8
instanceKlass java/lang/classfile/instruction/LabelTarget
instanceKlass java/lang/classfile/Label
instanceKlass jdk/internal/classfile/impl/BufWriterImpl
instanceKlass java/lang/classfile/BufWriter
instanceKlass java/lang/classfile/instruction/LocalVariableType
instanceKlass java/lang/classfile/instruction/LocalVariable
instanceKlass java/lang/classfile/instruction/CharacterRange
instanceKlass java/lang/classfile/PseudoInstruction
instanceKlass java/lang/classfile/CodeElement
instanceKlass jdk/internal/classfile/impl/TerminalCodeBuilder
instanceKlass jdk/internal/classfile/impl/LabelContext
instanceKlass java/lang/classfile/CodeBuilder
instanceKlass java/lang/invoke/InvokerBytecodeGenerator$4$1
instanceKlass java/lang/classfile/constantpool/FieldRefEntry
instanceKlass java/lang/classfile/constantpool/MemberRefEntry
instanceKlass java/lang/classfile/constantpool/NameAndTypeEntry
instanceKlass jdk/internal/classfile/impl/TerminalMethodBuilder
instanceKlass jdk/internal/classfile/impl/MethodInfo
instanceKlass java/lang/classfile/MethodBuilder
instanceKlass java/lang/invoke/InvokerBytecodeGenerator$4
instanceKlass java/lang/classfile/attribute/SourceFileAttribute
instanceKlass java/lang/classfile/Superclass
instanceKlass jdk/internal/classfile/impl/AttributeHolder
instanceKlass java/lang/classfile/ClassBuilder
instanceKlass java/lang/classfile/ClassFileBuilder
instanceKlass jdk/internal/classfile/impl/AbstractDirectBuilder
instanceKlass java/lang/invoke/InvokerBytecodeGenerator$1
instanceKlass jdk/internal/classfile/impl/ClassFileImpl
instanceKlass java/lang/classfile/ClassFile
instanceKlass java/lang/invoke/InvokerBytecodeGenerator$3
instanceKlass java/util/function/Consumer
instanceKlass java/lang/classfile/constantpool/ClassEntry
instanceKlass java/lang/classfile/constantpool/LoadableConstantEntry
instanceKlass jdk/internal/classfile/impl/Util
instanceKlass jdk/internal/classfile/impl/EntryMap
instanceKlass jdk/internal/classfile/impl/BootstrapMethodEntryImpl
instanceKlass java/lang/classfile/BootstrapMethodEntry
instanceKlass jdk/internal/classfile/impl/SplitConstantPool
instanceKlass java/lang/invoke/LambdaFormBuffer
instanceKlass java/lang/invoke/LambdaFormEditor$TransformKey
instanceKlass java/lang/invoke/LambdaFormEditor
instanceKlass java/lang/invoke/Invokers$Holder
instanceKlass java/lang/invoke/DelegatingMethodHandle$Holder
instanceKlass java/lang/invoke/DirectMethodHandle$2
instanceKlass java/lang/invoke/ClassSpecializer$Factory
instanceKlass java/lang/invoke/ClassSpecializer$SpeciesData
instanceKlass java/lang/invoke/ClassSpecializer$1
instanceKlass jdk/internal/vm/annotation/Stable
instanceKlass java/lang/invoke/ClassSpecializer
instanceKlass java/lang/invoke/InvokerBytecodeGenerator$8
instanceKlass jdk/internal/classfile/impl/AbstractAttributeMapper
instanceKlass java/lang/classfile/AttributeMapper
instanceKlass java/lang/classfile/Attributes
instanceKlass jdk/internal/classfile/impl/Util$Writable
instanceKlass jdk/internal/classfile/impl/AbstractElement
instanceKlass java/lang/classfile/attribute/RuntimeVisibleAnnotationsAttribute
instanceKlass java/lang/classfile/FieldElement
instanceKlass java/lang/classfile/MethodElement
instanceKlass java/lang/classfile/ClassElement
instanceKlass java/lang/classfile/Attribute
instanceKlass java/lang/classfile/ClassFileElement
instanceKlass java/lang/classfile/constantpool/Utf8Entry
instanceKlass java/lang/classfile/constantpool/AnnotationConstantValueEntry
instanceKlass java/lang/classfile/constantpool/PoolEntry
instanceKlass jdk/internal/classfile/impl/AbstractPoolEntry
instanceKlass jdk/internal/classfile/impl/TemporaryConstantPool
instanceKlass java/lang/classfile/constantpool/ConstantPoolBuilder
instanceKlass java/lang/classfile/constantpool/ConstantPool
instanceKlass java/lang/classfile/Annotation
instanceKlass java/lang/classfile/AnnotationElement
instanceKlass java/lang/invoke/InvokerBytecodeGenerator
instanceKlass java/lang/invoke/LambdaForm$Holder
instanceKlass java/lang/invoke/LambdaForm$Name
instanceKlass java/lang/reflect/Array
instanceKlass java/lang/invoke/Invokers
instanceKlass sun/invoke/util/ValueConversions
instanceKlass java/lang/invoke/DirectMethodHandle$Holder
instanceKlass java/lang/constant/DynamicConstantDesc
instanceKlass jdk/internal/constant/DirectMethodHandleDescImpl$1
instanceKlass jdk/internal/constant/DirectMethodHandleDescImpl
instanceKlass java/lang/constant/DirectMethodHandleDesc
instanceKlass java/lang/constant/MethodHandleDesc$1
instanceKlass java/lang/constant/MethodHandleDesc
instanceKlass jdk/internal/constant/MethodTypeDescImpl
instanceKlass java/lang/constant/MethodTypeDesc
instanceKlass jdk/internal/constant/ConstantUtils
instanceKlass jdk/internal/constant/ArrayClassDescImpl
instanceKlass jdk/internal/constant/ClassOrInterfaceDescImpl
instanceKlass java/lang/constant/ClassDesc
instanceKlass java/lang/constant/ConstantDescs
instanceKlass sun/invoke/util/Wrapper$Format
instanceKlass java/lang/invoke/MethodHandleImpl$1
instanceKlass jdk/internal/access/JavaLangInvokeAccess
instanceKlass java/lang/invoke/LambdaForm$NamedFunction
instanceKlass jdk/internal/reflect/MethodHandleAccessorFactory$LazyStaticHolder
instanceKlass java/lang/invoke/MethodTypeForm
instanceKlass jdk/internal/util/StrongReferenceKey
instanceKlass jdk/internal/util/ReferenceKey
instanceKlass jdk/internal/util/ReferencedKeyMap
instanceKlass java/lang/invoke/MethodType$1
instanceKlass sun/reflect/annotation/AnnotationParser
instanceKlass java/lang/PublicMethods$Key
instanceKlass java/lang/PublicMethods$MethodList
instanceKlass java/util/EnumMap$1
instanceKlass java/util/stream/StreamOpFlag$MaskBuilder
instanceKlass java/util/stream/Stream
instanceKlass java/util/stream/BaseStream
instanceKlass java/util/stream/PipelineHelper
instanceKlass java/util/stream/StreamSupport
instanceKlass java/util/Spliterators$IteratorSpliterator
instanceKlass java/util/Spliterator
instanceKlass java/util/Spliterators
instanceKlass jdk/internal/module/DefaultRoots
instanceKlass java/lang/module/ModuleFinder$2
instanceKlass jdk/internal/loader/BuiltinClassLoader$LoadedModule
instanceKlass java/lang/Module$EnableNativeAccess
instanceKlass jdk/internal/loader/BootLoader
instanceKlass jdk/internal/module/ModuleResolution
instanceKlass jdk/internal/module/ModuleHashes$Builder
instanceKlass java/util/ImmutableCollections$Set12$1
instanceKlass java/util/ImmutableCollections$ListItr
instanceKlass java/util/ListIterator
instanceKlass java/util/ImmutableCollections$SetN$SetNIterator
instanceKlass jdk/internal/module/Builder
instanceKlass jdk/internal/module/SystemModules$all
instanceKlass jdk/internal/module/SystemModules
instanceKlass jdk/internal/module/SystemModulesMap
instanceKlass jdk/internal/module/SystemModuleFinders
instanceKlass jdk/internal/loader/AbstractClassLoaderValue
instanceKlass jdk/internal/module/ServicesCatalog
instanceKlass java/net/URLStreamHandler
instanceKlass java/util/Deque
instanceKlass java/util/Queue
instanceKlass java/net/URL$1
instanceKlass jdk/internal/access/JavaNetURLAccess
instanceKlass java/net/URL$DefaultFactory
instanceKlass java/net/URLStreamHandlerFactory
instanceKlass jdk/internal/loader/URLClassPath
instanceKlass java/util/concurrent/ConcurrentHashMap$CollectionView
instanceKlass jdk/internal/loader/ClassLoaderHelper
instanceKlass jdk/internal/loader/NativeLibraries
instanceKlass java/security/Principal
instanceKlass java/lang/ClassLoader$ParallelLoaders
instanceKlass java/security/cert/Certificate
instanceKlass jdk/internal/loader/ArchivedClassLoaders
instanceKlass java/net/URI$1
instanceKlass jdk/internal/access/JavaNetUriAccess
instanceKlass java/util/Optional
instanceKlass java/lang/Runtime$Version
instanceKlass java/util/jar/JavaUtilJarAccessImpl
instanceKlass jdk/internal/access/JavaUtilJarAccess
instanceKlass java/util/zip/ZipFile$1
instanceKlass jdk/internal/access/JavaUtilZipFileAccess
instanceKlass java/util/BitSet
instanceKlass java/util/zip/ZipFile
instanceKlass java/util/zip/ZipConstants
instanceKlass java/nio/Bits$1
instanceKlass jdk/internal/misc/VM$BufferPool
instanceKlass java/nio/Bits
instanceKlass sun/nio/ch/DirectBuffer
instanceKlass jdk/internal/perf/Perf
instanceKlass jdk/internal/perf/PerfCounter
instanceKlass jdk/internal/module/ModulePath
instanceKlass sun/nio/fs/WindowsPath
instanceKlass sun/nio/fs/WindowsPathParser
instanceKlass java/nio/file/FileSystem
instanceKlass java/nio/file/OpenOption
instanceKlass java/nio/file/spi/FileSystemProvider
instanceKlass sun/nio/fs/DefaultFileSystemProvider
instanceKlass java/nio/file/FileSystems
instanceKlass java/nio/file/Path
instanceKlass java/nio/file/Watchable
instanceKlass jdk/internal/module/ArchivedBootLayer
instanceKlass jdk/internal/module/ModuleBootstrap$Counters
instanceKlass jdk/internal/module/ModuleLoaderMap$Modules
instanceKlass jdk/internal/module/ModuleLoaderMap
instanceKlass jdk/internal/module/ModulePatcher
instanceKlass jdk/internal/util/DecimalDigits
instanceKlass java/io/FileSystem
instanceKlass java/io/DefaultFileSystem
instanceKlass java/io/File
instanceKlass java/lang/module/ModuleDescriptor$1
instanceKlass jdk/internal/access/JavaLangModuleAccess
instanceKlass sun/invoke/util/VerifyAccess
instanceKlass java/util/KeyValueHolder
instanceKlass java/util/ImmutableCollections$MapN$MapNIterator
instanceKlass java/lang/invoke/MethodHandles$Lookup
instanceKlass java/lang/invoke/MemberName$Factory
instanceKlass java/lang/invoke/MethodHandles
instanceKlass jdk/internal/module/ModuleBootstrap
instanceKlass java/util/HexFormat
instanceKlass jdk/internal/util/ClassFileDumper
instanceKlass java/lang/CharacterData
instanceKlass java/lang/invoke/MethodHandleStatics
instanceKlass java/util/Collections
instanceKlass java/lang/Thread$ThreadIdentifiers
instanceKlass sun/io/Win32ErrorMode
instanceKlass jdk/internal/misc/OSEnvironment
instanceKlass jdk/internal/misc/Signal$NativeHandler
instanceKlass java/util/Hashtable$Entry
instanceKlass jdk/internal/misc/Signal
instanceKlass java/lang/Terminator$1
instanceKlass jdk/internal/misc/Signal$Handler
instanceKlass java/lang/Terminator
instanceKlass java/nio/ByteOrder
instanceKlass java/nio/Buffer$2
instanceKlass jdk/internal/access/JavaNioAccess
instanceKlass java/nio/Buffer$1
instanceKlass jdk/internal/misc/ScopedMemoryAccess
instanceKlass java/nio/charset/CodingErrorAction
instanceKlass sun/nio/cs/SingleByte
instanceKlass java/lang/StringUTF16
instanceKlass sun/nio/cs/MS1252$Holder
instanceKlass sun/nio/cs/ArrayEncoder
instanceKlass java/nio/charset/CharsetEncoder
instanceKlass java/io/Writer
instanceKlass java/io/OutputStream
instanceKlass java/io/Flushable
instanceKlass java/io/FileDescriptor$1
instanceKlass jdk/internal/access/JavaIOFileDescriptorAccess
instanceKlass java/io/FileDescriptor
instanceKlass jdk/internal/util/StaticProperty
instanceKlass jdk/internal/reflect/MethodHandleAccessorFactory
instanceKlass jdk/internal/reflect/Reflection
instanceKlass java/lang/reflect/Modifier
instanceKlass java/lang/Class$Atomic
instanceKlass java/lang/Class$ReflectionData
instanceKlass java/nio/charset/StandardCharsets
instanceKlass sun/nio/cs/HistoricallyNamedCharset
instanceKlass java/util/Arrays
instanceKlass jdk/internal/util/Preconditions$3
instanceKlass jdk/internal/util/Preconditions$2
instanceKlass jdk/internal/util/Preconditions$4
instanceKlass java/util/function/BiFunction
instanceKlass jdk/internal/util/Preconditions$1
instanceKlass jdk/internal/util/Preconditions
instanceKlass java/nio/charset/spi/CharsetProvider
instanceKlass java/nio/charset/Charset
instanceKlass java/util/HashMap$HashIterator
instanceKlass java/util/concurrent/locks/LockSupport
instanceKlass java/util/concurrent/ConcurrentHashMap$Node
instanceKlass java/util/concurrent/ConcurrentHashMap$CounterCell
instanceKlass java/util/concurrent/locks/ReentrantLock
instanceKlass java/util/concurrent/locks/Lock
instanceKlass java/lang/Runtime
instanceKlass java/lang/VersionProps
instanceKlass java/lang/StringConcatHelper
instanceKlass jdk/internal/util/ArraysSupport
instanceKlass java/lang/StringLatin1
instanceKlass java/lang/StrictMath
instanceKlass jdk/internal/util/SystemProps$Raw
instanceKlass jdk/internal/util/SystemProps
instanceKlass java/lang/System$1
instanceKlass jdk/internal/access/JavaLangAccess
instanceKlass java/lang/ref/ReferenceQueue$Lock
instanceKlass java/lang/ref/ReferenceQueue
instanceKlass java/lang/ref/Reference$1
instanceKlass jdk/internal/access/JavaLangRefAccess
instanceKlass java/lang/Math
instanceKlass java/io/ObjectStreamClass
instanceKlass jdk/internal/reflect/ReflectionFactory
instanceKlass jdk/internal/access/SharedSecrets
instanceKlass java/lang/reflect/ReflectAccess
instanceKlass jdk/internal/access/JavaLangReflectAccess
instanceKlass java/util/Objects
instanceKlass jdk/internal/misc/CDS
instanceKlass java/lang/Module$ArchivedData
instanceKlass jdk/internal/misc/VM
instanceKlass java/lang/String$CaseInsensitiveComparator
instanceKlass java/util/Comparator
instanceKlass java/io/ObjectStreamField
instanceKlass jdk/internal/math/FDBigInteger
instanceKlass java/lang/ModuleLayer
instanceKlass java/util/ImmutableCollections
instanceKlass jdk/internal/module/ModuleLoaderMap$Mapper
instanceKlass java/util/function/Function
instanceKlass java/lang/module/ResolvedModule
instanceKlass java/lang/module/Configuration
instanceKlass java/util/HashMap$Node
instanceKlass java/util/Map$Entry
instanceKlass java/util/Collections$UnmodifiableMap
instanceKlass jdk/internal/module/ModuleHashes
instanceKlass jdk/internal/module/ModuleTarget
instanceKlass java/lang/module/ModuleDescriptor$Opens
instanceKlass jdk/internal/module/SystemModuleFinders$2
instanceKlass jdk/internal/module/ModuleHashes$HashSupplier
instanceKlass jdk/internal/module/SystemModuleFinders$1
instanceKlass java/util/function/Supplier
instanceKlass java/net/URI
instanceKlass java/lang/module/ModuleDescriptor$Provides
instanceKlass java/lang/module/ModuleDescriptor$Exports
instanceKlass java/lang/module/ModuleDescriptor$Requires
instanceKlass java/lang/module/ModuleDescriptor$Version
instanceKlass java/lang/module/ModuleDescriptor
instanceKlass java/lang/module/ModuleReference
instanceKlass java/util/Set
instanceKlass jdk/internal/module/SystemModuleFinders$SystemModuleFinder
instanceKlass java/lang/module/ModuleFinder
instanceKlass jdk/internal/module/ArchivedModuleGraph
instanceKlass sun/util/locale/BaseLocale
instanceKlass java/util/jar/Attributes$Name
instanceKlass java/lang/Character$CharacterCache
instanceKlass java/lang/Short$ShortCache
instanceKlass java/lang/Byte$ByteCache
instanceKlass java/lang/Long$LongCache
instanceKlass java/lang/Integer$IntegerCache
instanceKlass jdk/internal/vm/FillerObject
instanceKlass jdk/internal/vm/vector/VectorSupport$VectorPayload
instanceKlass jdk/internal/vm/vector/VectorSupport
instanceKlass java/lang/reflect/RecordComponent
instanceKlass java/util/Iterator
instanceKlass java/lang/Void
instanceKlass java/lang/Number
instanceKlass java/lang/Character
instanceKlass java/lang/Boolean
instanceKlass java/util/concurrent/locks/AbstractOwnableSynchronizer
instanceKlass java/lang/LiveStackFrame
instanceKlass java/lang/ClassFrameInfo
instanceKlass java/lang/StackWalker$StackFrame
instanceKlass java/lang/StackStreamFactory$AbstractStackWalker
instanceKlass java/lang/StackWalker
instanceKlass java/nio/Buffer
instanceKlass java/lang/StackTraceElement
instanceKlass java/util/RandomAccess
instanceKlass java/util/List
instanceKlass java/util/SequencedCollection
instanceKlass java/util/AbstractCollection
instanceKlass java/util/Collection
instanceKlass java/lang/Iterable
instanceKlass java/util/concurrent/ConcurrentMap
instanceKlass java/util/AbstractMap
instanceKlass java/security/CodeSource
instanceKlass jdk/internal/loader/ClassLoaders
instanceKlass java/util/jar/Manifest
instanceKlass java/lang/Enum
instanceKlass java/net/URL
instanceKlass java/io/InputStream
instanceKlass java/io/Closeable
instanceKlass java/lang/AutoCloseable
instanceKlass jdk/internal/module/Modules
instanceKlass jdk/internal/misc/Unsafe
instanceKlass jdk/internal/misc/UnsafeConstants
instanceKlass java/lang/AbstractStringBuilder
instanceKlass java/lang/Appendable
instanceKlass java/lang/AssertionStatusDirectives
instanceKlass jdk/internal/foreign/abi/ABIDescriptor
instanceKlass jdk/internal/foreign/abi/NativeEntryPoint
instanceKlass java/lang/invoke/CallSite
instanceKlass java/lang/invoke/MethodType
instanceKlass java/lang/invoke/TypeDescriptor$OfMethod
instanceKlass java/lang/invoke/LambdaForm
instanceKlass java/lang/invoke/MethodHandleNatives
instanceKlass java/lang/invoke/MethodHandleImpl
instanceKlass java/lang/invoke/ResolvedMethodName
instanceKlass java/lang/invoke/MemberName
instanceKlass java/lang/invoke/VarHandle
instanceKlass java/lang/invoke/MethodHandle
instanceKlass jdk/internal/reflect/ConstructorAccessorImpl
instanceKlass jdk/internal/reflect/ConstructorAccessor
instanceKlass jdk/internal/reflect/CallerSensitive
instanceKlass java/lang/annotation/Annotation
instanceKlass jdk/internal/reflect/ConstantPool
instanceKlass jdk/internal/reflect/MethodAccessorImpl
instanceKlass jdk/internal/reflect/MethodAccessor
instanceKlass jdk/internal/vm/StackChunk
instanceKlass jdk/internal/vm/Continuation
instanceKlass jdk/internal/vm/ContinuationScope
instanceKlass java/lang/reflect/Parameter
instanceKlass java/lang/reflect/Member
instanceKlass java/lang/reflect/AccessibleObject
instanceKlass java/lang/Module
instanceKlass java/util/Map
instanceKlass java/util/Dictionary
instanceKlass java/lang/ThreadGroup
instanceKlass java/lang/Thread$UncaughtExceptionHandler
instanceKlass java/lang/Thread$Constants
instanceKlass java/lang/Thread$FieldHolder
instanceKlass java/lang/Thread
instanceKlass java/lang/Runnable
instanceKlass java/lang/ref/Reference
instanceKlass java/lang/Record
instanceKlass java/security/ProtectionDomain
instanceKlass java/lang/Throwable
instanceKlass java/lang/System
instanceKlass java/lang/ClassLoader
instanceKlass java/lang/Cloneable
instanceKlass java/lang/Class
instanceKlass java/lang/invoke/TypeDescriptor$OfField
instanceKlass java/lang/invoke/TypeDescriptor
instanceKlass java/lang/reflect/Type
instanceKlass java/lang/reflect/GenericDeclaration
instanceKlass java/lang/reflect/AnnotatedElement
instanceKlass java/lang/String
instanceKlass java/lang/constant/ConstantDesc
instanceKlass java/lang/constant/Constable
instanceKlass java/lang/CharSequence
instanceKlass java/lang/Comparable
instanceKlass java/io/Serializable
ciInstanceKlass java/lang/Object 1 1 115 100 1 10 12 1 1 10 7 12 1 1 1 10 100 12 1 1 1 10 12 1 1 8 1 10 12 1 1 10 100 12 1 1 1 10 12 1 10 12 1 1 100 1 8 1 10 12 1 10 7 12 1 1 1 7 1 10 12 1 7 1 10 12 1 1 8 1 3 8 1 100 1 5 0 1 1 1 1 1 1 1 1 1 1 1 1 1 1 1 1 100 1 1 1 1 1 1 1 1 1 1 1 1 1 100 1 1 1 1 1 1 3 1 1
ciMethod java/lang/Object equals (Ljava/lang/Object;)Z 1024 0 10317 0 -1
ciMethod java/lang/Object toString ()Ljava/lang/String; 0 0 1 0 -1
ciMethod java/lang/Object hashCode ()I 256 0 128 0 -1
ciMethod java/lang/Object clone ()Ljava/lang/Object; 256 0 128 0 -1
ciInstanceKlass java/io/Serializable 1 0 7 100 1 100 1 1 1
ciInstanceKlass java/lang/System 1 1 591 10 100 12 1 1 1 10 7 12 1 1 1 10 12 1 1 10 12 1 9 12 1 1 10 7 12 1 1 1 11 7 12 1 1 1 10 100 12 1 1 1 10 12 1 1 100 1 8 1 10 12 1 9 12 1 1 9 12 1 1 10 7 12 1 1 1 10 7 12 1 1 1 10 12 1 1 10 12 1 10 7 12 1 1 1 10 12 1 10 12 1 1 7 1 10 12 1 1 100 1 8 1 10 10 12 1 1 100 1 8 1 10 10 7 12 1 1 10 12 10 7 12 1 1 10 7 12 1 1 1 100 1 8 1 10 10 7 12 1 1 1 10 7 12 1 1 1 100 1 10 100 12 1 1 1 10 12 1 1 10 7 12 1 1 1 10 12 1 1 10 12 1 10 12 1 8 1 10 12 1 1 10 12 1 1 8 1 10 12 1 7 1 7 1 10 12 1 9 7 12 1 1 1 10 7 12 1 1 1 10 12 1 10 12 1 10 7 12 1 1 1 100 1 8 1 10 9 12 1 1 9 12 1 10 12 1 10 100 12 1 1 10 12 1 10 12 1 1 100 1 10 8 1 10 12 1 1 10 12 1 10 12 1 1 10 12 1 1 8 1 11 7 12 1 1 10 12 11 12 1 1 11 7 12 1 1 1 11 7 12 1 1 11 12 1 1 7 1 11 12 1 10 12 1 8 1 10 12 1 1 8 1 8 1 8 1 8 1 11 12 1 10 12 1 1 10 12 1 10 12 1 8 1 10 12 1 1 8 1 9 12 1 8 1 10 7 12 1 1 8 1 7 1 9 7 12 1 1 1 10 12 1 7 1 9 12 10 9 12 7 1 10 12 9 12 1 1 8 1 10 12 1 1 8 1 9 12 1 10 7 12 1 1 10 12 1 10 12 1 1 11 7 12 1 1 10 12 10 7 12 1 1 1 9 12 1 1 100 1 100 1 8 1 10 12 1 1 10 12 1 8 1 8 1 10 8 1 8 1 8 1 8 1 8 1 10 8 1 10 7 12 1 1 1 10 7 12 1 1 1 10 12 1 1 7 1 10 10 12 1 10 12 1 9 12 1 1 1 1 1 1 1 1 1 1 1 1 100 1 1 100 1 1 1 1 1 1 1 1 1 1 3 1 1 1 1 1 1 1 1 1 1 1 1 1 1 1 1 1 1 1 1 1 1 1 1 1 1 1 1 1 1 1 1 1 1 1 1 1 1 1 1 1 1 1 1 1 1 1 1 1 1 1 100 1 1 1 1 1 1 1 1 1 1 1 1 1 1 1 1 1 1 1 1 1 1 1 1 1 100 1 100 1 1 1 1 1 1 1 1
staticfield java/lang/System in Ljava/io/InputStream; java/io/BufferedInputStream
staticfield java/lang/System out Ljava/io/PrintStream; java/io/PrintStream
staticfield java/lang/System err Ljava/io/PrintStream; java/io/PrintStream
instanceKlass java/security/Security$1
instanceKlass java/security/Provider
ciInstanceKlass java/util/Properties 1 1 690 10 7 12 1 1 1 100 1 10 7 12 1 1 7 1 10 12 1 9 12 1 1 9 12 1 1 9 12 1 1 10 7 12 1 1 1 10 12 1 1 8 1 10 7 12 1 1 1 7 1 10 12 1 10 12 1 1 8 1 10 12 1 7 1 10 12 10 12 1 1 9 12 1 1 10 12 1 1 7 1 10 12 1 10 12 1 10 12 1 1 100 1 8 1 10 12 1 10 12 1 10 12 1 1 10 12 1 100 1 3 10 10 100 12 1 1 1 10 12 1 10 12 1 1 8 1 10 12 1 10 12 1 1 8 1 10 100 12 1 1 10 12 1 1 10 12 1 10 12 1 1 100 1 10 12 1 10 12 1 1 100 1 9 100 12 1 1 1 10 12 1 10 12 1 1 10 12 1 1 10 12 1 1 100 1 9 12 1 1 7 1 100 1 10 12 1 100 1 11 7 12 1 1 1 11 12 1 1 11 100 12 1 1 1 11 7 12 1 1 1 11 12 1 1 11 12 1 11 12 1 10 12 1 1 8 1 10 12 1 10 100 12 1 1 10 12 1 100 1 10 10 12 1 10 12 1 100 1 10 10 12 1 1 10 100 12 1 1 9 100 12 1 1 10 12 1 1 10 100 12 1 1 1 100 1 100 1 100 1 10 8 1 8 1 10 12 1 10 12 1 10 12 1 1 10 10 12 1 1 10 12 1 1 7 1 10 10 12 1 11 7 12 1 1 10 7 12 1 1 1 8 1 10 100 12 1 1 11 11 7 1 8 1 10 100 1 11 10 12 1 10 10 12 1 10 12 1 1 10 12 1 1 10 12 1 1 10 12 1 10 12 1 10 10 12 1 10 12 1 10 12 1 10 10 12 1 1 10 12 1 1 10 10 12 1 10 12 1 10 12 1 10 12 1 10 12 1 1 10 12 1 1 10 12 1 10 12 1 10 12 1 1 10 12 10 12 1 1 10 12 1 1 10 12 1 10 12 1 1 10 12 1 1 10 12 10 11 12 1 4 11 10 12 1 1 10 100 12 1 1 11 12 1 10 12 1 1 10 100 12 1 1 10 12 1 100 1 8 1 10 12 1 10 10 100 12 1 1 1 100 1 6 0 10 12 1 1 11 100 12 1 1 1 10 12 1 10 12 1 1 1 1 1 5 0 1 1 1 1 1 1 1 1 1 1 1 1 1 1 1 1 1 1 1 1 1 1 1 1 1 1 1 1 1 1 1 1 1 1 1 1 1 1 1 100 1 1 1 1 1 1 1 1 1 1 1 1 1 1 1 1 1 1 1 1 100 1 1 1 1 1 1 1 1 1 1 1 1 100 1 100 1 1 1 1 1 100 1 1 1 1 1 1 1 1 1 1 1 1 1 1 1 1 1 1 1 1 1 1 1 1 1 1 1 1 1 1 1 1 1 1 1 1 1 1 1 1 1 1 1 1 1 1 1 1 1 1 1 1 1 1 1 1 1 1 1 1 1 1 1 1 1 1 1 1 1 1 1 1 1 1 1 1 1 100 1 1 1 1 1 1 1 1 1 1 1 100 1 1
staticfield java/util/Properties UNSAFE Ljdk/internal/misc/Unsafe; jdk/internal/misc/Unsafe
instanceKlass java/util/Hashtable
ciInstanceKlass java/util/Dictionary 1 1 36 10 7 12 1 1 1 100 1 1 1 1 1 1 1 1 1 1 1 1 1 1 1 1 1 1 1 1 1 1 1 1 1 1 1 1
instanceKlass java/util/Properties
ciInstanceKlass java/util/Hashtable 1 1 516 100 1 10 7 12 1 1 1 9 7 12 1 1 1 100 1 100 1 10 8 1 10 12 1 1 10 12 1 10 12 1 1 10 12 1 10 7 12 1 1 1 8 1 10 12 1 9 12 1 1 7 1 9 12 1 1 4 10 7 12 1 1 1 9 12 1 4 10 12 1 11 100 12 1 1 1 10 12 1 1 10 12 1 1 9 12 1 10 12 1 1 100 1 10 9 12 1 1 10 7 12 1 1 1 9 12 1 1 10 12 1 10 12 1 3 9 12 1 9 12 1 3 10 12 1 10 12 1 10 12 1 1 11 12 1 1 11 100 12 1 1 1 11 100 12 1 1 1 11 12 1 100 1 11 12 1 11 12 1 10 12 1 1 10 12 1 1 10 12 1 9 12 1 1 9 12 9 12 1 1 10 100 1 100 1 10 12 1 10 8 1 10 10 12 1 8 1 10 8 1 10 100 12 1 1 1 7 1 10 12 1 10 12 1 100 1 10 12 1 10 12 1 1 100 1 10 100 1 10 10 12 1 1 11 12 1 1 11 12 1 100 1 10 10 10 100 12 1 1 11 100 12 1 1 1 100 1 10 11 100 12 1 1 11 100 12 1 10 12 1 10 12 1 1 10 100 12 1 1 10 12 1 1 10 12 1 1 10 12 1 1 10 100 12 1 1 1 8 10 100 12 1 1 100 1 8 1 10 4 4 10 12 1 1 10 12 1 8 1 4 10 12 10 100 12 1 1 1 100 1 11 100 12 1 1 1 10 100 12 1 1 1 10 12 1 10 12 1 1 10 100 1 100 1 1 1 1 1 1 5 0 1 1 1 1 1 3 1 3 1 3 1 1 1 1 1 1 1 1 1 1 1 1 1 1 1 1 1 1 1 1 1 1 1 1 1 100 1 1 1 1 1 1 1 1 1 1 1 1 1 1 1 1 1 1 1 1 1 1 1 1 1 1 1 1 1 100 1 1 1 1 1 1 1 1 1 1 1 1 1 1 100 1 1 1 1 1 1 1 1 1 1 1 1 1 1 1 1 1 1 1 1 1 1 1 1 1 1 1 1 1 1 1 1 1 1 1 1 1 1 1 1 1 1 1 1 100 1 1 1 100 1 1 1 1 1 100 1 1 1 1 1 1 1 1 1 1 1 1 1 1 1 1 1 1
ciInstanceKlass java/util/Map 1 1 263 11 7 12 1 1 1 11 12 1 1 10 7 12 1 1 11 12 1 1 11 7 12 1 1 1 11 100 12 1 1 1 11 12 1 1 7 1 11 12 1 11 12 1 100 1 100 1 10 12 1 1 11 100 12 1 1 1 11 100 12 1 1 1 11 12 1 11 12 1 10 12 1 1 11 12 1 11 7 12 1 9 7 12 1 1 1 7 1 10 12 7 1 7 1 10 12 1 7 1 10 7 1 11 12 1 11 12 1 1 11 12 1 1 7 1 11 12 1 1 1 1 1 1 1 1 1 1 1 1 1 1 1 1 1 1 1 1 1 1 1 1 1 1 1 1 1 1 1 1 1 1 1 1 1 1 1 1 1 1 1 1 1 1 1 1 1 1 1 1 1 1 1 1 1 1 1 1 1 1 1 1 1 1 1 1 1 1 1 1 1 1 1 1 1 1 1 1 1 1 1 1 1 1 1 1 1 1 1 1 1 1 1 1 1 1 1 1 1 1 1 1 1 1 1 1 1 1 1 1 1 1 1 1 1 1 1 1 1 1 1 1 1 1 100 1 1 1 1 1 1 1 1 1 1 1 1 1 1 1 1 1 1
ciInstanceKlass java/lang/String 1 1 1471 10 7 12 1 1 1 8 1 9 7 12 1 1 1 9 12 1 1 9 12 1 1 9 12 1 1 10 12 1 10 12 1 1 10 12 1 1 9 12 1 10 7 12 1 1 1 10 12 1 1 10 12 1 10 7 12 1 1 1 10 12 1 1 10 12 1 1 10 12 1 10 12 1 1 10 12 1 10 7 12 1 1 1 7 1 9 7 12 1 1 1 10 7 12 1 1 1 10 12 1 1 10 12 1 1 10 7 12 1 1 1 10 12 1 1 9 7 12 1 1 10 12 9 7 12 1 1 10 12 1 1 3 10 12 1 1 7 1 11 12 1 1 11 12 1 11 12 1 1 10 100 12 1 1 1 10 12 1 1 9 100 12 1 1 1 10 12 1 1 10 12 1 11 12 1 1 10 12 1 10 12 10 12 1 1 100 1 100 1 10 12 1 10 12 1 10 7 12 1 1 1 10 12 1 1 100 1 10 12 1 1 100 1 10 12 1 1 10 12 1 1 10 12 1 10 10 12 1 100 1 100 1 100 1 10 12 1 10 12 1 1 10 12 1 1 10 12 1 10 12 1 1 10 12 1 1 10 100 12 1 1 100 1 11 10 7 12 1 1 11 12 1 11 12 1 10 12 1 10 12 1 10 12 10 12 1 1 10 10 100 12 1 1 1 10 100 12 1 1 10 12 1 1 10 100 12 1 1 10 12 1 10 12 1 1 10 12 1 1 10 12 1 10 12 1 10 12 1 1 100 1 10 12 1 1 10 12 10 12 1 10 12 1 1 10 12 1 1 10 100 12 1 1 1 10 12 1 10 12 1 1 10 12 1 10 12 1 3 3 10 12 1 1 10 12 1 10 12 1 1 10 12 1 1 10 12 1 1 10 12 1 10 12 1 1 10 12 1 1 10 12 1 10 12 1 10 12 1 10 12 1 1 10 12 1 10 12 1 10 12 1 10 12 1 10 12 1 10 12 1 10 100 1 10 8 1 10 12 1 1 10 12 1 8 1 10 12 1 1 10 12 10 12 1 8 1 10 10 12 1 1 10 12 1 1 7 1 5 0 100 1 8 1 10 10 12 1 1 5 0 5 0 5 0 10 12 1 1 10 100 1 10 10 12 1 10 12 1 10 12 1 10 10 12 1 10 12 1 10 12 1 10 12 1 10 12 1 10 12 1 10 12 1 1 10 12 1 1 10 12 1 1 10 10 12 1 1 10 10 12 1 100 1 10 9 100 12 1 1 1 11 100 12 1 1 1 10 12 1 1 10 12 1 1 10 7 1 10 12 1 10 12 1 10 7 12 1 1 1 10 12 1 10 12 1 1 10 12 1 11 7 1 11 12 10 12 1 10 12 1 1 10 12 1 1 10 10 12 1 10 12 1 9 12 1 1 11 7 12 1 1 1 10 12 10 10 12 1 10 12 1 1 10 10 12 1 10 12 1 10 12 1 1 10 12 1 1 10 10 12 1 1 10 10 7 12 1 1 1 10 12 1 10 12 1 10 12 10 10 12 10 10 12 1 10 12 1 10 10 12 10 12 1 1 10 12 10 10 12 10 12 1 10 12 10 12 10 10 12 1 10 12 1 1 10 12 1 1 10 10 12 1 10 7 12 1 1 1 10 12 1 1 10 10 7 12 1 1 1 11 10 12 1 10 12 1 1 10 12 1 1 10 100 12 1 1 1 10 12 1 10 12 1 10 12 1 10 12 1 10 12 1 10 12 1 100 1 10 10 12 1 10 12 1 1 8 1 10 12 1 3 3 10 12 1 10 12 1 1 10 12 7 1 10 10 12 1 1 10 12 10 12 1 10 12 1 10 12 1 1 10 12 1 1 11 7 12 1 1 1 7 1 10 12 1 10 12 1 1 8 1 10 12 1 1 10 12 1 11 7 12 1 1 1 11 7 12 1 1 11 12 1 10 12 1 10 12 1 1 10 10 7 12 1 1 1 10 12 1 10 12 1 10 10 12 10 12 1 1 10 10 12 1 10 10 12 1 10 10 12 1 10 10 12 1 10 12 1 1 10 10 12 1 8 1 10 12 1 1 18 12 1 1 11 100 12 1 1 1 3 18 12 1 18 12 1 8 1 10 100 12 1 1 1 11 12 1 1 10 12 10 10 12 1 10 11 12 1 1 10 12 1 1 11 12 1 18 3 11 10 11 11 10 12 1 10 12 1 1 8 1 10 12 1 10 12 1 10 12 1 1 10 10 12 1 11 100 12 1 100 1 100 1 10 12 100 1 10 10 100 12 1 1 1 100 1 10 7 1 10 10 12 1 10 10 12 1 8 1 10 10 12 1 8 1 8 1 10 12 1 10 12 1 10 10 12 10 7 12 1 1 10 100 12 1 1 10 100 12 1 1 8 1 10 12 1 10 12 1 10 9 12 1 10 12 9 7 12 1 1 1 10 12 1 10 12 1 10 12 1 10 12 10 12 1 10 12 1 8 1 10 100 12 1 1 1 10 12 10 12 1 1 10 12 10 12 10 12 7 1 9 12 1 1 7 1 10 100 1 100 1 100 1 100 1 1 1 1 1 1 5 0 1 1 1 1 1 3 1 3 1 1 1 1 1 1 1 1 1 1 1 1 1 1 1 100 1 1 1 1 1 1 1 1 1 1 1 1 1 1 1 1 1 1 1 1 1 1 1 1 1 1 1 1 1 1 1 100 1 1 1 1 1 1 1 1 1 1 1 1 100 1 1 1 1 1 1 1 1 1 1 1 1 1 1 1 1 1 1 1 1 1 1 1 1 1 1 1 1 1 1 1 1 1 1 1 1 1 1 1 1 1 1 1 1 1 1 1 1 1 1 1 1 1 1 1 1 1 1 1 1 1 1 1 1 1 1 1 1 1 1 1 1 1 1 1 1 1 1 1 1 1 1 1 1 1 1 1 1 1 1 1 1 1 1 1 1 1 1 1 1 1 1 1 1 1 1 1 1 1 1 1 1 1 1 1 1 1 1 1 1 1 1 1 1 1 1 1 1 1 1 1 1 1 1 1 1 1 1 1 1 1 1 1 1 1 1 1 1 1 1 1 1 1 1 1 1 1 1 1 1 1 1 1 1 1 1 1 1 1 1 1 1 1 1 1 1 1 1 1 100 1 1 1 1 1 1 1 1 1 1 1 1 1 1 1 1 1 1 1 1 1 1 1 100 1 1 1 1 1 1 1 1 1 1 1 1 1 1 1 100 1 1 1 1 1 1 1 1 1 1 1 1 1 1 1 16 15 10 12 16 15 10 12 15 10 12 15 10 12 15 10 100 12 1 1 1 1 100 1 1 1 1 1 100 1 100 1 1 1
staticfield java/lang/String COMPACT_STRINGS Z 1
staticfield java/lang/String serialPersistentFields [Ljava/io/ObjectStreamField; 0 [Ljava/io/ObjectStreamField;
staticfield java/lang/String CASE_INSENSITIVE_ORDER Ljava/util/Comparator; java/lang/String$CaseInsensitiveComparator
ciInstanceKlass java/lang/Comparable 1 0 12 100 1 100 1 1 1 1 1 1 1 1
ciInstanceKlass java/lang/CharSequence 1 1 145 11 7 12 1 1 1 18 12 1 1 100 1 10 100 12 1 1 1 18 10 100 12 1 1 1 11 12 1 1 11 100 1 11 12 1 1 10 100 12 1 1 1 11 12 1 1 10 12 1 1 10 12 1 100 1 10 12 1 1 10 100 12 1 1 1 100 1 10 10 12 1 1 100 1 1 1 1 1 1 1 1 1 1 1 1 1 1 1 1 1 1 1 1 1 1 1 1 1 1 1 1 1 1 1 1 1 1 1 1 1 1 1 1 16 1 15 11 12 16 15 11 12 15 10 100 12 1 1 1 1 1 100 1 100 1 1 100 1 1 100 1 100 1 1
ciInstanceKlass java/lang/constant/Constable 1 0 11 100 1 100 1 1 1 1 1 1 1
ciInstanceKlass java/lang/constant/ConstantDesc 1 0 37 100 1 100 1 1 1 1 100 1 1 1 1 100 1 100 1 100 1 100 1 100 1 100 1 100 1 100 1 100 1 1 100 1 100 1 1
ciInstanceKlass java/lang/AutoCloseable 1 0 12 100 1 100 1 1 1 1 100 1 1 1
ciInstanceKlass java/io/Closeable 1 0 14 100 1 100 1 100 1 1 1 1 100 1 1 1
ciInstanceKlass java/lang/Appendable 1 0 14 100 1 100 1 1 1 1 100 1 1 1 1 1
ciInstanceKlass jdk/internal/misc/VM 1 1 316 10 7 12 1 1 1 9 7 12 1 1 1 9 12 1 1 100 1 100 1 10 8 1 10 12 1 1 10 12 1 10 12 1 1 10 12 1 10 12 1 10 12 1 9 12 1 1 8 1 10 12 1 9 12 1 1 9 12 1 1 10 7 12 1 1 1 7 1 11 12 1 1 3 10 12 1 1 10 7 12 1 1 1 9 12 1 1 100 1 8 1 10 11 7 12 1 1 1 7 1 10 100 12 1 1 1 10 12 8 1 8 1 10 12 1 8 1 10 12 1 1 10 7 12 1 1 1 10 12 1 1 10 100 12 1 1 1 5 0 8 1 8 1 10 12 1 1 10 7 12 1 1 9 12 1 9 12 1 9 7 12 1 1 1 9 12 1 9 12 1 9 12 1 9 12 1 9 12 1 10 12 1 10 12 1 10 12 1 10 12 1 10 12 1 9 100 12 1 1 1 10 100 12 1 1 1 11 100 12 1 1 1 5 0 10 1 1 3 1 3 1 3 1 3 1 3 1 1 1 1 1 1 1 1 3 1 3 1 3 1 1 1 1 1 1 1 100 1 1 1 100 1 1 1 1 1 1 1 1 1 1 1 1 1 1 1 1 1 1 1 1 1 1 1 1 1 1 1 1 1 1 1 1 1 1 1 1 1 1 1 1 1 1 1 1 1 1 1 1 1 1 1 1 1 1 1 1 100 1 1 100 1 1 1 1
staticfield jdk/internal/misc/VM lock Ljava/lang/Object; java/lang/Object
ciInstanceKlass java/util/Set 1 1 144 100 1 10 7 12 1 1 1 9 7 12 1 1 1 7 1 10 12 1 1 10 12 1 7 1 7 1 10 12 1 7 1 7 1 11 7 12 1 1 1 11 12 1 1 7 1 10 12 1 10 12 1 1 11 12 1 1 1 1 1 1 1 1 1 1 1 1 1 1 1 1 1 1 1 1 1 1 1 1 1 1 1 1 1 1 1 1 1 1 1 1 1 1 1 1 1 1 1 1 1 1 1 1 1 1 1 1 1 1 1 1 1 1 1 1 1 1 1 1 1 1 1 1 1 1 1 1 1 1 1 1 1 1 1 1 1 1 1 1 1 1 1 1
ciInstanceKlass java/util/Iterator 1 1 53 100 1 8 1 10 12 1 1 10 7 12 1 1 1 11 7 12 1 1 1 11 12 1 1 11 7 12 1 1 1 100 1 1 1 1 1 1 1 1 1 1 1 1 1 1 1 1 1 1 1 1 1
ciInstanceKlass java/util/Map$Entry 1 0 178 18 12 1 1 100 1 100 1 18 10 100 12 1 1 1 18 12 1 18 100 1 11 100 12 1 1 1 11 12 1 11 100 12 1 1 1 10 100 12 1 1 1 10 100 12 1 1 1 8 1 10 12 1 1 8 1 8 1 8 1 10 12 1 10 12 1 8 10 100 1 10 12 1 8 10 12 1 8 1 10 12 1 8 10 12 1 8 1 10 12 1 1 8 1 100 1 8 1 10 12 1 1 11 12 100 1 11 12 1 1 1 1 1 1 1 1 1 1 1 1 1 1 1 1 1 1 1 1 1 1 1 1 1 1 1 1 1 1 1 1 1 1 1 1 1 1 1 16 15 11 12 16 3 3 15 11 12 15 11 12 15 11 12 15 10 100 12 1 1 1 1 1 100 1 100 1 1
instanceKlass com/fasterxml/jackson/core/io/MergedStream
instanceKlass oracle/dbtools/core/io/InputOutputStreams$EmptyStream
instanceKlass com/oracle/dbtools/utils/core/ByteStreams$BoundedInputStream
instanceKlass java/util/jar/JarVerifier$VerifierStream
instanceKlass sun/nio/ch/ChannelInputStream
instanceKlass java/util/zip/ZipFile$ZipFileInputStream
instanceKlass java/io/FilterInputStream
instanceKlass java/io/FileInputStream
instanceKlass java/io/ByteArrayInputStream
ciInstanceKlass java/io/InputStream 1 1 197 100 1 10 7 12 1 1 1 100 1 10 10 7 12 1 1 1 10 7 12 1 1 1 10 12 1 100 1 100 1 3 10 12 1 1 100 1 8 1 10 12 1 10 7 12 1 1 1 3 100 1 8 1 10 10 7 12 1 1 1 7 1 10 11 7 12 1 1 1 10 12 1 1 11 12 1 1 11 7 12 1 1 1 11 12 1 1 7 1 10 7 12 1 1 1 5 0 10 12 1 10 12 1 1 100 1 10 8 1 10 8 1 8 1 10 12 1 1 10 100 12 1 1 1 100 1 5 0 10 12 1 100 1 100 1 1 1 1 3 1 3 1 1 1 1 1 1 1 1 1 1 1 1 1 1 1 1 1 1 1 1 1 1 1 1 1 1 1 1 1 1 1 1 1 1 1 1 1 1 1 1 1 1 1 1 1 1 1 1 1 1 1 1 1 1 1
instanceKlass java/security/SecureClassLoader
ciInstanceKlass java/lang/ClassLoader 1 1 1076 9 7 12 1 1 1 10 7 12 1 1 1 9 12 1 1 10 7 12 1 1 1 7 1 10 12 1 1 10 12 1 1 9 12 1 1 10 12 1 1 100 1 10 12 1 10 12 1 1 10 7 12 1 1 1 100 1 8 1 10 12 1 10 7 1 10 7 1 7 1 7 1 10 12 1 10 12 1 9 12 1 1 10 10 7 12 1 1 1 9 12 1 1 9 12 1 9 12 1 1 9 12 1 9 12 1 1 9 12 1 1 7 1 10 12 1 9 12 1 1 10 12 1 1 10 7 12 1 1 1 9 12 1 9 12 1 1 9 12 1 10 12 1 1 9 12 10 12 1 1 7 1 10 8 1 10 12 1 1 10 12 1 10 7 1 7 1 10 7 12 1 1 1 10 7 12 1 1 1 8 1 10 12 1 10 12 1 10 12 1 1 10 12 1 1 10 12 1 1 10 12 1 1 10 12 1 1 10 12 1 100 1 10 12 1 10 100 12 1 1 1 10 12 1 1 10 12 1 10 12 1 10 12 1 10 12 1 10 12 1 1 10 10 12 1 10 12 1 10 10 12 1 1 10 12 1 1 100 1 8 1 10 8 1 10 12 1 10 12 1 100 1 8 1 10 12 1 1 10 12 1 1 10 10 12 1 1 10 12 1 1 10 12 1 1 10 7 1 10 12 1 10 12 1 1 10 12 1 1 10 12 1 1 10 12 1 1 10 12 1 1 10 12 1 1 10 12 1 1 10 7 12 1 1 1 10 12 1 10 12 1 10 12 1 1 10 12 1 10 12 1 10 12 1 10 12 1 1 10 12 1 10 12 1 1 8 1 9 12 1 10 12 1 1 8 1 8 1 10 7 12 1 1 100 1 10 10 12 10 12 1 10 12 1 10 12 1 10 12 1 1 10 7 12 1 1 10 12 1 10 7 1 7 1 10 12 1 1 10 12 1 10 7 1 10 12 1 100 1 18 12 1 10 100 12 1 1 1 10 100 12 1 1 1 10 7 12 1 1 10 12 1 10 12 1 100 1 10 12 1 8 1 10 10 12 1 1 10 12 1 10 12 1 1 100 1 10 12 1 1 10 100 12 1 1 10 12 1 10 7 12 1 1 10 12 1 8 1 100 1 10 10 12 1 9 12 1 10 7 12 1 1 10 12 1 100 1 8 1 10 12 1 10 8 1 8 1 10 12 1 1 10 12 1 1 10 12 1 1 10 100 12 1 1 100 1 100 1 10 12 1 1 100 1 100 1 10 100 12 1 1 10 12 1 10 12 1 10 12 1 10 12 1 10 12 1 1 10 12 1 8 1 100 1 18 12 1 1 10 12 1 1 10 12 1 10 12 1 10 12 1 8 1 10 12 1 10 12 1 18 12 1 11 100 12 1 1 1 100 1 10 12 1 1 10 12 1 10 11 12 1 1 10 18 10 12 1 1 11 100 12 1 18 12 1 11 12 1 1 10 12 1 10 12 1 1 10 12 1 1 100 1 8 1 10 10 12 1 8 1 8 1 10 100 12 1 1 10 12 1 100 1 10 10 12 1 8 1 8 1 8 1 10 12 1 10 12 1 10 12 1 1 10 12 1 1 10 12 1 10 100 12 1 1 1 11 100 12 1 1 100 1 10 11 10 12 1 10 12 1 10 12 1 1 9 100 12 1 1 9 12 1 1 9 12 9 12 1 9 12 1 9 12 1 8 10 12 1 1 10 7 12 1 1 1 10 12 1 1 10 12 1 1 10 12 1 1 8 1 10 12 1 1 8 10 12 1 1 8 8 10 12 1 10 12 1 10 12 1 11 12 1 1 10 100 12 1 1 1 100 1 10 12 1 10 12 1 10 12 1 1 1 1 1 1 1 1 1 1 1 1 1 1 1 1 1 1 1 1 1 1 1 1 1 1 100 1 1 1 1 1 1 1 1 1 1 1 1 1 1 1 1 1 1 1 1 1 1 1 1 1 100 1 1 1 1 1 1 1 1 1 1 1 1 1 1 1 1 1 1 1 1 1 1 1 1 1 1 1 1 1 1 1 1 1 1 1 1 1 1 1 1 1 1 1 100 1 1 1 1 1 1 1 1 1 1 1 1 1 1 1 1 1 1 1 1 1 100 1 1 1 1 1 1 1 1 1 1 1 1 1 1 1 1 1 1 1 1 1 1 1 1 1 1 1 1 1 1 1 1 1 1 1 1 1 1 1 1 1 1 1 1 100 1 1 1 1 1 1 1 1 1 1 1 1 1 1 1 1 1 1 1 1 1 1 1 1 1 1 1 1 1 1 1 1 1 1 1 1 1 1 1 1 1 1 1 1 1 1 1 1 1 1 1 16 1 15 10 12 16 1 16 15 10 12 16 1 16 1 15 10 12 16 15 10 12 16 15 10 12 16 15 10 100 12 1 1 1 1 1 100 1 100 1 1
staticfield java/lang/ClassLoader nocerts [Ljava/security/cert/Certificate; 0 [Ljava/security/cert/Certificate;
staticfield java/lang/ClassLoader $assertionsDisabled Z 1
instanceKlass java/util/concurrent/ForkJoinWorkerThread
instanceKlass java/util/concurrent/DelayScheduler
instanceKlass oracle/dbtools/raptor/scriptrunner/cmdline/SqlCli$3
instanceKlass oracle/dbtools/raptor/scriptrunner/cmdline/SqlCli$7
instanceKlass java/util/logging/LogManager$Cleaner
instanceKlass jdk/internal/misc/InnocuousThread
instanceKlass java/lang/ref/Finalizer$FinalizerThread
instanceKlass java/lang/ref/Reference$ReferenceHandler
instanceKlass java/lang/BaseVirtualThread
ciInstanceKlass java/lang/Thread 1 1 761 9 7 12 1 1 1 9 7 12 1 1 1 9 12 1 9 12 1 10 12 1 1 9 12 1 1 10 7 12 1 1 10 12 1 10 100 12 1 1 100 1 8 1 10 12 1 1 9 12 1 1 9 12 1 9 12 1 1 7 1 10 12 1 1 10 12 1 7 1 10 12 10 12 1 1 9 12 1 1 10 12 1 100 1 10 12 1 10 12 1 1 10 12 1 1 10 12 1 10 12 1 1 100 1 8 1 10 9 7 12 1 1 1 10 12 1 1 10 3 8 1 100 1 5 0 10 7 12 1 1 1 9 12 1 10 12 1 1 10 7 1 100 1 8 1 10 10 12 1 10 12 1 1 10 12 1 1 10 7 12 1 1 10 12 1 10 12 1 10 7 12 1 1 5 0 9 12 1 10 7 12 1 1 1 10 12 1 1 9 12 1 1 10 100 12 1 1 10 100 12 1 1 1 10 12 1 10 12 1 1 9 12 1 1 10 7 12 1 1 9 12 1 8 1 9 100 12 1 1 1 5 0 100 1 10 100 1 10 100 1 10 7 1 10 8 1 10 12 1 1 10 7 12 1 10 12 1 10 12 1 100 1 8 1 10 10 12 1 10 12 1 1 10 100 12 1 1 1 10 100 12 1 1 1 10 12 1 7 1 9 12 1 1 100 1 10 10 12 1 9 12 1 1 10 12 1 1 10 12 1 1 10 12 1 10 12 1 9 12 1 1 10 10 12 1 1 10 12 1 1 11 7 12 1 1 10 100 12 1 1 9 12 1 1 9 12 1 1 10 100 12 1 1 10 12 1 1 10 12 1 10 7 12 1 1 10 12 1 100 1 10 9 12 1 1 10 12 1 11 100 12 1 1 11 12 1 10 12 1 10 12 1 10 12 1 9 12 1 10 10 12 1 10 12 1 1 9 12 1 9 12 10 12 1 8 1 10 12 1 10 12 1 10 12 1 10 12 1 10 12 1 1 10 12 1 10 12 1 1 10 100 12 1 1 10 12 1 10 12 1 10 12 1 10 12 1 1 9 7 12 1 1 1 8 1 10 9 12 1 10 12 1 100 1 8 1 10 10 12 1 8 1 10 12 1 1 9 12 8 1 10 10 12 1 10 12 1 8 1 10 12 1 10 8 1 9 12 1 1 10 12 1 1 10 10 12 1 10 12 1 100 10 7 12 1 1 1 10 12 1 1 10 12 1 1 10 100 12 1 1 1 11 100 12 1 1 1 10 12 1 1 9 12 1 10 12 1 10 12 1 1 11 100 12 1 1 1 10 12 1 1 1 1 3 1 3 1 3 1 3 1 1 1 1 1 1 1 1 1 1 1 1 1 1 1 1 1 1 1 1 1 1 1 1 1 1 1 100 1 1 1 1 1 1 1 1 1 1 1 1 1 1 1 1 1 1 100 1 1 1 1 1 1 1 1 1 1 1 1 1 1 1 100 1 1 1 1 1 1 1 1 1 1 1 1 1 1 1 1 1 1 1 1 1 1 1 1 1 1 1 1 1 1 1 1 1 1 1 1 1 1 1 1 1 1 1 1 1 1 1 1 1 1 1 1 1 1 1 1 1 1 1 1 1 1 1 1 1 1 1 1 1 1 100 100 1 1 1 1 1 1 1 1 1 1 1 1 1 1 1 1 1 1 1 1 1 1 1 100 1 100 1 100 1 1 1 1 100 1 1 1 1 1 1 1 1 1 1 1 1
staticfield java/lang/Thread NEW_THREAD_BINDINGS Ljava/lang/Object; java/lang/Class
staticfield java/lang/Thread EMPTY_STACK_TRACE [Ljava/lang/StackTraceElement; 0 [Ljava/lang/StackTraceElement;
ciInstanceKlass java/lang/Runnable 1 0 11 100 1 100 1 1 1 1 1 1 1
ciMethod java/lang/System arraycopy (Ljava/lang/Object;ILjava/lang/Object;II)V 256 0 128 0 -1
ciInstanceKlass java/lang/Class 1 1 1652 10 7 12 1 1 1 10 7 12 1 1 9 12 1 1 9 12 1 1 9 12 1 1 9 12 1 1 9 12 1 1 10 12 1 1 8 1 10 12 1 8 1 8 1 10 12 1 1 10 7 12 1 1 1 10 12 1 7 1 10 10 12 1 10 12 1 1 10 12 1 1 10 12 1 1 10 7 12 1 1 10 12 1 10 12 1 10 12 1 1 10 12 1 8 1 10 12 1 8 1 10 12 1 8 1 8 1 10 12 1 1 10 7 12 1 1 1 18 12 1 1 11 7 12 1 1 1 8 1 8 1 8 1 10 7 12 1 1 1 11 12 1 1 8 1 10 12 1 10 10 12 1 1 10 12 1 8 1 10 12 1 1 8 1 10 12 1 10 12 1 1 11 100 12 1 1 1 11 100 12 1 1 1 11 8 1 18 8 1 10 12 1 10 7 12 1 1 10 12 1 1 10 7 12 1 1 1 10 12 1 1 10 12 1 1 10 7 12 1 1 1 10 7 12 1 10 12 1 1 10 7 1 10 12 1 8 1 10 8 1 8 1 8 1 8 1 8 1 8 1 8 1 8 1 9 100 12 1 1 9 100 1 9 100 1 9 100 1 9 100 1 9 100 1 9 100 1 9 100 1 9 100 1 9 12 1 1 7 1 8 1 10 12 1 10 12 1 1 100 1 10 12 1 1 10 7 12 1 1 1 10 7 12 1 1 1 7 1 7 1 10 10 12 1 1 10 12 1 1 100 1 10 100 12 1 1 1 10 12 1 1 10 12 1 1 10 12 9 12 1 1 10 12 1 9 12 1 1 9 12 1 1 10 12 1 1 10 7 1 10 12 1 10 12 1 1 10 9 12 1 10 12 1 8 1 10 12 1 1 10 12 1 1 10 12 1 10 12 1 10 12 1 1 9 7 12 1 1 1 10 12 1 10 7 12 1 1 10 12 1 10 12 1 10 12 1 10 12 1 9 100 12 1 1 1 9 12 1 10 12 1 10 12 1 1 9 12 1 1 10 7 10 12 1 1 10 100 12 1 1 10 12 1 10 12 1 1 10 100 12 1 1 1 10 12 1 10 12 1 1 10 12 1 10 12 1 10 12 1 1 10 7 1 10 10 12 1 1 10 12 1 1 10 12 10 10 12 1 1 100 1 8 1 10 10 12 1 1 10 12 1 100 1 11 12 1 10 12 1 10 12 1 10 100 12 1 1 10 10 12 1 1 8 1 10 12 1 8 1 9 12 1 10 12 1 10 12 1 10 12 1 10 12 100 1 9 12 1 10 12 1 9 12 1 10 12 1 10 12 1 10 12 1 10 10 12 1 10 12 1 10 12 1 10 12 1 10 12 1 10 12 1 7 1 10 10 12 1 10 12 1 11 100 12 1 1 11 12 1 1 10 12 1 1 10 12 1 1 10 12 1 1 10 12 1 1 10 12 1 1 10 12 1 1 7 1 10 10 12 1 1 10 12 1 1 10 12 1 1 10 10 12 1 10 12 1 1 10 12 1 1 10 12 1 1 10 12 1 1 10 12 10 12 1 1 10 7 12 1 1 1 10 12 1 10 12 1 1 10 12 1 10 7 12 1 1 1 10 12 1 1 10 10 12 1 1 7 1 10 10 12 1 1 10 7 12 1 1 1 100 1 100 1 10 12 1 1 10 12 1 10 10 12 1 1 10 12 1 10 12 1 10 12 1 10 100 12 1 1 1 11 7 12 1 1 10 12 1 10 12 1 9 100 12 1 1 8 1 10 12 1 10 12 1 10 12 1 10 12 1 1 9 12 1 9 12 1 1 10 7 12 1 1 9 12 1 10 12 1 1 10 10 12 1 10 7 12 1 1 1 10 7 12 1 1 10 7 12 1 1 9 12 1 1 10 12 1 9 12 1 10 12 1 10 12 1 1 9 12 1 1 9 12 1 10 12 1 10 12 1 1 9 12 1 100 1 10 10 12 1 1 7 1 10 100 11 100 1 9 12 1 1 9 12 1 10 12 1 9 12 1 1 9 12 1 10 12 1 10 12 1 1 9 12 1 7 1 10 10 12 1 1 10 10 12 1 10 12 10 10 12 1 9 12 1 10 12 1 1 10 12 1 8 10 7 8 1 18 8 1 8 1 10 12 1 9 12 1 9 12 1 1 10 12 1 7 1 7 1 10 12 1 9 12 1 1 10 10 12 1 9 12 1 8 1 10 12 1 10 10 12 1 1 100 1 100 1 9 12 1 100 1 8 1 10 10 7 12 1 1 1 10 12 11 7 12 1 1 1 10 12 1 10 12 1 1 10 8 1 10 12 1 8 1 10 12 1 1 9 7 12 1 1 11 12 7 1 11 100 12 1 1 9 12 1 10 100 12 1 1 1 10 7 12 1 1 10 12 1 1 9 12 1 9 10 12 1 1 10 12 1 1 10 12 1 1 10 12 1 1 10 12 1 1 11 12 1 11 12 1 1 11 7 12 1 1 11 12 1 7 1 11 12 1 10 7 12 1 1 1 10 12 1 11 12 1 10 100 12 1 1 1 10 12 1 10 100 12 1 1 1 11 12 1 11 12 1 1 10 12 1 10 12 1 1 9 12 1 1 10 12 1 10 100 12 1 1 1 10 12 1 1 10 12 1 10 12 1 10 12 1 10 7 12 1 1 1 10 12 1 8 1 10 12 1 10 12 1 10 12 1 8 1 8 1 10 7 12 1 1 10 100 12 1 1 100 1 10 12 10 7 12 1 1 1 10 7 12 1 1 1 10 12 1 1 10 12 1 18 12 1 1 11 12 1 1 18 11 12 1 18 12 1 11 12 1 10 12 1 10 12 1 10 12 1 10 12 10 12 1 8 1 10 12 1 7 1 9 12 1 1 100 1 100 1 100 1 100 1 1 1 3 1 3 1 3 1 1 1 1 1 1 1 1 1 5 0 1 1 1 1 1 1 1 1 1 1 1 1 1 1 1 1 1 1 1 1 1 1 1 1 1 1 1 100 1 1 1 1 1 1 1 1 1 1 1 100 1 1 1 1 1 7 1 1 1 1 1 1 1 1 1 1 1 1 1 1 1 1 1 1 1 1 1 1 1 1 1 1 1 1 1 1 1 1 1 1 100 1 1 1 1 1 1 1 1 1 1 1 1 1 1 1 1 1 1 1 1 1 1 1 1 1 1 1 1 1 1 1 100 1 1 1 1 1 1 1 1 1 1 1 1 1 1 1 1 1 1 1 1 1 1 1 1 1 1 1 1 1 1 1 1 1 1 1 1 1 1 1 1 1 1 1 1 1 1 1 1 1 1 1 1 1 1 1 1 1 1 1 1 1 100 1 100 1 1 1 1 1 1 1 1 1 1 1 1 1 1 1 1 1 1 1 1 1 1 1 1 1 1 1 1 1 1 1 1 1 1 1 1 1 1 1 1 1 1 1 1 1 1 1 1 1 1 1 1 1 1 1 1 1 1 1 1 1 1 1 1 1 1 1 1 1 1 1 1 1 1 1 1 1 1 1 1 1 1 1 1 1 1 1 1 1 1 1 1 1 1 1 1 1 1 1 1 1 1 1 1 1 1 1 1 1 1 1 1 1 1 1 1 1 1 1 1 16 15 10 12 16 15 11 12 16 1 15 10 12 16 16 15 10 12 16 15 16 1 15 10 12 16 15 10 7 12 1 1 1 1 1 100 1 1 1 1 1 1 1 1 100 1 1 100 1 100 1 1 100 1 100 1 1
staticfield java/lang/Class EMPTY_CLASS_ARRAY [Ljava/lang/Class; 0 [Ljava/lang/Class;
staticfield java/lang/Class serialPersistentFields [Ljava/io/ObjectStreamField; 0 [Ljava/io/ObjectStreamField;
ciInstanceKlass java/lang/reflect/AnnotatedElement 1 1 165 11 7 12 1 1 1 11 12 1 1 100 1 10 100 12 1 1 1 10 12 1 1 10 12 1 1 10 12 1 10 100 12 1 1 1 11 12 1 1 11 100 12 1 1 10 100 12 1 1 1 10 12 1 10 100 12 1 1 1 18 12 1 1 11 100 12 1 1 18 12 1 18 12 1 1 10 100 12 1 1 1 11 100 12 1 1 1 100 1 10 100 12 1 1 1 1 1 1 1 1 1 1 1 1 1 1 1 1 1 1 1 1 1 1 1 1 1 1 100 1 1 1 1 1 1 1 1 1 1 1 16 15 16 1 16 1 15 11 12 16 16 1 15 10 100 12 1 1 1 16 1 15 10 100 12 1 1 1 1 100 1 100 1 1
ciInstanceKlass java/lang/reflect/Type 1 1 17 11 100 12 1 1 1 100 1 1 1 1 1 1 1 1 1
ciInstanceKlass java/lang/invoke/TypeDescriptor 1 0 17 100 1 100 1 1 1 1 1 1 100 1 100 1 1 1 1
ciInstanceKlass java/lang/invoke/TypeDescriptor$OfField 1 0 21 100 1 100 1 100 1 1 1 1 1 1 1 1 1 1 1 1 1 1 1
ciInstanceKlass java/lang/reflect/GenericDeclaration 1 0 30 100 1 100 1 100 1 1 1 1 1 1 1 1 100 1 8 1 1 12 10 1 1 1 8 1 1 1 8 1
ciMethod java/lang/Class isPrimitive ()Z 290 0 145 0 0
ciMethod java/lang/Class getComponentType ()Ljava/lang/Class; 258 0 129 0 -1
ciInstanceKlass java/lang/Module 1 1 1076 10 7 12 1 1 1 9 7 12 1 1 1 10 7 12 1 1 1 9 12 1 9 12 1 1 9 12 1 1 10 12 1 1 10 12 1 10 12 1 1 10 7 12 1 1 1 7 1 10 7 12 1 1 1 10 12 1 1 11 7 12 1 1 1 10 12 1 1 10 12 1 8 1 10 7 12 1 1 1 10 7 12 1 1 1 10 7 12 1 1 1 10 12 1 1 10 12 1 9 12 1 1 10 7 12 1 1 1 9 7 12 1 1 1 100 1 10 8 1 10 12 1 1 10 12 1 10 12 8 1 10 7 12 1 1 1 10 100 12 1 1 1 10 100 12 1 1 1 8 1 10 12 1 8 1 9 12 1 100 1 8 1 10 12 1 10 8 1 8 1 8 1 10 7 12 1 1 1 8 1 10 100 12 1 1 1 8 1 10 12 1 9 12 1 1 11 12 1 9 7 12 1 1 10 7 12 1 1 1 10 7 12 1 1 1 10 12 1 1 8 1 10 12 1 1 10 12 1 10 12 1 1 9 7 12 1 1 1 10 12 1 1 10 12 1 1 9 12 1 10 12 1 10 12 1 9 12 1 1 11 7 12 1 1 10 12 1 1 9 12 1 9 12 1 10 12 1 10 12 1 100 1 8 1 10 10 12 1 1 10 12 1 8 1 10 12 1 1 8 1 8 1 10 12 1 1 10 12 1 10 12 1 1 10 12 1 18 12 1 1 10 12 1 1 11 12 1 9 12 1 11 12 7 1 10 12 1 18 12 1 11 12 1 1 11 12 1 1 11 12 1 10 12 1 1 10 12 1 1 9 12 1 10 12 10 7 12 1 1 10 7 1 18 12 1 1 11 7 12 1 1 1 18 12 1 11 12 1 1 10 100 12 1 1 1 11 12 1 1 10 7 12 1 1 11 12 1 1 10 12 1 1 7 1 11 12 1 7 1 7 1 10 12 1 10 7 12 1 1 1 10 7 12 1 1 1 10 11 7 12 1 8 1 10 12 1 10 12 1 1 10 7 12 1 1 10 12 1 10 12 1 7 1 10 12 1 10 11 12 1 10 12 11 12 1 1 11 7 12 1 1 11 12 1 1 10 12 1 1 9 12 1 1 100 1 10 10 12 1 1 11 7 1 10 12 1 1 11 12 1 10 11 10 12 1 11 10 12 1 1 10 12 1 1 10 12 1 1 10 7 12 1 1 10 12 1 10 12 1 1 10 10 12 1 1 10 12 1 18 12 1 11 12 1 18 12 1 10 12 1 10 12 1 10 12 7 1 10 12 1 10 12 1 10 12 1 9 12 1 7 1 10 10 10 10 12 1 10 12 1 10 12 1 10 12 1 1 10 12 1 1 10 12 1 9 12 1 10 12 1 100 1 8 1 10 12 1 1 10 12 1 10 100 12 1 1 100 1 10 12 1 1 100 1 8 1 100 1 9 100 12 1 1 1 11 100 12 1 1 10 12 1 1 11 12 1 1 18 12 1 1 11 12 1 1 100 1 10 12 1 10 12 1 1 100 1 100 1 10 12 8 1 10 12 1 1 10 12 1 1 10 7 12 1 1 10 12 1 1 10 12 1 10 12 10 12 1 1 7 1 10 10 12 1 1 10 7 12 1 1 1 100 1 10 100 12 1 1 1 10 100 12 1 1 8 1 18 12 1 1 100 1 100 1 9 12 1 1 9 12 1 9 12 1 11 100 12 1 1 1 100 1 11 12 1 1 100 1 10 12 1 8 1 10 12 1 10 12 10 12 1 8 1 10 10 100 12 1 1 10 12 1 1 7 1 10 10 12 1 10 7 12 1 1 9 12 1 9 12 1 9 12 1 9 12 1 9 12 1 10 12 10 12 1 100 1 1 1 1 1 1 1 1 1 1 1 1 1 1 1 1 1 1 1 1 1 1 1 1 1 1 1 1 1 1 1 1 1 1 1 1 1 1 1 1 1 1 1 1 1 1 1 1 1 1 1 1 1 1 1 1 1 1 1 1 1 1 1 1 1 1 1 1 1 1 1 1 1 1 1 1 1 1 1 1 1 1 1 1 1 1 1 1 1 1 1 1 1 1 1 1 1 1 1 1 1 1 1 1 1 1 1 1 100 100 1 1 1 1 1 1 1 1 1 1 1 1 1 1 1 1 1 1 1 1 1 1 1 1 1 1 100 1 100 1 1 1 1 1 1 1 1 1 1 1 1 1 1 1 1 1 1 100 1 1 1 1 1 1 1 1 1 1 1 1 1 1 1 1 1 1 1 1 1 1 1 1 1 1 1 16 15 10 12 16 15 10 12 16 1 16 15 10 12 16 16 15 10 16 1 15 10 12 16 1 15 10 12 16 1 16 1 15 10 12 16 15 10 7 12 1 1 1 15 10 100 12 1 1 1 1 1 1 1 1 1 1 1 1 1 100 1 100 1 1
staticfield java/lang/Module ALL_UNNAMED_MODULE Ljava/lang/Module; java/lang/Module
staticfield java/lang/Module ALL_UNNAMED_MODULE_SET Ljava/util/Set; java/util/ImmutableCollections$Set12
staticfield java/lang/Module EVERYONE_MODULE Ljava/lang/Module; java/lang/Module
staticfield java/lang/Module EVERYONE_SET Ljava/util/Set; java/util/ImmutableCollections$Set12
staticfield java/lang/Module $assertionsDisabled Z 1
ciInstanceKlass java/lang/Math 1 1 480 7 1 7 1 10 100 12 1 1 1 10 7 12 1 1 1 10 12 1 10 12 1 10 12 1 10 12 1 10 12 1 6 0 6 0 10 12 1 10 12 1 10 12 1 10 12 1 10 12 1 10 12 1 1 10 12 1 10 12 1 10 12 1 10 12 1 10 12 1 10 7 12 1 1 1 100 1 3 3 3 10 12 1 1 100 1 5 0 5 0 5 0 5 0 5 0 9 100 12 1 1 1 10 100 12 1 1 1 100 1 8 1 10 12 1 8 1 10 12 1 1 10 12 1 1 100 1 5 0 5 0 100 1 3 5 0 3 5 0 10 12 1 10 12 1 10 12 1 10 12 1 10 12 1 8 1 10 12 1 8 1 10 12 1 1 10 12 1 1 9 12 1 1 9 12 1 100 1 100 1 10 10 12 1 1 8 1 10 12 1 10 12 1 1 10 10 12 1 10 12 1 10 12 1 10 12 1 1 8 1 8 1 10 12 1 1 10 12 1 10 12 10 12 10 12 1 10 12 1 10 12 1 10 12 1 10 12 6 0 10 12 1 9 12 1 1 100 1 10 10 12 1 100 1 10 12 1 10 12 1 1 10 12 1 10 12 1 10 12 10 12 1 1 10 12 1 1 10 12 1 1 10 12 6 0 10 12 1 1 10 12 10 12 1 4 10 12 1 10 12 1 10 12 10 12 1 10 12 1 10 12 1 10 12 1 10 12 1 10 12 1 5 0 6 0 4 6 0 4 6 0 4 10 12 1 6 0 6 0 10 12 1 10 12 8 1 10 12 1 10 12 1 8 1 8 1 10 12 10 12 10 7 12 1 1 1 4 6 0 1 1 1 6 0 1 6 0 1 6 0 1 1 1 1 1 1 1 1 1 1 1 1 1 1 1 1 1 1 1 1 1 1 1 1 1 1 1 1 1 1 1 1 1 1 1 1 1 1 1 1 1 1 1 1 1 1 1 1 1 1 1 1 1 1 1 1 1 1 1 1 1 1 1 1 1 1 1 1 1 1 1 1 1 1 1 1 1 1 1 1 1 1 1 1 1 1 1 1 1 1 1 1 1 1 1 1 1 1 1
staticfield java/lang/Math negativeZeroFloatBits J -2147483648
staticfield java/lang/Math negativeZeroDoubleBits J -9223372036854775808
staticfield java/lang/Math $assertionsDisabled Z 1
ciInstanceKlass java/util/Arrays 1 1 1020 10 7 12 1 1 1 10 100 12 1 1 1 10 7 12 1 1 1 10 12 1 10 12 1 10 12 1 10 12 1 10 12 1 10 12 1 10 100 12 1 1 1 100 1 100 1 10 8 1 10 12 1 1 10 12 1 8 1 8 1 10 12 1 1 10 12 1 100 1 10 12 1 9 100 12 1 1 1 10 7 12 1 1 100 1 10 12 1 1 10 7 12 1 1 10 7 12 1 1 1 100 1 10 12 1 10 12 1 1 7 1 9 7 12 1 1 1 10 12 1 1 10 100 12 1 1 10 12 1 10 12 1 1 10 12 1 10 12 1 1 7 1 11 12 1 1 10 12 1 10 7 12 1 1 1 10 12 10 12 1 10 12 1 10 12 10 12 1 11 100 12 1 1 1 10 7 12 1 1 1 100 1 10 12 1 10 100 1 10 12 1 10 100 1 10 12 1 10 100 1 10 12 1 10 10 12 1 1 10 12 1 10 12 1 10 12 1 10 12 1 10 12 1 10 100 12 1 1 1 10 12 1 10 100 12 1 1 1 10 12 1 10 12 1 10 7 12 1 1 1 10 12 1 10 12 1 10 12 1 10 12 1 10 12 1 10 12 1 10 12 1 10 12 1 10 12 1 10 12 1 10 12 1 10 12 1 10 12 1 10 12 1 10 12 1 10 12 1 1 10 12 1 1 10 7 12 1 1 1 10 7 1 10 100 1 10 7 1 10 100 1 10 100 1 10 100 1 10 100 1 10 100 1 10 12 1 8 1 7 1 10 12 10 100 12 1 1 1 10 12 10 12 1 10 12 1 10 12 1 10 100 12 1 1 10 12 10 12 1 10 12 1 10 12 10 12 1 1 10 12 1 1 9 100 12 1 1 1 10 12 1 9 100 1 10 12 1 9 10 12 1 9 100 1 10 12 1 9 100 1 10 12 1 9 10 12 1 9 10 12 1 10 12 1 10 12 1 9 12 1 100 1 10 10 12 1 1 10 12 1 10 12 1 10 12 1 10 12 1 10 12 1 10 12 1 10 12 1 10 12 1 10 12 1 8 1 8 1 10 12 1 10 12 1 8 1 10 12 1 10 12 1 10 12 1 10 100 12 1 1 1 3 10 100 1 10 10 12 1 1 11 100 12 1 1 10 12 1 1 10 12 1 10 12 1 10 12 1 10 12 1 10 12 1 10 12 1 10 12 1 10 12 1 11 12 1 8 1 10 11 12 1 11 100 12 1 1 1 11 100 12 1 1 1 11 12 1 1 18 12 1 1 11 12 1 1 11 100 12 1 1 1 18 12 1 11 100 12 1 1 1 18 12 1 11 100 12 1 1 1 18 12 1 100 1 10 7 12 1 1 1 10 12 1 10 12 1 10 12 1 10 12 1 10 12 1 10 12 1 10 12 1 10 12 1 1 10 12 1 10 7 12 1 1 10 12 1 10 12 1 10 12 1 1 10 12 1 10 12 1 10 12 1 1 10 12 1 10 12 1 10 12 1 1 10 12 1 10 12 1 10 12 1 10 12 1 10 12 10 12 1 10 12 10 12 10 12 1 10 12 10 12 1 10 12 1 10 12 1 1 1 1 3 1 3 1 1 1 1 1 1 1 1 1 1 1 1 1 1 1 1 1 1 1 1 1 1 1 1 1 1 1 1 1 1 1 1 1 1 1 1 1 1 1 1 1 1 1 1 1 1 1 1 1 1 1 1 1 1 1 1 1 1 1 1 1 1 1 1 1 1 1 1 1 1 1 1 1 1 1 1 1 1 1 1 1 1 1 1 1 1 1 1 1 1 1 1 1 1 1 1 1 1 1 1 1 1 1 1 1 1 1 1 1 1 1 1 1 1 1 1 1 1 1 1 1 1 1 1 1 1 1 1 1 1 1 1 1 1 1 1 1 1 1 1 1 1 1 1 1 1 1 1 1 1 1 1 1 1 1 1 1 1 1 1 1 1 1 1 1 1 1 1 1 1 1 1 1 1 1 1 1 1 1 1 1 1 1 1 1 1 1 1 1 1 1 1 1 1 1 1 1 1 1 1 1 1 1 1 1 1 1 1 1 1 1 1 1 1 1 1 1 1 1 1 1 1 1 1 1 1 1 1 1 1 1 1 1 1 1 1 1 1 1 1 1 1 1 1 1 1 1 1 1 1 1 1 1 1 1 1 1 1 1 1 100 1 1 16 15 10 12 15 10 12 15 10 12 15 10 12 15 10 100 12 1 1 1 1 1 100 1 100 1 1 1 1 100 1 1 1 1 1 1 100 1 1 100 1 1 100 1 1 1 100 1 100 1 1
staticfield java/util/Arrays $assertionsDisabled Z 1
ciInstanceKlass jdk/internal/misc/Unsafe 1 1 1248 10 7 12 1 1 1 10 7 12 1 1 9 12 1 1 9 12 1 1 10 12 1 1 10 7 12 1 1 1 10 12 1 1 10 12 1 1 10 12 1 1 10 12 1 1 10 12 1 1 10 12 1 1 10 12 1 1 10 12 1 1 10 12 1 1 10 12 1 1 10 12 1 1 10 12 1 1 10 12 1 1 10 12 1 10 12 1 100 1 10 10 12 1 1 10 12 1 1 5 0 10 12 1 1 10 12 1 1 10 7 12 1 1 1 10 12 1 1 10 12 1 10 12 1 10 12 1 1 10 12 1 1 10 12 1 10 12 1 100 1 100 1 10 8 1 10 12 1 1 10 12 1 8 1 10 12 1 1 10 12 1 10 12 1 10 12 1 1 10 12 1 10 12 1 1 10 12 1 1 10 12 1 10 12 1 10 12 1 10 12 1 1 10 12 1 10 12 1 10 12 1 1 10 12 1 5 0 5 0 5 0 10 12 1 10 12 1 10 12 1 10 12 1 10 12 1 10 12 1 10 12 1 10 12 1 10 12 1 1 10 12 1 10 12 1 100 1 8 1 10 100 1 10 10 12 1 1 10 12 1 1 10 12 1 10 12 1 1 10 12 1 1 10 12 1 10 12 1 1 10 12 1 9 7 12 1 1 9 12 1 100 1 10 10 12 1 1 8 1 10 8 1 8 1 10 12 1 1 9 7 12 1 1 1 9 100 1 9 7 1 9 7 1 9 9 100 1 9 7 1 9 100 1 10 12 1 1 10 12 1 1 10 12 1 1 10 12 1 1 5 0 5 0 9 12 1 1 10 12 1 10 12 1 10 12 1 1 10 12 1 1 10 12 1 8 1 3 10 12 1 1 10 12 1 1 10 12 1 10 12 1 1 10 12 1 1 10 12 1 10 12 1 10 12 1 10 12 1 10 12 1 10 12 1 1 10 12 1 1 10 12 1 10 12 1 10 12 1 10 12 1 10 12 1 10 12 1 1 10 12 1 1 10 12 1 10 12 1 10 12 1 10 12 1 10 12 1 10 12 1 1 10 12 1 1 10 12 1 1 10 12 1 1 10 12 1 10 12 1 10 12 1 10 12 1 10 12 1 10 12 1 10 12 1 1 10 12 1 1 10 12 1 10 12 1 10 12 1 10 12 1 10 12 1 10 12 1 10 12 1 1 10 12 1 1 10 12 1 10 12 1 10 12 1 10 12 1 10 12 1 10 12 1 10 12 1 10 12 1 1 10 12 1 10 12 1 10 12 1 10 12 1 10 12 1 1 10 12 1 10 12 1 10 12 1 10 12 1 10 12 1 10 12 1 10 12 1 10 12 1 1 10 12 1 10 12 1 10 12 1 10 12 1 10 12 1 10 12 1 1 10 12 1 10 12 1 10 12 1 1 10 12 1 10 12 1 10 12 1 10 12 1 10 12 1 10 12 1 10 12 1 10 12 1 10 12 1 10 12 1 10 12 1 10 12 1 10 12 1 10 12 1 10 12 1 10 12 1 10 12 1 10 12 1 10 12 1 10 12 1 10 12 1 10 12 1 10 12 1 100 1 10 100 1 10 9 12 1 5 0 10 12 1 1 5 0 10 12 1 5 0 10 12 1 10 12 1 10 12 1 1 10 12 1 1 10 12 1 10 12 1 10 12 1 10 12 1 1 10 12 1 10 12 1 10 12 1 10 12 1 10 12 1 1 10 12 1 10 12 1 10 12 1 10 12 1 1 10 12 1 10 12 1 10 12 1 1 10 12 1 10 12 1 10 12 1 10 12 1 1 10 12 1 10 10 12 1 1 10 12 1 10 12 1 1 10 12 1 10 12 5 0 5 0 5 0 10 12 1 1 10 12 1 10 12 1 10 12 10 100 12 1 1 8 1 100 1 11 12 1 1 8 1 11 12 1 1 10 100 12 1 1 10 12 1 10 7 1 10 12 1 1 9 12 1 1 7 1 9 12 1 7 1 9 12 1 7 1 9 12 1 7 1 9 12 1 7 1 9 12 1 7 1 9 12 1 7 1 9 12 1 7 1 9 12 1 10 12 1 9 12 1 9 12 1 9 12 1 9 12 1 9 12 1 9 12 1 9 12 1 9 12 1 9 12 1 9 12 1 1 1 5 0 1 1 1 1 1 1 1 1 1 1 1 1 1 1 1 1 1 1 1 1 1 1 1 1 1 1 1 1 1 1 1 1 1 1 1 1 1 1 1 1 1 1 1 1 1 1 1 1 1 1 1 1 1 1 1 1 1 1 1 1 1 1 1 1 1 1 1 1 1 1 1 1 1 1 1 1 1 1 1 1 1 1 1 1 1 1 1 1 1 1 100 1 1 1 1 1 1 1 1 1 1 1 1 1 1 1 1 1 1 1 1 1 1 1 1 1 1 1 1 1 1 1 1 1 1 1 1 1 1 1 1 1 1 1 1 1 1 1 1 1 1 1 1 1 1 1 1 1 1 1 1 1 1 1 1 1 1 1 1 1 1 1 1 1 1 1 1 1 1 1 1 1 1 1 1 1 1 1 1 1 1 1 1 1 1 1 1 1 1 1 1 1 1 1 1 1 1 1 1 1 1 1 1 1 1 1 1 1 1 1 1 1 1 1 1 1 1 1 1 1 1 1 1 1 1 1 1 1 1 1 1 1 1 1 1 1 1 1 1 1 1 1 1 1 1 1 1 1 1 1 1 1 1 1 1 1 1 1 1 1 1 1 1 1 1 1 1 1 1 1 1 1 1 1 1 1 1 1 1 1 1 1 1 1 1 1 1 1 1 1 1 1 1 1 1 1 1 1 1 1 1 1 1 1
staticfield jdk/internal/misc/Unsafe theUnsafe Ljdk/internal/misc/Unsafe; jdk/internal/misc/Unsafe
staticfield jdk/internal/misc/Unsafe ARRAY_BOOLEAN_BASE_OFFSET J 16
staticfield jdk/internal/misc/Unsafe ARRAY_BYTE_BASE_OFFSET J 16
staticfield jdk/internal/misc/Unsafe ARRAY_SHORT_BASE_OFFSET J 16
staticfield jdk/internal/misc/Unsafe ARRAY_CHAR_BASE_OFFSET J 16
staticfield jdk/internal/misc/Unsafe ARRAY_INT_BASE_OFFSET J 16
staticfield jdk/internal/misc/Unsafe ARRAY_LONG_BASE_OFFSET J 16
staticfield jdk/internal/misc/Unsafe ARRAY_FLOAT_BASE_OFFSET J 16
staticfield jdk/internal/misc/Unsafe ARRAY_DOUBLE_BASE_OFFSET J 16
staticfield jdk/internal/misc/Unsafe ARRAY_OBJECT_BASE_OFFSET J 16
staticfield jdk/internal/misc/Unsafe ARRAY_BOOLEAN_INDEX_SCALE I 1
staticfield jdk/internal/misc/Unsafe ARRAY_BYTE_INDEX_SCALE I 1
staticfield jdk/internal/misc/Unsafe ARRAY_SHORT_INDEX_SCALE I 2
staticfield jdk/internal/misc/Unsafe ARRAY_CHAR_INDEX_SCALE I 2
staticfield jdk/internal/misc/Unsafe ARRAY_INT_INDEX_SCALE I 4
staticfield jdk/internal/misc/Unsafe ARRAY_LONG_INDEX_SCALE I 8
staticfield jdk/internal/misc/Unsafe ARRAY_FLOAT_INDEX_SCALE I 4
staticfield jdk/internal/misc/Unsafe ARRAY_DOUBLE_INDEX_SCALE I 8
staticfield jdk/internal/misc/Unsafe ARRAY_OBJECT_INDEX_SCALE I 4
staticfield jdk/internal/misc/Unsafe ADDRESS_SIZE I 8
ciInstanceKlass java/lang/Thread$FieldHolder 1 1 55 10 7 12 1 1 1 9 7 12 1 1 1 9 12 1 1 9 12 1 1 9 12 1 1 9 12 1 1 1 1 1 1 1 1 1 1 1 1 100 1 100 1 1 1 1 100 1 1 1 100 1 100 1 1
ciInstanceKlass java/lang/Thread$Constants 0 0 47 100 1 10 100 12 1 1 1 10 12 1 1 10 12 1 1 10 100 12 1 1 8 1 10 12 1 9 100 12 1 1 1 1 1 1 1 1 1 1 1 1 1 1 1 1 1
ciInstanceKlass java/lang/ThreadGroup 1 1 380 10 7 12 1 1 1 9 7 12 1 1 1 8 1 9 12 1 1 100 1 9 12 1 1 9 12 1 1 10 7 12 1 1 1 10 12 1 1 10 12 1 10 12 1 1 10 12 1 1 10 12 1 10 12 1 10 12 1 10 100 12 1 1 1 10 12 1 1 18 12 1 1 11 100 12 1 1 1 10 12 1 1 10 12 1 1 10 12 1 1 10 100 12 1 1 1 10 12 1 11 12 1 1 11 100 12 1 1 11 12 1 1 10 12 1 1 10 12 1 10 12 1 11 12 1 11 12 1 1 10 12 1 100 1 10 18 12 1 1 11 100 12 1 1 1 11 12 1 1 9 100 12 1 1 1 10 12 1 1 8 1 10 100 12 1 1 1 10 100 12 1 1 1 10 12 1 1 11 12 10 12 1 1 10 12 1 1 11 100 1 9 12 1 100 1 10 8 1 10 12 1 1 10 12 1 1 8 1 10 12 1 10 100 12 1 1 1 10 12 1 1 10 7 1 8 1 10 8 1 10 12 1 10 12 1 8 1 9 12 1 1 9 12 1 10 100 12 1 1 1 100 9 12 1 1 7 1 9 12 1 10 12 10 12 1 1 100 10 12 9 12 1 10 12 1 100 1 10 100 1 10 10 12 1 10 12 1 1 1 1 1 1 1 1 1 1 1 1 1 1 1 1 3 1 1 1 1 1 1 1 1 1 1 1 100 1 1 1 1 1 1 1 1 1 1 1 1 1 1 1 1 1 1 1 1 1 1 1 1 1 1 1 1 1 1 1 1 1 1 1 1 1 1 1 1 16 15 10 12 16 16 15 10 12 16 15 10 100 12 1 1 1 1 1 100 1 100 1 1
staticfield java/lang/ThreadGroup $assertionsDisabled Z 1
ciInstanceKlass java/lang/Thread$UncaughtExceptionHandler 1 0 16 100 1 100 1 1 1 1 1 1 1 1 100 1 1 1
instanceKlass java/lang/ThreadBuilders$BoundVirtualThread
instanceKlass java/lang/VirtualThread
ciInstanceKlass java/lang/BaseVirtualThread 0 0 36 10 100 12 1 1 1 100 1 1 1 1 1 1 1 1 1 1 1 1 1 1 1 1 1 1 1 1 100 1 100 1 1 100 1 1
ciInstanceKlass java/lang/VirtualThread 0 0 928 9 100 12 1 1 1 9 12 1 1 10 100 12 1 1 1 10 100 12 1 1 1 10 100 12 1 1 1 9 12 1 1 100 1 10 12 1 9 12 1 1 18 12 1 1 9 12 1 1 10 12 1 1 100 1 10 12 1 10 12 1 1 10 12 1 1 10 12 1 10 12 1 1 9 12 1 1 10 12 1 10 100 12 1 10 12 1 10 12 1 10 12 1 10 12 1 9 12 1 1 11 100 12 1 1 1 10 10 12 1 11 100 12 1 1 1 10 12 1 100 1 10 12 1 1 100 1 9 12 1 1 5 0 10 100 12 1 1 1 9 12 1 100 1 100 1 10 10 100 12 1 1 1 10 100 12 1 1 1 10 12 1 1 10 12 1 10 12 1 1 10 12 1 10 12 10 12 1 100 1 10 10 12 1 10 12 1 1 9 12 1 1 10 12 1 1 9 12 1 1 10 12 1 9 12 1 10 100 12 1 1 10 9 10 10 12 1 1 10 12 1 1 10 100 12 1 1 10 100 1 10 9 10 100 1 10 12 1 1 10 12 1 10 10 12 1 1 9 12 1 10 12 1 10 12 1 9 12 1 1 10 12 1 10 12 1 10 12 1 1 9 12 1 1 10 12 1 10 12 1 1 10 12 1 10 12 1 1 9 12 1 18 9 100 12 1 1 1 10 12 1 1 9 12 1 10 12 1 10 12 1 1 10 12 1 9 12 1 1 18 12 1 9 12 1 9 12 1 10 12 9 12 1 1 10 100 12 1 1 10 12 1 10 12 1 1 10 100 12 1 1 10 12 1 100 1 8 1 10 12 1 10 12 1 1 10 12 1 10 12 1 10 12 1 10 100 12 1 1 10 12 1 10 12 1 10 12 1 10 12 1 10 100 12 1 1 8 1 10 12 1 10 12 1 10 12 1 10 12 1 1 10 12 1 10 12 10 12 1 100 1 10 10 12 1 10 12 1 1 10 12 1 1 10 12 1 10 12 1 10 12 1 1 10 12 1 1 11 100 12 1 1 11 12 1 10 12 9 100 12 1 1 1 9 12 1 10 12 1 1 9 12 1 9 12 1 9 12 1 9 12 1 100 1 10 10 12 1 1 10 12 1 100 1 100 1 10 8 1 10 12 1 1 10 12 1 10 12 1 10 10 12 1 8 1 10 10 12 1 10 12 1 10 100 12 1 1 8 1 8 1 10 12 1 1 10 10 9 100 12 1 1 1 10 12 1 1 10 12 1 10 10 12 9 12 1 10 12 1 1 10 12 1 9 12 1 10 12 1 1 9 12 1 10 12 1 1 9 12 1 10 12 1 1 18 12 1 1 8 1 10 12 1 1 8 1 8 1 10 100 12 1 1 1 10 100 12 1 1 1 10 12 1 10 12 1 1 10 12 1 18 12 1 1 18 12 1 1 5 0 9 12 1 10 12 1 10 12 1 10 100 1 10 12 1 1 9 12 1 9 12 1 1 10 12 1 1 10 12 1 10 12 10 12 1 1 10 100 12 1 1 10 12 1 1 100 1 8 1 10 10 12 1 8 10 12 1 1 8 8 9 12 1 8 8 10 12 1 10 12 1 1 8 1 18 12 1 10 100 12 1 1 10 12 1 10 12 1 3 1 3 1 3 1 3 1 3 1 3 1 3 1 3 1 3 1 3 1 3 1 3 1 3 3 1 3 3 1 3 3 1 3 3 1 3 1 1 1 1 1 1 1 1 1 1 1 1 1 1 1 1 1 100 1 1 1 1 1 1 1 1 1 1 1 1 1 1 1 1 1 1 1 1 100 1 1 1 1 1 1 1 1 1 1 1 1 1 1 1 1 1 1 1 1 1 1 1 1 1 1 1 1 1 1 1 1 1 100 1 1 1 1 1 1 1 1 1 1 1 1 1 1 1 1 1 1 1 1 1 1 1 1 1 1 1 100 1 1 1 1 1 1 1 1 1 1 1 1 1 1 1 1 1 1 1 1 1 1 100 1 1 16 15 10 12 15 10 12 15 10 12 16 15 10 12 16 15 10 12 16 15 10 12 16 15 10 12 15 10 100 12 1 1 1 1 1 1 1 100 1 1 1 100 1 100 1 1
ciInstanceKlass java/lang/ThreadBuilders$BoundVirtualThread 0 0 132 10 100 12 1 1 1 9 100 12 1 1 1 10 100 12 1 1 1 9 12 1 1 10 12 1 1 10 12 1 1 9 12 1 1 10 100 12 1 1 1 10 12 1 1 100 1 8 1 10 12 1 10 12 1 1 10 12 1 1 10 12 1 1 10 100 12 1 1 1 8 1 10 12 1 8 1 10 12 1 1 10 100 12 1 1 9 100 12 1 1 1 10 12 1 1 10 10 12 1 1 1 1 1 1 1 1 1 1 1 1 1 1 1 1 1 1 1 1 1 1 1 1 1 1 1 1 100 1 1 1 1
instanceKlass oracle/dbtools/extension/rest/exceptions/ModuleNotFoundException
instanceKlass java/lang/Exception
instanceKlass java/lang/Error
ciInstanceKlass java/lang/Throwable 1 1 403 10 7 12 1 1 1 9 7 12 1 1 1 9 12 1 1 9 12 1 9 12 1 1 9 12 1 10 12 1 1 9 12 1 1 10 12 1 1 10 100 12 1 1 1 9 12 1 1 10 12 1 1 10 12 1 100 1 100 1 10 8 1 10 12 1 1 8 1 10 100 12 1 1 10 10 12 1 100 1 8 1 10 10 7 12 1 1 10 12 1 8 1 9 100 12 1 1 1 10 12 1 1 100 1 10 12 10 12 1 100 1 10 10 7 12 1 1 1 11 100 12 1 1 1 10 100 12 1 1 1 10 12 1 1 10 12 1 1 8 1 10 12 1 10 12 1 1 8 1 8 1 10 12 1 1 10 12 1 8 1 8 1 9 12 1 10 100 12 1 1 100 1 10 11 12 1 8 1 8 1 10 7 12 1 1 8 1 10 12 1 8 1 100 1 10 12 1 9 12 1 1 10 12 1 10 100 12 1 9 12 1 1 10 12 1 1 100 1 8 1 10 12 1 10 100 12 1 1 10 12 1 1 100 1 10 100 12 1 1 1 10 12 1 11 100 12 1 1 1 11 100 12 1 1 1 11 12 1 8 1 10 12 1 1 8 1 10 10 9 100 12 1 1 1 8 1 10 12 1 1 11 10 100 1 8 1 10 11 12 1 1 8 1 9 12 1 10 100 12 1 1 11 9 12 1 1 11 12 1 1 100 10 12 1 10 12 1 1 100 1 1 1 1 5 0 1 1 1 1 1 1 1 1 1 1 1 1 100 1 1 1 1 1 1 1 1 1 1 1 1 1 1 1 1 1 1 1 1 1 1 1 1 1 1 1 1 1 1 1 1 1 1 1 1 1 1 1 1 1 1 1 100 1 100 1 1 1 1 1 1 1 1 1 1 1 1 1 1 1 1 1 1
staticfield java/lang/Throwable UNASSIGNED_STACK [Ljava/lang/StackTraceElement; 0 [Ljava/lang/StackTraceElement;
staticfield java/lang/Throwable SUPPRESSED_SENTINEL Ljava/util/List; java/util/Collections$EmptyList
staticfield java/lang/Throwable EMPTY_THROWABLE_ARRAY [Ljava/lang/Throwable; 0 [Ljava/lang/Throwable;
staticfield java/lang/Throwable $assertionsDisabled Z 1
ciMethod java/lang/Throwable fillInStackTrace ()Ljava/lang/Throwable; 144 0 65 0 -1
ciMethod java/lang/Throwable <init> (Ljava/lang/String;)V 118 0 53 0 -1
ciInstanceKlass jdk/internal/vm/ContinuationScope 0 0 50 10 100 12 1 1 1 10 100 12 1 1 1 100 1 9 100 12 1 1 1 10 12 1 1 10 100 12 1 1 1 10 12 1 1 10 12 1 1 1 1 1 1 1 1 1 1 1 1 1
ciInstanceKlass jdk/internal/vm/StackChunk 1 1 32 10 100 12 1 1 1 9 100 12 1 1 1 9 12 1 1 9 12 1 1 1 1 1 1 1 1 1 1 1 1 1
ciInstanceKlass java/lang/Boolean 1 1 146 10 7 12 1 1 1 9 7 12 1 1 1 10 12 1 1 10 12 1 8 1 10 7 12 1 1 9 12 1 1 9 12 1 10 12 1 1 10 12 1 1 10 12 1 1 10 12 1 10 7 12 1 1 1 10 12 1 1 9 100 12 1 1 9 12 10 100 12 1 1 1 10 12 1 1 8 1 10 7 12 1 1 1 9 12 1 1 100 1 100 1 100 1 1 1 1 1 1 5 0 1 1 1 1 1 1 1 1 1 1 1 1 1 1 1 1 1 1 1 1 1 1 1 1 1 1 1 1 1 1 1 1 1 1 1 100 1 1 1 1 1 1 1 1 1
staticfield java/lang/Boolean TRUE Ljava/lang/Boolean; java/lang/Boolean
staticfield java/lang/Boolean FALSE Ljava/lang/Boolean; java/lang/Boolean
staticfield java/lang/Boolean TYPE Ljava/lang/Class; java/lang/Class
ciInstanceKlass java/lang/Character 1 1 603 7 1 100 1 100 1 9 12 1 1 8 1 9 12 1 1 100 1 9 12 1 1 10 100 12 1 1 1 10 100 12 1 1 1 10 100 12 1 1 1 10 7 12 1 1 1 9 7 12 1 1 1 10 12 1 10 12 1 1 10 12 1 1 10 100 12 1 1 10 12 1 1 3 3 3 3 3 10 12 1 1 10 12 1 3 11 7 12 1 1 1 11 12 1 1 10 12 1 1 10 12 1 1 100 1 10 10 12 1 3 10 12 1 1 10 12 1 10 12 1 1 100 1 8 1 10 12 1 1 10 12 1 10 12 1 10 12 1 10 100 12 1 1 1 10 12 1 10 12 1 10 12 1 1 10 12 1 10 7 12 1 1 10 10 12 1 10 10 12 1 10 12 1 1 10 12 1 10 10 12 1 10 12 1 10 12 1 10 12 1 10 12 1 10 12 1 10 12 1 10 12 10 10 12 10 10 12 1 10 10 12 1 10 10 12 1 10 10 12 1 10 12 1 10 12 1 10 12 1 10 12 1 10 12 1 10 12 1 10 10 12 1 10 10 12 1 10 10 12 1 1 10 10 12 1 10 5 0 10 12 1 10 12 1 10 10 12 1 10 10 12 1 1 10 10 12 1 10 10 12 1 9 12 1 1 100 1 10 10 12 1 10 12 1 1 3 10 100 12 1 1 1 10 12 1 10 100 12 1 1 100 1 10 10 12 1 1 10 12 1 1 10 12 1 1 8 1 10 12 1 9 100 12 1 1 1 10 12 1 10 10 12 1 10 12 1 1 10 12 1 10 10 12 1 1 10 10 12 1 1 100 1 8 1 10 12 1 1 10 7 12 1 1 1 8 1 10 12 1 1 9 12 1 1 100 1 100 1 100 1 1 1 1 3 1 3 1 3 1 3 1 1 1 1 1 3 1 1 3 1 3 1 3 1 3 1 3 1 3 1 3 1 3 1 3 1 3 1 3 1 3 1 3 1 3 1 3 1 3 1 3 1 3 1 3 1 3 1 3 1 3 1 3 1 3 1 3 1 3 1 3 1 3 1 1 1 1 1 1 1 1 1 1 1 1 1 1 1 1 1 1 1 3 1 1 1 1 1 1 1 3 1 1 3 1 1 1 1 1 3 1 1 5 0 1 1 1 1 1 1 1 1 1 1 1 1 1 1 1 1 1 1 1 1 1 1 1 1 1 1 1 1 1 1 1 1 1 1 1 1 1 1 1 1 1 1 1 1 1 1 1 1 1 1 1 1 1 1 1 1 1 1 1 1 1 1 1 1 1 1 1 1 1 1 1 1 1 1 1 1 1 1 1 1 1 1 1 1 1 1 1 1 1 100 1 100 1 1 1 1 1 1
staticfield java/lang/Character TYPE Ljava/lang/Class; java/lang/Class
staticfield java/lang/Character $assertionsDisabled Z 1
ciInstanceKlass java/lang/Float 1 1 277 7 1 100 1 10 100 12 1 1 1 10 100 12 1 1 1 4 100 1 10 12 1 1 10 12 1 1 8 1 8 1 10 100 12 1 1 1 10 12 1 1 10 12 1 1 10 100 1 4 10 7 12 1 1 9 12 1 1 10 12 1 1 10 12 1 10 10 12 1 1 10 12 1 10 12 1 3 3 100 1 4 4 4 3 10 12 1 1 9 12 1 1 100 1 10 3 3 4 4 10 12 1 3 3 3 10 12 1 1 10 12 1 1 10 12 1 10 100 12 1 1 1 10 12 1 1 10 12 1 1 10 7 12 1 1 1 8 1 10 12 1 1 9 12 1 1 100 1 100 1 100 1 1 1 1 4 1 4 1 1 1 4 1 1 3 1 3 1 3 1 3 1 3 1 1 1 1 5 0 1 1 1 1 1 1 1 1 1 1 100 1 1 1 1 1 1 1 1 1 1 1 1 1 1 1 1 1 1 1 1 1 1 1 1 1 1 1 1 1 1 1 1 1 1 1 1 1 1 1 1 1 1 1 1 1 1 1 1 1 1 1 1 1 1 1 1 1 1 1 1 1 1 1 1 1 1 1 1 1 1 1 1 1 100 1 1 1 1 1 1 1 100 1 100 1 1
staticfield java/lang/Float TYPE Ljava/lang/Class; java/lang/Class
staticfield java/lang/Float $assertionsDisabled Z 1
instanceKlass java/math/BigDecimal
instanceKlass java/util/concurrent/atomic/Striped64
instanceKlass java/math/BigInteger
instanceKlass java/util/concurrent/atomic/AtomicLong
instanceKlass java/util/concurrent/atomic/AtomicInteger
instanceKlass java/lang/Long
instanceKlass java/lang/Integer
instanceKlass java/lang/Short
instanceKlass java/lang/Byte
instanceKlass java/lang/Double
instanceKlass java/lang/Float
ciInstanceKlass java/lang/Number 1 1 37 10 7 12 1 1 1 10 100 12 1 1 1 100 1 1 1 1 5 0 1 1 1 1 1 1 1 1 1 1 1 1 1 1 1 1 1
ciInstanceKlass java/lang/Double 1 1 288 7 1 100 1 10 100 12 1 1 1 10 12 1 1 10 100 1 10 12 1 1 10 100 12 1 1 1 6 0 8 1 10 12 1 1 8 1 10 12 1 1 8 1 6 0 10 12 1 1 100 1 5 0 5 0 8 1 8 1 10 100 12 1 1 1 10 100 12 1 1 1 8 1 10 12 1 1 8 1 8 1 8 1 10 12 1 1 10 12 1 10 12 1 1 10 12 1 10 12 1 10 12 1 1 10 12 1 10 7 1 6 0 10 7 12 1 1 9 12 1 1 10 12 1 10 12 1 10 12 1 10 12 1 10 12 1 5 0 10 12 1 1 10 12 1 10 12 1 10 100 12 1 1 1 10 12 1 1 10 12 1 1 8 1 10 7 12 1 1 1 9 12 1 1 100 1 100 1 100 1 1 1 6 0 1 6 0 1 6 0 1 1 1 6 0 1 1 3 1 3 1 3 1 3 1 3 1 1 1 1 5 0 1 1 1 1 1 1 1 1 1 1 1 1 1 1 1 1 100 1 1 1 1 1 1 1 1 1 1 1 1 1 1 1 1 1 1 1 1 1 1 1 1 1 1 1 1 1 1 1 1 1 1 1 1 1 1 1 1 1 1 1 1 1 100 1 1 1 1 1 1 1 100 1 100 1 1
staticfield java/lang/Double TYPE Ljava/lang/Class; java/lang/Class
ciInstanceKlass java/lang/Byte 1 1 212 7 1 100 1 10 100 12 1 1 1 9 12 1 1 8 1 9 12 1 1 100 1 10 12 1 1 10 12 1 1 10 100 12 1 1 1 10 100 12 1 1 1 9 7 12 1 1 1 10 12 1 1 100 1 100 1 10 12 1 1 8 1 10 12 1 1 8 1 10 12 1 10 12 1 10 12 1 10 12 1 1 10 12 1 10 12 1 10 12 1 1 10 8 1 8 1 10 7 1 9 12 1 1 10 12 1 1 10 12 1 1 10 12 1 1 10 12 1 5 0 10 12 1 1 8 1 10 7 12 1 1 1 9 12 1 1 100 1 100 1 1 1 3 1 3 1 1 1 1 3 1 3 1 1 5 0 1 1 1 1 1 1 1 1 1 1 1 1 1 1 1 1 1 1 1 1 1 1 1 1 1 1 1 1 1 1 1 1 1 1 1 1 1 1 1 1 1 1 1 1 1 1 1 1 1 1 1 1 1 1 1
staticfield java/lang/Byte TYPE Ljava/lang/Class; java/lang/Class
ciInstanceKlass java/lang/Short 1 1 220 7 1 100 1 100 1 10 100 12 1 1 1 10 12 1 1 100 1 100 1 10 12 1 1 8 1 10 12 1 1 8 1 10 12 1 10 12 1 10 12 1 10 12 1 1 10 12 1 1 10 12 1 9 12 1 1 8 1 9 12 1 1 100 1 10 12 1 1 10 12 1 10 100 12 1 1 1 10 100 12 1 1 1 9 100 12 1 1 1 10 12 1 10 12 1 1 10 8 1 8 1 10 7 1 9 12 1 1 10 12 1 1 10 12 1 1 10 12 1 1 10 12 1 3 3 5 0 10 12 1 1 8 1 10 7 12 1 1 1 9 12 1 1 100 1 100 1 1 1 3 1 3 1 1 1 1 3 1 3 1 1 5 0 1 1 1 1 1 1 1 1 1 1 1 1 1 1 1 1 1 1 1 1 1 1 1 1 1 1 1 1 1 1 1 1 1 1 1 1 1 1 1 1 1 1 1 1 1 1 1 1 1 1 1 1 1 1 1 1
staticfield java/lang/Short TYPE Ljava/lang/Class; java/lang/Class
ciInstanceKlass java/lang/Integer 1 1 436 7 1 100 1 7 1 7 1 10 12 1 1 9 12 1 1 9 12 1 1 10 100 12 1 1 1 10 12 1 1 10 100 12 1 1 1 10 10 12 1 1 10 100 12 1 1 1 10 12 1 10 12 1 1 10 7 12 1 1 1 10 12 1 1 10 12 1 1 10 12 1 10 7 12 1 1 10 12 1 1 10 12 1 10 12 1 100 1 8 1 10 12 1 8 1 100 1 10 12 1 1 10 12 1 1 8 1 10 12 1 1 8 1 10 12 1 1 10 12 1 1 10 12 1 1 3 3 10 7 12 1 1 1 11 7 1 10 12 1 1 11 10 12 1 1 10 12 1 1 8 1 10 12 1 10 12 1 8 1 100 1 10 12 1 8 1 10 12 1 1 10 12 1 8 1 10 12 1 10 12 1 7 1 9 12 1 1 9 12 1 1 10 12 1 10 7 1 9 12 1 10 12 1 10 12 1 10 12 1 1 10 12 1 1 10 7 12 1 1 1 10 12 1 1 8 1 8 1 10 12 1 1 8 1 8 1 8 1 8 1 8 1 8 1 10 12 1 10 12 1 10 12 1 5 0 3 3 3 3 10 12 1 10 12 1 3 10 12 1 10 100 12 1 1 1 10 12 1 1 10 12 1 1 8 1 10 7 12 1 1 1 9 12 1 1 100 1 100 1 100 1 1 1 1 3 1 1 1 1 1 3 1 3 1 1 5 0 1 1 1 1 1 1 1 1 1 100 1 1 1 1 1 1 1 1 1 1 1 1 1 1 1 1 1 1 1 1 1 1 1 1 1 1 1 1 1 1 1 1 1 1 1 1 1 1 1 1 1 1 1 1 1 1 1 1 1 1 1 1 1 1 1 1 1 1 1 1 1 1 1 1 1 1 1 1 1 1 1 1 1 1 1 1 1 1 1 1 1 1 1 1 1 1 1 1 1 1 1 1 1 100 1 1 1 1 1 1 1 1 1 100 1 100 1 1
staticfield java/lang/Integer TYPE Ljava/lang/Class; java/lang/Class
staticfield java/lang/Integer digits [B 36
ciInstanceKlass java/lang/Long 1 1 498 7 1 100 1 7 1 100 1 10 12 1 1 9 12 1 1 9 7 12 1 1 1 10 100 12 1 1 1 10 12 1 1 10 100 12 1 1 1 10 10 12 10 12 1 10 12 1 10 12 1 5 0 5 0 7 1 10 12 1 1 10 12 1 1 10 12 1 10 12 1 10 12 1 10 12 1 1 10 100 12 1 1 10 12 1 10 12 1 1 10 12 1 1 10 12 1 1 10 12 1 1 10 7 12 1 1 1 10 12 1 1 10 12 1 10 12 1 10 7 12 1 1 10 12 1 1 10 12 1 10 12 1 100 1 8 1 10 12 1 8 1 100 1 10 12 1 10 12 1 1 8 1 10 12 1 1 8 1 10 12 1 1 10 12 1 1 10 12 1 1 5 0 5 0 10 100 12 1 1 1 11 100 1 10 12 1 1 11 10 12 1 1 10 12 1 1 8 1 5 0 10 12 1 1 10 12 1 1 8 1 8 1 10 12 1 8 1 10 12 1 10 12 1 5 0 5 0 9 7 12 1 1 1 10 12 1 10 12 1 1 8 1 8 1 10 12 1 1 8 1 8 1 8 1 8 1 8 1 8 1 10 12 1 10 12 1 10 7 1 9 12 1 1 10 12 1 10 12 1 1 10 12 1 1 10 100 12 1 1 1 10 12 1 1 10 12 1 10 12 1 10 12 1 5 0 5 0 5 0 10 12 1 1 10 12 1 5 0 5 0 10 12 10 12 1 10 100 12 1 1 1 10 12 1 1 10 12 1 1 8 1 10 7 12 1 1 1 9 12 1 1 100 1 100 1 100 1 1 1 1 5 0 1 1 1 1 3 1 3 1 5 0 1 1 1 1 1 1 1 1 1 100 1 1 1 1 1 1 1 1 1 1 1 1 1 1 1 1 1 1 1 1 1 1 1 1 1 1 1 1 1 1 1 1 1 1 1 1 1 1 1 1 1 1 1 1 1 1 1 1 1 1 1 1 1 1 1 1 1 1 1 1 1 1 1 1 1 1 1 1 1 1 1 1 1 1 1 1 1 1 1 1 1 1 1 1 1 1 1 1 1 1 1 1 1 1 1 1 1 1 1 1 100 1 1 1 1 1 1 1 1 1 100 1 100 1 1
staticfield java/lang/Long TYPE Ljava/lang/Class; java/lang/Class
ciInstanceKlass java/lang/Void 1 1 31 10 100 12 1 1 1 8 1 10 7 12 1 1 1 9 7 12 1 1 1 1 1 1 1 1 1 1 1 1 1
staticfield java/lang/Void TYPE Ljava/lang/Class; java/lang/Class
ciInstanceKlass jdk/internal/vm/vector/VectorSupport 0 0 597 100 1 10 100 12 1 1 1 9 12 1 1 10 100 12 1 1 1 100 1 10 12 1 11 100 12 1 1 1 11 100 12 1 1 1 11 100 12 1 1 1 11 100 12 1 1 11 100 12 1 1 11 100 12 1 1 11 100 12 1 1 11 100 12 1 1 11 100 12 1 1 11 100 12 1 1 11 100 12 1 1 1 11 100 12 1 1 11 100 12 1 1 1 11 100 12 1 1 1 11 100 12 1 1 11 100 12 1 1 1 11 100 12 1 1 100 1 10 12 1 1 11 100 12 1 1 11 100 12 1 1 11 100 12 1 1 11 100 1 11 100 12 1 1 11 100 12 1 1 11 100 12 1 1 9 12 1 1 10 100 12 1 1 11 100 12 1 1 10 100 12 1 1 1 10 100 12 1 1 10 12 1 1 10 12 1 1 1 1 1 3 1 3 1 3 1 3 1 3 1 3 1 3 1 3 1 3 1 3 1 3 1 3 1 3 1 3 1 3 1 3 1 3 1 3 1 3 1 3 1 3 1 3 1 3 1 3 1 3 1 3 1 3 1 3 1 3 1 3 1 3 1 3 1 3 1 3 1 3 1 3 1 3 1 3 1 3 1 3 1 3 1 3 1 3 1 3 1 3 1 3 1 3 1 3 1 3 1 3 1 3 1 3 1 3 1 1 1 3 1 3 1 3 1 3 1 3 1 3 1 1 1 1 1 1 1 1 1 1 1 1 1 1 1 1 1 1 1 1 1 1 1 1 1 1 1 1 1 1 1 1 1 1 1 1 1 1 1 1 1 1 1 1 1 1 1 1 1 1 1 1 1 1 1 1 1 1 1 1 1 1 1 1 1 1 1 1 1 1 1 1 1 1 1 1 1 1 1 1 1 1 1 1 1 1 1 1 1 1 1 1 1 1 1 1 1 1 1 1 1 1 1 1 1 1 1 1 1 1 1 1 1 1 1 1 1 1 1 1 1 1 1 1 1 1 1 1 1 1 1 1 1 1 1 1 1 1 1 1 1 1 1 1 1 1 1 1 1 1 1 1 1 1 1 1 1 1 1 1 1 1 1 1 1 1 1 1 1 1 1 1 1 1 1 1 1 1 1 1 1 1 1 1 1 1 1 1 1 1 1 1 1 1 1 1 1 1 1 1 1 1 1 1 1 1 1 1 1 1 1 1 1 1 1 1 1 1 1 1 1 1 1 1 1 1 1 1 1 1 1 1 1 1 1 1 1 1 1 1 1 1 1 1 1 1 1 100 1 100 1 100 1 100 1 100 1 1 1 1 1 1 1 1 1 1 1 1 1 1 1 1 1 1 1 1 1 1 1 1 1 1 1 1 1 1 1
instanceKlass jdk/internal/vm/vector/VectorSupport$VectorShuffle
instanceKlass jdk/internal/vm/vector/VectorSupport$VectorMask
instanceKlass jdk/internal/vm/vector/VectorSupport$Vector
ciInstanceKlass jdk/internal/vm/vector/VectorSupport$VectorPayload 0 0 32 10 100 12 1 1 1 9 100 12 1 1 1 10 100 12 1 1 1 1 1 1 1 1 1 1 1 1 1 1 1 1
ciInstanceKlass jdk/internal/vm/vector/VectorSupport$Vector 0 0 28 10 100 12 1 1 1 100 1 1 1 1 1 1 1 1 1 1 1 1 1 1 1 100 1 1 1 1
ciInstanceKlass jdk/internal/vm/vector/VectorSupport$VectorMask 0 0 28 10 100 12 1 1 1 100 1 1 1 1 1 1 1 1 1 1 1 1 1 1 1 100 1 1 1 1
ciInstanceKlass jdk/internal/vm/vector/VectorSupport$VectorShuffle 0 0 28 10 100 12 1 1 1 100 1 1 1 1 1 1 1 1 1 1 1 1 1 1 1 100 1 1 1 1
ciInstanceKlass jdk/internal/vm/FillerObject 0 0 16 10 100 12 1 1 1 100 1 1 1 1 1 1 1 1
instanceKlass java/lang/ref/PhantomReference
instanceKlass java/lang/ref/FinalReference
instanceKlass java/lang/ref/WeakReference
instanceKlass java/lang/ref/SoftReference
ciInstanceKlass java/lang/ref/Reference 1 1 198 9 7 12 1 1 1 9 7 12 1 1 10 12 1 1 10 12 1 1 9 12 1 1 10 12 1 1 9 12 1 1 9 12 1 1 7 1 10 12 1 10 7 12 1 1 10 12 1 10 12 1 1 10 12 1 7 1 8 1 10 12 1 1 7 1 10 12 1 1 10 12 1 1 10 12 1 7 1 10 12 10 7 12 1 1 1 9 12 1 10 12 1 1 10 12 1 10 12 1 10 12 1 9 12 1 100 1 100 1 10 9 12 1 9 12 1 100 1 10 10 12 1 10 10 7 12 1 1 10 12 1 1 1 1 1 1 1 1 1 1 1 1 1 1 1 1 1 100 1 1 1 100 1 1 1 1 1 1 1 1 1 1 1 1 1 1 1 1 1 1 1 1 1 1 1 1 1 1 1 1 1 1 1 1 1 1 1 1 1 100 1 100 1 100 1 1 1
staticfield java/lang/ref/Reference processPendingLock Ljava/lang/Object; java/lang/Object
staticfield java/lang/ref/Reference $assertionsDisabled Z 1
ciMethod java/lang/ref/Reference get ()Ljava/lang/Object; 0 0 1 0 -1
ciMethod java/lang/ref/Reference <init> (Ljava/lang/Object;Ljava/lang/ref/ReferenceQueue;)V 514 0 13019 0 136
instanceKlass sun/util/locale/provider/LocaleResources$ResourceReference
instanceKlass sun/util/resources/Bundles$BundleReference
instanceKlass java/util/ResourceBundle$BundleReference
instanceKlass jdk/internal/util/SoftReferenceKey
instanceKlass sun/security/util/MemoryCache$SoftCacheEntry
instanceKlass java/lang/invoke/LambdaFormEditor$Transform
ciInstanceKlass java/lang/ref/SoftReference 1 1 50 10 7 12 1 1 1 9 7 12 1 1 1 9 12 1 10 12 1 10 12 1 1 1 1 1 1 1 1 1 1 1 1 1 1 1 1 1 1 1 1 1 1 100 1 1 1 1 1 1
ciMethod java/lang/ref/SoftReference get ()Ljava/lang/Object; 348 0 2220 0 0
ciMethod java/lang/ref/SoftReference <init> (Ljava/lang/Object;Ljava/lang/ref/ReferenceQueue;)V 1024 0 2300 0 0
instanceKlass java/util/ResourceBundle$KeyElementReference
instanceKlass java/util/logging/LogManager$LoggerWeakRef
instanceKlass java/util/logging/Level$KnownLevel
instanceKlass java/lang/WeakPairMap$WeakRefPeer
instanceKlass java/lang/ThreadLocal$ThreadLocalMap$Entry
instanceKlass jdk/internal/util/WeakReferenceKey
instanceKlass java/util/WeakHashMap$Entry
ciInstanceKlass java/lang/ref/WeakReference 1 1 34 10 7 12 1 1 1 10 12 1 100 1 1 1 1 1 1 1 1 1 1 1 1 1 1 1 1 1 1 1 1 1 1 1
ciMethod java/lang/ref/WeakReference <init> (Ljava/lang/Object;Ljava/lang/ref/ReferenceQueue;)V 772 0 4710 0 0
instanceKlass java/lang/ref/Finalizer
ciInstanceKlass java/lang/ref/FinalReference 1 1 50 10 100 12 1 1 1 10 100 12 1 1 1 10 12 1 1 100 1 8 1 10 12 1 1 1 1 1 1 1 1 1 1 1 1 1 1 1 1 1 1 1 1 1 1 1 1 1 100 1
instanceKlass jdk/internal/ref/PhantomCleanable
instanceKlass jdk/internal/ref/Cleaner
ciInstanceKlass java/lang/ref/PhantomReference 1 1 47 10 7 12 1 1 1 10 12 1 1 10 7 12 1 1 1 1 1 1 1 1 1 1 1 1 1 1 1 1 1 1 1 1 1 1 1 1 1 1 1 1 1 1 1 1 1
ciInstanceKlass java/lang/ref/Finalizer 1 1 177 9 7 12 1 1 1 10 100 12 1 1 1 9 12 1 1 9 12 1 1 9 12 1 9 12 1 9 12 1 1 10 12 1 100 1 8 1 10 12 1 10 12 1 1 9 12 1 100 1 10 12 1 100 1 11 100 12 1 1 10 12 1 100 1 10 12 1 10 7 12 1 1 1 10 12 1 1 10 100 12 1 1 8 1 10 12 1 10 12 1 10 12 1 100 1 10 12 1 10 100 12 1 1 1 100 1 10 10 12 1 1 7 1 10 12 1 10 12 1 1 10 12 1 1 10 7 12 1 1 1 7 1 10 7 1 10 10 12 1 1 1 1 1 1 1 1 1 1 1 1 1 1 1 1 1 1 1 1 1 1 1 1 1 1 100 1 1 1 1 1 1 1 1 1 1 1
staticfield java/lang/ref/Finalizer lock Ljava/lang/Object; java/lang/Object
staticfield java/lang/ref/Finalizer ENABLED Z 1
staticfield java/lang/ref/Finalizer $assertionsDisabled Z 1
instanceKlass java/lang/ref/ReferenceQueue$Null
ciInstanceKlass java/lang/ref/ReferenceQueue 1 1 160 10 7 12 1 1 1 9 7 12 1 1 1 7 1 10 9 12 1 1 9 7 12 1 1 1 9 12 1 9 12 1 9 12 1 1 100 1 10 9 12 1 1 9 12 1 7 1 10 100 12 1 1 1 10 12 1 10 12 1 1 10 7 12 1 1 1 10 12 1 1 5 0 10 12 10 12 1 1 10 7 12 1 1 10 12 1 100 1 8 1 10 12 1 10 12 1 10 12 1 1 10 12 11 100 12 1 1 1 10 7 12 1 1 1 7 1 10 1 1 1 1 1 1 1 1 1 1 1 1 1 1 1 1 1 1 1 100 1 1 1 100 1 1 1 1 1 1 1 1 1 1 1 1 1 1 1 1 1 1
staticfield java/lang/ref/ReferenceQueue NULL_QUEUE Ljava/lang/ref/ReferenceQueue; java/lang/ref/ReferenceQueue$Null
staticfield java/lang/ref/ReferenceQueue ENQUEUED Ljava/lang/ref/ReferenceQueue; java/lang/ref/ReferenceQueue$Null
staticfield java/lang/ref/ReferenceQueue $assertionsDisabled Z 1
ciMethod java/lang/ref/ReferenceQueue poll ()Ljava/lang/ref/Reference; 516 0 5379 0 536
instanceKlass java/lang/reflect/Executable
instanceKlass java/lang/reflect/Field
ciInstanceKlass java/lang/reflect/AccessibleObject 1 1 374 10 7 12 1 1 1 10 100 12 1 1 1 10 7 12 1 1 1 10 12 1 1 9 12 1 1 7 1 10 7 12 1 1 1 11 12 1 100 1 10 12 1 7 1 100 1 10 12 1 1 10 12 1 1 10 12 1 1 10 12 1 1 10 12 1 1 7 1 10 7 12 1 1 1 10 12 1 1 11 10 7 12 1 1 1 10 12 1 1 10 12 1 10 12 1 10 12 1 1 10 12 1 8 1 100 1 100 1 10 10 12 1 1 8 1 10 12 1 10 12 1 8 1 8 1 8 1 8 1 8 1 8 1 8 1 8 1 8 1 100 1 10 12 1 10 12 1 9 100 12 1 1 1 10 12 1 1 10 12 1 10 100 1 100 1 8 1 10 8 1 10 12 1 8 1 10 12 1 10 12 1 1 10 100 1 8 1 10 11 7 12 1 1 1 10 12 1 1 10 12 1 1 10 12 1 1 9 12 1 1 100 1 10 12 1 7 1 10 12 1 10 12 1 1 10 100 1 10 12 1 10 12 10 12 1 10 12 1 10 12 1 1 10 12 1 9 12 1 10 100 12 1 1 8 1 10 12 1 1 8 1 10 100 12 1 1 1 9 12 1 100 1 10 7 1 10 10 7 12 1 1 1 10 7 12 1 1 1 9 12 1 1 1 1 1 1 1 1 1 1 1 1 1 1 1 1 1 1 1 1 1 1 1 1 1 1 1 1 1 1 1 1 1 1 1 1 1 1 1 1 1 1 1 1 1 1 1 1 1 1 1 1 1 1 1 1 1 1 1 1 1 1 1 1 1 1 1 1 1 1 1 1 1 1 1 1 1 1 1 1 1 1 1
staticfield java/lang/reflect/AccessibleObject reflectionFactory Ljdk/internal/reflect/ReflectionFactory; jdk/internal/reflect/ReflectionFactory
ciInstanceKlass java/lang/reflect/Method 1 1 468 9 7 12 1 1 1 10 7 12 1 1 1 10 7 12 1 1 9 12 1 1 9 12 1 1 10 12 1 1 10 12 1 1 10 12 1 1 10 7 12 1 1 10 7 12 1 1 1 9 12 1 1 9 12 1 9 12 1 1 9 12 1 9 12 1 9 12 1 1 9 12 1 9 12 1 1 9 12 1 9 12 1 100 1 8 1 10 12 1 10 12 1 9 12 1 1 10 7 12 1 1 1 10 12 1 1 10 12 1 1 10 12 1 10 12 1 1 9 7 12 1 1 1 10 12 1 1 10 12 10 7 12 1 1 10 12 1 1 10 12 1 10 12 1 10 12 1 10 7 12 1 1 1 10 12 1 1 9 12 1 10 7 1 10 100 12 1 1 1 10 7 12 1 1 10 12 1 1 10 12 1 1 10 12 1 10 7 12 1 1 1 10 12 1 10 8 1 10 12 1 10 12 1 7 1 8 1 8 1 8 1 10 12 1 10 12 1 1 10 12 1 1 10 10 12 1 1 10 12 1 11 100 1 10 12 1 9 12 1 1 10 12 1 1 10 12 1 10 12 1 1 10 12 1 1 11 7 12 1 1 1 11 12 1 9 12 1 1 10 12 1 10 12 1 10 12 1 10 12 1 10 12 1 10 12 1 9 12 1 1 10 7 12 1 1 1 10 7 12 1 1 10 12 1 1 10 7 12 1 1 1 10 7 12 1 1 1 10 7 12 1 1 1 11 7 12 1 1 1 10 7 12 1 1 1 7 1 100 1 100 1 10 12 1 10 12 1 1 10 12 1 100 1 8 1 10 12 1 10 10 12 1 1 10 12 1 1 10 12 1 1 10 12 1 1 8 1 10 12 1 1 1 1 1 1 1 1 1 1 1 1 1 1 1 1 1 1 1 1 1 1 1 1 1 1 1 1 1 1 1 1 1 1 1 1 1 1 1 1 1 1 1 1 1 1 1 1 1 1 1 1 1 100 1 100 1 100 1 1 1 1 1 1 1 1 1 1 1 1 1 1 1 1 1 1 1 1 1 1 1 1 1 1 1 1 1 1
ciInstanceKlass java/lang/reflect/Member 1 1 37 100 1 10 12 1 1 100 1 100 1 1 1 1 3 1 3 1 1 1 1 1 1 1 1 1 1 1 1 1 1 1 1 1 1 1 1
instanceKlass java/lang/reflect/Constructor
instanceKlass java/lang/reflect/Method
ciInstanceKlass java/lang/reflect/Executable 1 1 587 10 7 12 1 1 1 10 7 12 1 1 1 10 7 12 1 1 1 11 7 12 1 1 1 10 7 12 1 1 1 10 12 1 1 10 7 12 1 1 1 10 100 12 1 1 1 10 12 1 8 1 10 10 12 1 1 10 12 1 1 10 100 12 1 1 1 18 12 1 1 11 100 12 1 1 1 8 1 8 1 8 1 10 100 12 1 1 1 11 12 1 1 100 1 8 1 8 1 10 12 1 100 1 8 1 10 12 1 8 1 11 100 12 1 1 1 100 1 11 100 12 1 1 1 11 12 1 8 1 18 8 1 10 12 1 10 12 1 1 18 8 1 10 12 1 100 1 10 12 1 10 12 1 11 12 1 10 12 1 1 8 1 8 1 10 12 1 1 10 12 1 1 10 10 12 1 9 12 1 1 9 100 12 1 1 1 10 100 12 1 1 1 10 12 1 10 12 1 1 10 7 12 1 1 10 12 1 10 12 1 10 12 1 10 7 12 1 1 100 1 10 100 12 1 1 1 10 12 1 1 10 100 12 1 1 10 12 1 10 12 1 1 9 100 12 1 1 1 10 100 10 12 1 8 1 10 12 1 10 12 1 3 100 1 8 1 10 12 1 10 12 1 10 10 12 1 10 12 1 1 8 1 8 1 8 1 9 12 1 1 9 12 1 10 12 1 100 1 8 1 10 12 1 10 12 1 10 12 1 1 10 12 1 1 10 12 1 10 12 10 12 1 7 1 10 12 1 10 12 1 1 100 1 10 100 12 1 1 1 100 1 10 7 12 1 1 1 10 12 1 1 11 7 12 1 1 10 12 1 10 100 12 1 1 1 10 12 1 1 9 12 1 10 12 1 1 10 12 1 10 12 1 1 9 100 12 1 1 1 10 100 12 1 1 1 10 12 1 10 12 1 1 9 12 1 10 10 10 10 100 12 1 1 1 10 12 1 9 12 1 10 12 1 1 9 12 1 100 1 100 1 1 1 1 1 1 1 1 1 1 1 1 1 1 1 1 1 1 1 1 1 1 1 1 1 1 1 1 1 1 1 1 1 1 1 1 100 1 1 1 1 1 1 1 1 1 1 1 1 1 1 1 1 1 1 1 100 1 1 1 1 1 1 1 1 1 1 1 1 1 1 1 1 1 1 1 1 1 1 1 1 1 1 1 1 1 1 1 1 1 1 1 1 1 1 1 1 1 1 1 100 1 1 1 1 1 1 1 1 1 1 1 1 1 1 1 1 1 1 1 1 1 1 100 1 1 16 15 16 1 16 1 15 10 12 16 15 10 100 12 1 1 1 1 100 1 1 1 100 1 1 100 1 100 1 1
ciInstanceKlass java/lang/reflect/Constructor 1 1 437 10 7 12 1 1 1 10 7 12 1 1 9 7 12 1 1 1 9 12 1 1 10 12 1 1 10 12 1 1 10 12 1 1 10 7 12 1 1 10 7 12 1 1 1 9 12 1 1 9 12 1 1 9 12 1 9 12 1 1 9 12 1 9 12 1 1 9 12 1 1 9 12 1 100 1 8 1 10 12 1 10 12 1 9 12 1 1 10 7 12 1 1 1 10 12 1 1 10 12 1 1 10 12 1 7 1 100 1 8 1 10 10 12 1 10 12 1 10 12 1 1 9 100 12 1 1 1 10 7 12 1 1 10 12 1 1 10 12 1 10 12 1 1 10 100 12 1 1 1 10 100 12 1 1 10 12 1 1 10 12 1 10 100 12 1 1 1 8 1 10 10 12 1 100 1 8 1 10 12 1 10 12 1 1 10 12 1 1 10 12 1 10 12 1 10 12 1 1 10 12 1 1 9 12 1 1 10 12 1 1 10 12 1 1 10 12 1 1 11 7 12 1 1 1 10 12 1 1 10 12 1 10 12 1 10 12 1 8 1 9 12 1 1 10 7 12 1 1 1 10 7 12 1 1 10 12 1 1 10 12 1 1 10 12 1 1 10 12 1 1 10 12 1 9 100 12 1 1 10 12 1 10 12 1 10 12 1 100 1 8 1 10 10 12 1 1 10 12 1 10 10 12 1 1 10 12 1 1 10 100 12 1 1 1 11 100 12 1 1 1 10 12 1 1 9 100 12 1 1 1 10 100 12 1 1 1 10 12 1 1 1 1 1 1 1 1 1 1 1 1 1 1 1 1 1 1 1 1 1 1 1 1 1 1 1 1 1 1 1 1 1 1 1 1 1 1 1 1 1 1 1 1 1 1 1 1 1 1 1 1 1 1 1 1 100 1 100 1 100 1 100 1 1 1 1 1 1 1 1 1 1 1 1 1 1 1 1 1 1 1 1 1 1 1 1 1 1 1 1 1 1 1 1 100 1 1
ciInstanceKlass java/lang/reflect/Field 1 1 454 9 7 12 1 1 1 10 12 1 1 10 100 12 1 1 1 10 100 12 1 1 9 12 1 1 9 12 1 1 10 12 1 1 10 12 1 1 10 12 1 1 10 100 12 1 1 10 7 12 1 1 1 9 12 1 1 9 12 1 9 12 1 9 12 1 1 9 12 1 1 9 12 1 9 12 1 1 100 1 8 1 10 12 1 10 12 1 9 12 1 1 9 12 1 10 100 12 1 1 10 12 1 1 10 12 1 1 10 12 1 9 12 1 1 10 12 1 1 9 100 12 1 1 1 10 100 12 1 1 1 7 1 10 12 1 1 10 12 1 1 10 12 1 10 12 1 10 100 1 10 100 12 1 1 100 1 10 8 1 10 12 1 1 10 12 1 1 8 1 10 12 10 12 1 8 1 8 1 10 11 100 1 9 12 1 10 12 1 1 10 12 1 1 11 100 12 1 1 1 10 12 1 11 12 1 1 11 12 1 1 11 12 1 1 11 12 1 1 11 12 1 1 11 12 1 1 11 12 1 1 11 12 1 1 11 12 1 1 11 12 1 1 11 12 1 1 11 12 1 1 11 12 1 1 11 12 1 1 11 12 1 1 11 12 1 1 11 12 1 1 10 12 1 10 100 12 1 1 10 12 1 10 12 1 10 12 1 10 12 1 1 10 12 1 1 10 12 1 10 100 12 1 1 10 12 1 1 11 100 1 10 12 1 100 1 10 100 12 1 1 1 10 7 12 1 1 1 9 12 1 10 7 12 1 1 1 11 7 12 1 1 1 10 12 1 1 10 12 1 1 9 100 12 1 1 10 100 12 1 1 1 10 12 1 1 100 1 1 1 1 1 1 1 1 1 1 1 1 1 1 1 1 1 1 1 1 1 1 1 1 1 1 1 1 1 1 1 1 1 1 1 1 1 1 1 100 1 1 1 1 1 1 1 1 1 1 1 1 1 1 1 1 1 1 1 1 1 1 1 1 1 1 1 1 1 1 1 1 100 1 1 1 1 1 1 1 1 100 1 1 100 1 1
ciInstanceKlass java/lang/reflect/Parameter 0 0 256 10 100 12 1 1 1 9 100 12 1 1 1 9 12 1 1 9 12 1 1 9 12 1 10 12 1 1 10 12 1 1 10 100 12 1 1 1 100 1 10 10 12 1 1 11 100 12 1 1 1 10 12 1 10 100 12 1 1 1 10 12 1 1 10 12 1 10 12 1 8 1 8 1 10 100 12 1 1 1 10 12 1 10 12 9 100 12 1 1 1 9 100 12 1 1 1 10 12 1 1 10 12 1 1 10 100 12 1 1 1 10 12 1 8 1 10 12 1 9 12 1 1 10 12 1 1 9 12 1 1 10 12 1 1 10 12 1 1 10 12 1 1 10 12 1 10 10 12 1 10 100 12 1 1 1 10 12 1 1 11 100 12 1 1 10 100 12 1 1 100 1 10 100 12 1 1 1 10 12 1 1 10 12 1 1 10 12 1 1 10 12 1 1 9 12 1 100 1 10 11 12 1 11 12 1 1 100 1 1 1 1 1 1 1 1 1 1 1 1 1 1 1 1 1 1 1 1 1 1 1 1 1 1 1 1 1 1 1 1 1 1 1 1 1 1 1 100 1 1 1 1 1 100 1 1
ciInstanceKlass java/lang/reflect/Array 1 1 83 10 100 12 1 1 1 10 7 12 1 1 1 10 12 1 1 1 1 1 1 1 1 1 1 1 1 1 1 1 100 1 1 1 1 1 100 1 1 1 1 1 1 1 1 100 1 1 1 1 1 1 1 1 1 1 1 1 1 1 1 1 1 1 1 1 1 1 1 1 1 1 1 1 1 1 1 1 1 1 1 1 1
ciMethod java/lang/reflect/Array newInstance (Ljava/lang/Class;I)Ljava/lang/Object; 314 0 2497 0 -1
ciInstanceKlass java/lang/reflect/RecordComponent 1 1 196 10 100 12 1 1 1 9 7 12 1 1 1 9 12 1 1 9 12 1 10 12 1 1 10 12 1 1 10 100 12 1 1 1 10 12 1 1 9 12 1 1 10 12 1 1 10 12 1 1 10 12 1 10 100 12 1 1 10 100 12 1 1 9 12 1 1 10 100 12 1 1 1 11 100 12 1 1 1 10 9 100 12 1 1 1 10 100 12 1 1 1 9 12 1 1 10 100 12 1 1 1 10 12 1 1 11 100 12 1 1 10 100 12 1 1 100 1 9 12 1 9 12 1 1 9 12 1 10 100 12 1 1 1 10 12 1 1 10 12 1 1 100 1 10 10 12 1 10 12 1 1 8 1 10 12 1 10 12 1 9 12 1 100 1 1 1 1 1 1 1 1 1 1 1 1 1 1 1 1 1 1 1 1 1 1 100 1 1 1 1 1 1 100 1 1
ciInstanceKlass java/lang/StringBuffer 1 1 487 10 7 12 1 1 1 10 12 1 10 12 1 10 12 1 1 9 7 12 1 1 1 10 12 1 1 10 12 1 10 12 1 1 9 12 1 1 10 12 1 10 12 1 1 10 12 1 1 10 12 1 10 12 1 1 10 12 1 10 12 1 1 10 12 1 1 10 7 12 1 1 1 10 12 1 1 10 12 1 10 12 1 10 12 1 10 12 1 10 12 1 10 12 1 10 12 1 10 12 1 10 12 1 10 12 1 10 12 1 10 12 1 10 12 1 10 12 1 1 10 12 1 10 12 1 1 10 12 1 1 10 10 12 1 1 10 12 1 10 12 1 10 12 1 10 12 1 10 12 1 10 12 1 10 12 10 12 1 10 12 1 10 12 1 10 12 1 1 10 12 1 10 12 1 10 10 12 1 1 10 12 1 10 12 1 10 12 1 8 1 10 12 1 10 10 100 12 1 1 1 10 10 12 1 1 9 12 1 1 10 100 12 1 1 10 100 1 8 10 100 12 1 1 1 8 10 12 1 8 1 10 12 1 10 12 1 10 100 12 1 1 1 10 100 12 1 1 1 7 1 10 12 100 1 8 1 10 10 12 1 1 10 12 1 1 10 12 1 10 12 1 10 12 1 1 10 12 1 10 12 1 10 12 1 10 12 1 10 12 1 10 12 10 12 1 10 12 1 10 12 1 10 12 1 10 12 1 10 12 1 10 12 1 10 12 1 10 12 1 10 12 1 10 12 10 12 10 12 1 10 12 1 10 12 1 10 12 10 12 1 10 12 1 10 12 1 10 12 1 10 12 1 10 12 1 10 12 1 10 12 1 10 12 1 10 12 1 10 12 1 7 1 10 12 1 9 7 12 1 1 1 9 7 1 9 12 1 1 100 1 100 1 100 1 100 1 1 1 1 5 0 1 1 1 1 1 1 1 1 1 1 1 1 1 1 1 1 1 1 1 1 1 1 1 1 1 1 1 1 1 1 1 1 1 1 1 1 1 1 1 1 1 1 1 1 1 1 1 1 1 1 1 1 1 1 1 1 1 1 1 1 100 1 1 1 1 1 100 1 1 1 1 1 1 1 1 1 1 1 1 1 1 1 1 1 1
staticfield java/lang/StringBuffer serialPersistentFields [Ljava/io/ObjectStreamField; 3 [Ljava/io/ObjectStreamField;
instanceKlass java/lang/StringBuilder
instanceKlass java/lang/StringBuffer
ciInstanceKlass java/lang/AbstractStringBuilder 1 1 662 7 1 10 7 12 1 1 1 9 7 12 1 1 1 9 12 1 9 12 1 1 9 12 1 1 10 7 12 1 1 1 10 12 1 1 100 1 3 3 10 12 1 10 12 1 1 10 12 1 1 11 7 1 100 1 100 1 10 8 1 10 12 1 10 12 1 10 12 1 1 10 12 1 10 12 1 9 12 1 10 12 1 9 12 1 1 10 7 12 1 1 1 10 10 12 1 10 12 1 10 12 1 1 9 12 1 100 1 8 1 10 12 1 10 12 1 1 8 1 10 7 12 1 1 1 10 12 1 1 8 1 10 7 12 1 1 1 100 1 8 1 10 100 1 10 12 1 10 12 1 1 10 7 12 1 1 1 10 12 1 1 10 12 1 1 10 12 1 1 10 12 1 1 10 7 12 1 1 1 10 12 1 100 1 10 10 100 12 1 1 1 9 12 1 1 9 12 1 10 12 1 1 10 10 12 1 1 10 12 1 1 10 12 1 1 10 12 1 1 10 12 1 1 10 12 1 1 10 12 1 1 10 12 1 10 10 10 12 1 10 12 1 1 10 8 1 10 12 1 1 10 12 1 10 12 1 10 12 1 10 10 7 12 1 1 1 10 12 1 1 10 12 1 10 12 1 10 12 1 10 12 100 1 9 12 1 1 9 12 1 10 12 1 1 100 1 9 12 1 9 12 10 12 1 10 12 1 1 10 12 1 1 10 12 1 10 12 1 1 10 12 1 10 12 1 1 10 12 1 1 10 10 7 12 1 1 1 10 12 1 10 12 1 10 12 1 1 10 12 1 10 12 1 1 10 12 1 10 12 1 10 12 1 10 12 1 10 12 1 10 12 1 10 12 1 10 12 1 1 10 12 1 10 12 1 10 12 10 12 1 1 18 12 1 1 100 1 10 100 12 1 1 1 18 10 12 1 1 10 12 1 1 10 12 1 10 12 1 10 12 1 1 10 12 1 10 12 1 1 11 12 1 1 10 12 1 10 12 1 1 10 12 1 10 12 1 10 12 1 10 5 0 10 100 1 8 1 10 10 12 1 1 10 100 12 1 1 1 10 12 1 10 12 1 1 100 1 10 12 100 1 10 100 1 10 10 7 12 1 1 100 1 1 1 1 1 1 1 1 1 1 1 100 1 1 1 1 1 1 1 1 1 1 1 1 1 1 1 1 1 1 1 1 1 1 1 1 1 1 1 1 1 1 1 1 1 1 1 1 1 1 1 1 1 1 1 1 1 1 1 1 1 1 1 1 100 1 1 1 1 1 1 1 1 1 1 1 1 1 1 1 1 1 1 1 1 1 1 1 1 1 1 1 1 1 1 1 1 1 1 1 1 1 1 1 1 1 1 1 1 1 1 1 1 1 1 1 1 1 1 1 1 1 1 1 1 1 1 1 100 1 1 1 1 1 1 100 1 1 1 1 1 1 100 1 1 16 1 15 10 12 16 15 10 12 15 10 100 12 1 1 1 1 1 1 1 100 1 100 1 1
staticfield java/lang/AbstractStringBuilder EMPTYVALUE [B 0
staticfield java/lang/AbstractStringBuilder $assertionsDisabled Z 1
ciInstanceKlass java/lang/StringBuilder 1 1 425 10 7 12 1 1 1 10 12 1 10 12 1 10 12 1 1 10 7 12 1 1 1 10 7 12 1 1 1 10 12 1 10 12 1 10 12 1 10 12 1 10 12 1 10 12 1 10 12 1 10 12 1 10 12 1 10 12 1 10 12 1 10 12 1 10 12 1 10 12 1 1 10 12 1 10 12 1 1 10 12 1 1 10 12 1 10 12 1 10 12 1 10 12 1 10 12 1 10 12 1 10 12 1 10 12 10 12 1 10 12 1 10 12 1 10 12 1 1 10 12 1 10 12 1 10 12 10 12 1 1 10 12 1 10 12 1 10 12 1 1 8 1 10 12 1 10 100 12 1 1 1 9 12 1 1 10 12 1 10 12 1 10 12 1 1 9 12 1 1 10 100 12 1 1 1 10 100 1 10 12 1 1 10 100 12 1 1 10 12 1 10 12 1 1 100 1 100 1 8 1 10 10 12 1 1 10 12 1 10 12 1 10 12 1 1 10 12 1 10 12 1 10 12 1 10 12 1 10 12 1 10 12 10 12 1 10 12 1 10 12 1 10 12 1 10 12 1 10 12 1 10 12 1 10 12 1 10 12 1 1 10 12 1 1 10 12 1 10 12 1 10 12 1 10 12 10 12 10 12 1 10 12 1 10 12 1 10 12 10 12 1 10 12 1 10 12 1 10 12 1 10 12 1 10 12 1 10 12 1 10 12 1 10 12 1 1 10 12 1 10 12 1 1 10 12 1 10 12 1 1 10 12 1 10 12 1 1 10 12 1 10 12 1 10 12 1 10 10 10 12 1 100 1 100 1 100 1 100 1 1 1 1 5 0 1 1 1 1 1 1 1 1 1 1 1 1 1 1 1 1 1 1 1 1 1 1 1 1 1 1 1 1 1 1 1 1 1 1 1 1 1 1 1 1 1 1 1 1 100 1 1 1 100 1 1 1 1 1 1 1 1 1 1 1
ciMethod java/lang/StringBuilder toString ()Ljava/lang/String; 42 0 9163 0 -1
ciMethod java/lang/StringBuilder <init> ()V 34 0 8000 0 -1
ciMethod java/lang/StringBuilder append (Ljava/lang/Object;)Ljava/lang/StringBuilder; 12 0 231 0 -1
ciMethod java/lang/StringBuilder append (Ljava/lang/String;)Ljava/lang/StringBuilder; 74 0 25432 0 -1
ciInstanceKlass java/security/CodeSource 1 1 396 10 7 12 1 1 1 9 7 12 1 1 1 9 12 1 1 9 12 1 1 9 12 1 1 10 7 12 1 1 1 9 12 1 1 10 100 12 1 1 10 100 10 100 12 1 1 1 10 12 1 1 10 12 1 1 100 1 10 10 100 12 1 1 1 10 100 12 1 1 1 10 12 1 1 100 1 10 12 1 1 10 12 1 1 10 12 1 1 10 12 1 10 10 100 1 10 12 1 1 10 100 12 1 1 1 10 12 1 1 10 12 1 10 12 1 8 1 10 12 1 10 12 1 10 12 1 1 10 12 1 8 1 10 12 1 1 10 100 1 10 10 12 1 1 8 1 10 12 1 10 12 1 10 12 1 8 1 8 1 9 12 1 1 100 1 8 1 10 12 1 10 12 1 1 8 1 10 12 1 8 1 8 1 8 1 10 100 12 1 1 10 12 1 1 10 12 1 10 12 1 1 10 12 1 1 10 12 1 1 100 1 100 1 10 12 1 10 12 10 12 1 1 10 100 12 1 1 10 12 1 100 1 10 12 10 100 12 1 1 1 10 8 1 10 12 1 10 12 1 1 100 1 10 12 1 1 100 1 100 1 8 1 8 1 10 10 12 1 1 10 100 12 1 1 1 100 1 10 12 10 12 1 1 11 100 12 1 1 10 10 12 1 11 10 12 1 8 1 100 1 10 12 1 10 12 1 1 10 12 1 11 12 1 1 100 1 1 1 1 5 0 1 1 1 1 1 1 1 1 1 1 1 1 1 1 1 1 1 1 1 1 1 1 1 1 1 1 1 1 1 1 1 1 1 1 1 1 1 1 1 1 1 1 1 1 1 1 1 1 1 1 1 1 1 1 1 1 1 1 1 1 1 1 1 1 1 1 100 1 1 1 1 1 1 1
ciInstanceKlass java/security/ProtectionDomain 1 1 141 10 7 12 1 1 1 9 7 12 1 1 1 9 12 1 1 9 12 1 1 10 7 12 1 1 7 1 9 12 1 9 12 1 1 7 1 9 12 1 1 9 12 1 10 100 12 1 1 10 100 12 1 1 1 10 12 1 1 10 12 1 8 1 100 1 8 1 10 12 1 10 11 12 1 1 10 100 12 1 1 1 10 12 1 1 8 1 11 8 1 10 12 1 8 1 8 1 8 1 10 12 1 8 1 8 1 1 1 1 1 1 1 1 100 1 1 100 1 1 1 1 1 1 1 1 1 1 1 1 1 1 1 1 1 1 1 100 1 1 1
instanceKlass jdk/internal/loader/Loader
instanceKlass jdk/internal/loader/BuiltinClassLoader
ciInstanceKlass java/security/SecureClassLoader 1 1 99 10 7 12 1 1 1 7 1 10 12 1 9 7 12 1 1 1 10 12 1 10 12 1 10 12 1 1 10 12 1 1 10 12 1 7 1 10 7 1 10 12 1 7 1 10 12 1 11 7 12 1 1 1 7 1 11 12 1 10 12 1 1 1 1 1 1 1 1 1 1 1 1 1 1 1 1 1 1 1 1 1 1 1 1 1 1 1 1 1 1 1 1 1 1 1 1 1 1
ciInstanceKlass java/net/URL 1 1 736 10 7 12 1 1 1 10 12 1 10 7 12 1 1 9 12 1 1 9 12 1 10 12 1 1 9 12 1 1 10 7 12 1 1 1 8 1 10 12 1 1 100 1 10 10 12 1 1 8 1 10 12 1 1 9 12 1 100 1 8 1 10 12 1 10 12 1 8 1 9 12 1 10 12 1 1 9 12 1 10 12 1 10 12 1 9 12 1 9 12 1 8 1 9 12 1 10 12 1 1 8 1 9 12 1 1 10 12 1 1 10 7 12 1 1 1 8 1 10 12 1 100 1 10 12 1 10 12 1 10 12 1 10 12 1 1 10 12 1 1 8 1 10 12 1 1 10 12 1 8 1 9 12 1 8 1 10 12 1 10 7 12 1 1 1 100 1 10 12 1 10 12 1 1 10 7 12 1 1 1 100 1 8 1 10 10 12 1 8 1 10 12 1 1 10 12 1 10 12 1 10 12 1 10 12 1 10 12 1 10 12 1 8 1 10 12 1 8 1 10 10 100 1 10 10 12 1 8 1 10 7 12 1 1 1 10 12 1 9 12 1 1 10 12 1 10 100 12 1 1 1 100 1 10 12 1 10 12 1 10 12 1 10 12 1 10 12 1 10 12 10 10 12 1 8 1 100 1 10 100 12 1 1 1 10 12 1 1 10 12 1 10 12 1 1 8 1 9 100 12 1 1 1 10 100 12 1 1 1 10 12 1 10 12 1 10 7 12 1 1 1 10 12 1 1 10 12 1 9 12 1 1 9 12 1 1 100 1 8 1 10 9 12 1 1 10 7 12 1 1 8 1 10 7 12 1 1 8 1 10 12 1 1 10 12 1 8 1 8 1 10 7 12 1 1 1 100 1 10 100 12 1 1 1 10 12 1 10 12 1 9 100 12 1 1 1 10 100 12 1 1 10 12 1 1 10 12 1 8 1 100 1 10 100 12 1 1 1 10 12 1 1 11 100 12 1 1 11 12 1 10 12 1 10 12 1 8 9 100 12 1 1 1 10 12 1 1 10 12 1 10 12 1 1 10 7 12 1 1 11 7 1 10 12 1 10 12 1 9 12 1 10 12 1 1 10 100 12 1 1 10 100 12 1 1 1 8 10 100 12 1 1 100 1 10 8 8 10 12 1 8 8 8 100 1 10 12 1 9 12 1 1 10 12 1 10 12 1 1 10 12 1 10 12 10 12 1 1 10 12 1 1 10 10 10 12 1 10 12 1 10 12 1 10 12 1 10 12 1 10 10 12 1 100 1 8 1 10 10 10 12 1 1 10 12 1 10 12 1 1 8 1 7 1 10 10 7 1 10 12 1 9 7 12 1 1 1 9 12 1 1 7 1 10 10 7 12 1 1 1 100 1 1 1 1 1 5 0 1 1 1 1 1 1 1 1 1 1 1 1 1 1 1 1 1 1 1 1 1 1 1 1 1 1 1 1 1 1 1 1 1 1 1 1 1 1 1 1 1 1 1 1 1 1 100 1 1 1 1 1 1 1 1 1 1 1 1 1 1 1 1 1 1 1 1 1 1 1 1 1 1 1 1 1 1 1 1 1 1 1 1 100 1 1 1 1 1 1 1 1 1 1 1 1 1 1 1 1 1 1 1 1 1 1 1 100 1 1 1 1 1 1 1 1 1 1 1 1 1 1 1 1 1 1 1
staticfield java/net/URL defaultFactory Ljava/net/URLStreamHandlerFactory; java/net/URL$DefaultFactory
staticfield java/net/URL handlers Ljava/util/Hashtable; java/util/Hashtable
staticfield java/net/URL streamHandlerLock Ljava/lang/Object; java/lang/Object
staticfield java/net/URL serialPersistentFields [Ljava/io/ObjectStreamField; 7 [Ljava/io/ObjectStreamField;
ciInstanceKlass java/util/jar/Manifest 1 1 320 10 7 12 1 1 1 7 1 10 9 7 12 1 1 1 7 1 10 9 12 1 1 9 12 1 1 10 12 1 10 12 1 1 10 12 1 1 10 12 1 1 10 12 1 1 11 7 1 11 12 1 1 10 12 1 1 10 100 12 1 1 1 100 1 100 1 10 8 1 10 12 1 1 10 12 1 1 10 12 1 10 12 1 11 100 1 10 12 1 10 12 1 1 11 12 1 1 10 12 1 11 12 1 1 11 100 12 1 1 1 11 100 12 1 1 11 12 1 1 100 1 10 12 1 8 1 11 12 1 7 1 10 12 1 1 11 12 1 10 12 1 10 12 1 10 9 7 12 1 1 1 10 12 1 1 10 100 12 1 10 12 1 10 12 1 9 100 12 1 1 1 8 1 10 12 1 8 1 8 1 7 1 10 12 1 10 12 1 10 12 1 1 100 1 8 1 10 12 1 1 8 1 10 10 12 1 1 8 1 10 12 1 1 10 7 12 1 1 1 10 12 1 10 11 12 1 1 10 12 1 1 10 7 12 1 1 1 10 12 1 1 10 12 1 10 12 1 1 11 10 12 1 11 10 12 1 100 1 1 1 1 1 1 1 1 1 1 1 1 1 1 1 1 1 1 1 1 1 1 1 1 1 1 1 1 1 1 1 1 1 1 1 100 1 1 1 1 1 1 1 1 1 1 1 1 1 1 100 1 1 1 1 1 1 1 1 1 1 1
ciInstanceKlass java/io/ByteArrayInputStream 1 1 135 10 7 12 1 1 1 9 7 12 1 1 1 9 12 1 1 9 12 1 9 12 1 10 100 12 1 1 1 10 7 12 1 1 1 10 7 12 1 1 1 10 100 12 1 1 1 10 12 1 1 10 100 12 1 1 1 100 1 100 1 100 1 3 10 100 1 10 100 12 1 1 1 9 12 1 1 100 1 10 10 7 12 1 1 1 1 1 1 1 1 1 1 1 1 1 1 1 1 1 1 1 1 1 1 1 1 1 1 1 1 1 1 1 1 1 1 1 100 1 100 1 1 1 1 1 1 1 1 1 1 1 1 1 1
staticfield java/io/ByteArrayInputStream $assertionsDisabled Z 1
instanceKlass java/nio/IntBuffer
instanceKlass java/nio/CharBuffer
instanceKlass java/nio/LongBuffer
instanceKlass java/nio/ByteBuffer
ciInstanceKlass java/nio/Buffer 1 1 259 100 1 10 7 12 1 1 1 9 7 12 1 1 1 9 12 1 9 12 1 1 9 12 1 9 12 1 1 10 12 1 1 10 12 1 1 10 12 100 1 100 1 10 8 1 10 12 1 1 10 12 1 8 1 8 1 10 12 1 1 10 12 1 8 1 9 12 1 1 100 1 8 1 10 12 1 8 1 8 1 9 12 10 12 1 8 1 8 1 8 1 10 12 1 8 1 8 1 8 1 100 1 10 100 1 10 100 1 10 9 12 1 1 10 7 12 1 1 1 100 1 10 12 1 1 10 12 1 10 100 12 1 1 10 7 12 1 1 1 10 7 12 1 1 1 9 12 1 1 10 7 12 1 1 1 9 12 1 1 7 1 10 10 12 1 1 7 1 10 10 7 12 1 1 1 1 1 3 1 1 1 1 1 1 1 1 1 1 1 1 1 1 100 1 1 1 1 1 1 1 100 1 1 1 1 1 1 1 1 1 1 1 1 1 1 1 1 1 1 1 1 1 1 1 1 1 1 1 1 1 1 1 1 1 1 1 1 1 1 1 1 1 1 100 1 100 1 100 1 100 1 100 1 100 1 100 1 1
staticfield java/nio/Buffer UNSAFE Ljdk/internal/misc/Unsafe; jdk/internal/misc/Unsafe
staticfield java/nio/Buffer SCOPED_MEMORY_ACCESS Ljdk/internal/misc/ScopedMemoryAccess; jdk/internal/misc/ScopedMemoryAccess
staticfield java/nio/Buffer IOOBE_FORMATTER Ljava/util/function/BiFunction; jdk/internal/util/Preconditions$4
staticfield java/nio/Buffer $assertionsDisabled Z 1
ciInstanceKlass java/lang/AssertionStatusDirectives 0 0 24 10 100 12 1 1 1 100 1 1 1 1 1 1 1 1 1 1 1 1 1 1 1 1
instanceKlass io/modelcontextprotocol/spec/McpSchema$ElicitResult
instanceKlass io/modelcontextprotocol/spec/McpSchema$ListRootsResult
instanceKlass io/modelcontextprotocol/spec/McpSchema$CreateMessageResult
instanceKlass io/modelcontextprotocol/spec/McpSchema$JSONRPCNotification
instanceKlass io/modelcontextprotocol/spec/McpSchema$ServerCapabilities$CompletionCapabilities
instanceKlass io/modelcontextprotocol/spec/McpSchema$InitializeResult
instanceKlass io/modelcontextprotocol/spec/McpSchema$ClientCapabilities$Elicitation$Url
instanceKlass io/modelcontextprotocol/spec/McpSchema$ClientCapabilities$Elicitation$Form
instanceKlass io/modelcontextprotocol/spec/McpSchema$ClientCapabilities$Elicitation
instanceKlass io/modelcontextprotocol/spec/McpSchema$ClientCapabilities$Sampling
instanceKlass io/modelcontextprotocol/spec/McpSchema$ClientCapabilities$RootCapabilities
instanceKlass io/modelcontextprotocol/spec/McpSchema$ClientCapabilities
instanceKlass io/modelcontextprotocol/spec/McpSchema$JSONRPCResponse$JSONRPCError
instanceKlass io/modelcontextprotocol/spec/McpServerSession$MethodNotFoundError
instanceKlass io/modelcontextprotocol/spec/McpSchema$JSONRPCResponse
instanceKlass io/modelcontextprotocol/spec/McpSchema$JSONRPCRequest
instanceKlass io/modelcontextprotocol/spec/McpSchema$InitializeRequest
instanceKlass io/modelcontextprotocol/spec/McpSchema$CompleteResult$CompleteCompletion
instanceKlass io/modelcontextprotocol/spec/McpSchema$CompleteResult
instanceKlass io/modelcontextprotocol/server/McpServerFeatures$SyncCompletionSpecification
instanceKlass io/modelcontextprotocol/server/McpServerFeatures$AsyncPromptSpecification
instanceKlass io/modelcontextprotocol/server/McpServerFeatures$SyncResourceTemplateSpecification
instanceKlass io/modelcontextprotocol/server/McpServerFeatures$AsyncResourceSpecification
instanceKlass io/modelcontextprotocol/server/McpServerFeatures$AsyncToolSpecification
instanceKlass io/modelcontextprotocol/server/McpServerFeatures$Async
instanceKlass io/modelcontextprotocol/server/McpServerFeatures$Sync
instanceKlass io/modelcontextprotocol/spec/McpSchema$ReadResourceResult
instanceKlass io/modelcontextprotocol/spec/McpSchema$ReadResourceRequest
instanceKlass io/modelcontextprotocol/spec/McpSchema$Resource
instanceKlass io/modelcontextprotocol/server/McpServerFeatures$SyncResourceSpecification
instanceKlass io/modelcontextprotocol/spec/McpSchema$PromptArgument
instanceKlass io/modelcontextprotocol/spec/McpSchema$GetPromptResult
instanceKlass io/modelcontextprotocol/spec/McpSchema$GetPromptRequest
instanceKlass io/modelcontextprotocol/spec/McpSchema$Prompt
instanceKlass io/modelcontextprotocol/server/McpServerFeatures$SyncPromptSpecification
instanceKlass io/modelcontextprotocol/spec/McpSchema$CallToolResult
instanceKlass io/modelcontextprotocol/spec/McpSchema$CallToolRequest
instanceKlass jdk/internal/classfile/impl/StackCounter$Target
instanceKlass java/lang/reflect/Proxy$ProxyBuilder$ProxyClassContext
instanceKlass io/modelcontextprotocol/spec/McpSchema$JsonSchema
instanceKlass io/modelcontextprotocol/spec/McpSchema$ToolAnnotations
instanceKlass io/modelcontextprotocol/spec/McpSchema$Tool
instanceKlass io/modelcontextprotocol/server/McpServerFeatures$SyncToolSpecification
instanceKlass io/modelcontextprotocol/spec/McpSchema$ServerCapabilities$LoggingCapabilities
instanceKlass io/modelcontextprotocol/spec/McpSchema$ServerCapabilities$PromptCapabilities
instanceKlass io/modelcontextprotocol/spec/McpSchema$ServerCapabilities$ToolCapabilities
instanceKlass io/modelcontextprotocol/spec/McpSchema$ServerCapabilities$ResourceCapabilities
instanceKlass io/modelcontextprotocol/spec/McpSchema$ServerCapabilities
instanceKlass io/modelcontextprotocol/spec/McpSchema$Implementation
instanceKlass java/lang/invoke/StringConcatFactory$InlineHiddenClassStrategy$MethodHandlePair
instanceKlass sun/util/locale/LanguageTag
instanceKlass java/lang/ClassValue$Version
instanceKlass sun/security/pkcs/SignerInfo$AlgorithmInfo
instanceKlass sun/security/pkcs/PKCS9Attribute$AttributeInfo
instanceKlass jdk/internal/misc/ThreadTracker$ThreadRef
instanceKlass jdk/internal/classfile/impl/AbstractInstruction$SwitchCaseImpl
instanceKlass jdk/internal/classfile/impl/StackMapDecoder$StackMapFrameImpl
instanceKlass jdk/internal/classfile/impl/StackMapDecoder$ObjectVerificationTypeInfoImpl
instanceKlass java/security/SecureClassLoader$CodeSourceKey
instanceKlass jdk/internal/module/ModuleReferenceImpl$CachedHash
instanceKlass java/util/zip/ZipFile$EntryPos
instanceKlass java/util/stream/Collectors$CollectorImpl
instanceKlass java/lang/invoke/MethodHandles$Lookup$ClassDefiner
instanceKlass jdk/internal/classfile/impl/ClassHierarchyImpl$ClassHierarchyInfoImpl
instanceKlass java/lang/classfile/ClassHierarchyResolver$1Factory
instanceKlass jdk/internal/classfile/impl/RawBytecodeHelper$CodeRange
instanceKlass jdk/internal/classfile/impl/StackMapGenerator$Type
instanceKlass jdk/internal/classfile/impl/Util$1WithCodeMethodHandler
instanceKlass jdk/internal/classfile/impl/DirectCodeBuilder$DeferredLabel
instanceKlass java/lang/invoke/InvokerBytecodeGenerator$ClassData
instanceKlass jdk/internal/classfile/impl/AnnotationImpl
instanceKlass sun/nio/fs/WindowsPathParser$Result
instanceKlass jdk/internal/reflect/ReflectionFactory$Config
instanceKlass jdk/internal/foreign/abi/UpcallLinker$CallRegs
instanceKlass jdk/internal/foreign/abi/VMStorage
ciInstanceKlass java/lang/Record 1 1 22 10 7 12 1 1 1 100 1 1 1 1 1 1 1 1 1 1 1 1 1 1
instanceKlass com/fasterxml/jackson/core/util/InternCache
ciInstanceKlass java/util/concurrent/ConcurrentHashMap 1 1 1219 100 1 7 1 10 7 12 1 1 1 10 12 1 1 9 12 1 1 3 10 7 12 1 1 1 3 100 1 10 7 12 1 1 1 100 1 10 100 12 1 1 1 100 1 11 12 1 1 11 12 1 11 12 1 1 9 12 1 1 9 12 1 9 12 1 1 10 7 12 1 1 1 7 1 10 12 1 1 10 12 1 1 10 7 12 1 1 1 4 10 12 1 11 7 12 1 1 10 12 1 10 12 1 1 100 1 10 5 0 10 12 1 9 12 1 10 12 1 1 5 0 10 12 1 10 12 1 9 12 1 1 10 12 1 1 9 12 1 9 12 1 1 10 12 1 1 9 12 1 10 12 1 1 9 12 1 1 10 12 1 1 100 1 10 100 1 10 12 1 10 12 1 1 10 12 1 1 10 12 1 1 10 12 1 10 12 1 1 10 12 1 1 100 1 10 12 1 1 7 1 100 1 8 1 10 12 1 10 12 1 1 10 12 1 1 10 10 12 1 11 12 1 1 11 7 12 1 1 1 11 7 12 1 1 1 11 12 1 7 1 11 12 1 11 12 1 10 12 1 1 10 12 1 1 9 12 1 1 10 100 12 1 1 1 9 10 12 1 1 9 12 1 10 12 1 1 5 0 9 12 1 1 7 1 10 12 1 9 12 1 1 7 1 10 12 1 9 12 1 7 1 10 100 1 10 10 12 1 1 8 1 10 12 1 10 12 1 1 11 100 1 10 12 1 10 100 12 1 1 1 8 1 10 100 12 1 1 1 8 1 10 12 1 8 1 10 12 1 10 12 1 1 10 100 12 1 1 10 12 1 10 12 1 10 12 1 9 12 1 9 10 12 1 9 12 1 11 100 12 1 1 1 11 7 12 1 1 1 100 1 10 12 11 100 12 1 1 10 11 7 12 1 10 12 1 100 1 10 12 1 100 1 10 10 9 7 12 1 1 1 3 10 100 12 1 1 9 12 1 10 12 1 1 9 12 1 1 9 12 1 10 12 1 1 10 100 12 1 1 9 12 1 9 7 12 1 1 10 12 1 1 10 12 1 3 9 12 1 9 12 1 10 12 1 1 7 1 9 3 100 1 10 12 1 9 12 1 10 12 1 9 12 1 10 12 1 9 12 1 10 100 12 1 1 1 100 10 12 1 100 1 5 0 10 100 12 1 1 100 1 10 12 1 1 10 12 1 10 12 1 100 1 10 12 1 10 100 1 100 1 10 10 12 1 10 100 1 10 12 1 10 100 1 10 12 1 10 100 1 10 12 1 1 100 1 10 12 1 10 10 12 1 100 1 10 12 1 10 10 12 1 100 1 10 12 1 10 100 1 10 12 1 10 100 1 10 12 1 10 100 1 10 12 1 10 100 1 10 12 1 10 100 1 10 12 1 10 100 1 10 12 1 10 100 1 10 12 1 10 100 1 10 10 100 1 10 10 100 1 10 10 100 1 10 12 1 10 100 1 10 12 1 10 100 1 10 12 1 10 100 1 10 12 1 10 100 1 10 12 1 10 100 1 10 10 100 1 10 10 100 1 10 10 100 1 10 12 1 10 100 1 10 12 1 10 100 1 10 12 1 10 100 1 10 12 1 10 100 1 10 12 1 10 10 12 1 10 12 1 7 1 7 1 10 12 1 9 12 1 1 9 12 1 1 10 12 1 1 8 10 12 1 1 8 8 8 8 7 10 12 1 1 10 12 1 1 100 1 8 1 10 7 1 100 1 100 1 1 1 5 0 1 1 3 1 3 1 1 1 1 3 1 3 1 3 1 1 1 1 1 3 1 3 1 3 1 1 1 1 1 1 1 1 1 1 1 1 1 1 1 1 1 1 1 1 1 1 1 1 1 1 1 100 1 1 1 1 1 1 1 1 1 1 1 1 1 1 1 1 1 1 1 1 1 1 1 1 1 1 1 1 1 1 1 1 1 1 1 1 1 1 1 1 1 1 1 1 1 1 1 1 1 1 1 1 1 1 1 1 1 1 1 1 1 1 1 1 1 1 1 1 1 1 1 1 1 1 1 1 1 1 1 1 1 1 1 1 100 1 1 1 1 1 1 1 1 1 1 1 100 1 1 1 1 1 1 1 1 1 1 1 1 1 1 1 1 1 1 1 1 1 1 1 1 1 1 1 1 1 1 1 1 1 1 1 1 1 1 1 1 1 1 1 1 1 1 1 1 1 1 1 1 1 1 1 1 1 1 1 1 1 1 1 1 1 1 1 1 1 1 1 1 1 1 1 1 1 1 1 1 1 1 1 1 1 1 1 1 1 1 1 1 1 1 1 1 1 1 1 1 1 1 1 1 1 1 1 1 1 1 1 1 1 1 1 1 1 1 1 1 1 1 1 1 1 1 1 1 1 1 1 1 1 1 1 1 1 1 1 1 1 1 1 1 1 1 1 1 1 1 1 1 1 1 1 1 1 1 1 1 1 1 1 1 1 1 1 1 1 1 1 1 1 1 1 1 1 1 1 1 1 1 1 1 1 1 1 1 1 1 1 1 1 1 1 1 1 1 1 1 1 1 1 1 1 1 1 1 1 1 1 1 1 1 1 1 1 1 1 1 1 1 1 100 1 100 1 100 1 100 1 100 1 100 1 100 1 100 1 100 1 1 1 1 1 1 1 1 1 1 1 1 1 1 1 1 1 1 1 1 1 1 1 1 1 1 1 1 1 1 1 1 1 1 1 1 1 1 1 1 1 1 1 1 1 1 1 1 1 1 1 1 1 1 1 1 1 1
staticfield java/util/concurrent/ConcurrentHashMap serialPersistentFields [Ljava/io/ObjectStreamField; 3 [Ljava/io/ObjectStreamField;
staticfield java/util/concurrent/ConcurrentHashMap U Ljdk/internal/misc/Unsafe; jdk/internal/misc/Unsafe
staticfield java/util/concurrent/ConcurrentHashMap SIZECTL J 44
staticfield java/util/concurrent/ConcurrentHashMap TRANSFERINDEX J 56
staticfield java/util/concurrent/ConcurrentHashMap BASECOUNT J 48
staticfield java/util/concurrent/ConcurrentHashMap CELLSBUSY J 60
staticfield java/util/concurrent/ConcurrentHashMap CELLVALUE J 144
staticfield java/util/concurrent/ConcurrentHashMap ABASE J 16
staticfield java/util/concurrent/ConcurrentHashMap ASHIFT I 2
instanceKlass com/fasterxml/jackson/databind/util/internal/PrivateMaxEntriesMap
instanceKlass java/util/concurrent/ConcurrentSkipListMap
instanceKlass com/oracle/dbtools/utils/jdbc/ConfigurationProperties$Builder
instanceKlass com/oracle/dbtools/utils/jdbc/ConfigurationProperties
instanceKlass java/util/Collections$SingletonMap
instanceKlass java/util/TreeMap
instanceKlass java/util/stream/Collectors$Partition
instanceKlass java/util/IdentityHashMap
instanceKlass java/util/EnumMap
instanceKlass java/util/WeakHashMap
instanceKlass java/util/Collections$EmptyMap
instanceKlass sun/util/PreHashedMap
instanceKlass java/util/HashMap
instanceKlass java/util/ImmutableCollections$AbstractImmutableMap
instanceKlass java/util/concurrent/ConcurrentHashMap
ciInstanceKlass java/util/AbstractMap 1 1 198 10 7 12 1 1 1 10 7 12 1 1 1 11 7 12 1 1 1 10 11 12 1 1 11 7 12 1 1 1 11 12 1 1 7 1 11 12 1 10 12 1 1 11 12 1 100 1 10 11 12 1 11 7 1 10 12 1 1 11 12 1 9 12 1 1 100 1 10 12 1 9 12 1 1 7 1 10 11 11 12 1 1 11 12 1 100 1 100 1 11 12 1 8 1 100 1 10 10 12 1 1 8 1 10 12 1 10 12 1 1 10 12 1 1 1 1 1 1 1 1 1 1 1 1 1 1 1 1 1 1 1 1 1 1 1 1 1 1 1 1 1 1 1 1 1 1 1 1 1 1 1 1 100 1 1 1 1 1 1 1 100 1 1 1 1 1 1 1 1 1 100 1 1 1 1 1 1 1 1 1 100 1 100 1 100 1 100 1 100 1 1 1 1 1 1 1 1
ciMethod java/util/concurrent/ConcurrentHashMap remove (Ljava/lang/Object;)Ljava/lang/Object; 266 0 136 0 0
ciMethod java/util/concurrent/ConcurrentHashMap get (Ljava/lang/Object;)Ljava/lang/Object; 514 0 5460 0 680
ciMethod java/util/concurrent/ConcurrentHashMap putIfAbsent (Ljava/lang/Object;Ljava/lang/Object;)Ljava/lang/Object; 514 0 14743 0 104
ciInstanceKlass java/util/concurrent/ConcurrentMap 1 1 201 11 100 12 1 1 1 10 100 12 1 1 11 12 1 1 11 100 12 1 1 1 11 100 12 1 1 1 11 12 1 1 100 1 11 12 1 11 12 1 100 1 11 100 12 1 1 1 18 12 1 11 12 1 1 11 100 12 1 1 11 12 1 1 11 100 12 1 11 12 1 1 11 12 1 1 100 1 100 1 1 1 1 1 1 1 1 1 1 1 1 1 1 1 1 1 1 1 1 1 1 1 1 1 1 1 1 1 1 1 1 1 1 1 1 1 1 1 1 1 1 1 1 1 1 1 1 1 1 1 1 1 1 1 1 1 1 1 1 16 15 11 12 15 10 100 12 1 1 1 1 1 100 1 100 1 1 1 100 1 8 1 1 12 10 1 8 1 1 1 8 1 8 1 1 8 1 1 1 8 1 1 1 8 1 1 8 1 8 1 1 1 8 1 1 8 1 1 1 8 1
ciInstanceKlass java/util/Collection 1 1 115 11 7 12 1 1 1 7 1 11 7 12 1 1 1 10 100 12 1 1 1 11 12 1 1 11 100 12 1 1 1 11 12 1 1 11 100 12 1 1 1 11 12 1 1 10 100 12 1 1 1 11 12 1 10 7 12 1 1 1 100 1 100 1 1 1 1 1 1 1 1 1 1 1 1 1 1 1 1 1 1 1 1 1 1 1 1 1 1 1 1 1 1 1 1 1 1 1 1 1 1 1 1 1 1 1 1 1 1 1 1 1 1 1 1
instanceKlass jdk/internal/loader/ClassLoaders$BootClassLoader
instanceKlass jdk/internal/loader/ClassLoaders$PlatformClassLoader
instanceKlass jdk/internal/loader/ClassLoaders$AppClassLoader
ciInstanceKlass jdk/internal/loader/BuiltinClassLoader 1 1 652 9 7 12 1 1 1 10 7 12 1 1 1 10 7 12 1 1 1 9 12 1 1 9 12 1 1 7 1 10 12 1 9 12 1 10 12 1 9 12 1 10 7 12 1 1 1 10 7 12 1 1 1 10 7 12 1 1 1 11 7 12 1 1 1 100 1 100 1 10 10 12 1 1 8 1 10 12 1 10 12 7 1 10 12 1 10 12 1 1 11 7 12 1 1 1 11 7 12 1 1 1 11 12 1 1 7 1 8 1 8 1 10 9 12 1 1 10 7 12 1 1 11 12 1 1 10 12 1 1 10 12 1 1 10 12 1 1 11 7 12 1 1 1 10 7 12 1 1 7 1 10 100 12 1 1 1 10 7 12 1 1 1 10 12 1 10 12 1 100 1 8 1 10 12 1 1 10 8 1 10 12 1 1 10 12 1 1 10 12 1 1 11 7 12 1 1 11 12 1 7 1 10 11 12 1 1 11 10 12 1 1 7 1 10 12 1 10 7 12 1 10 12 1 11 12 1 1 11 7 1 11 12 1 100 1 10 12 1 1 100 1 100 1 11 12 1 1 10 12 1 10 12 10 12 1 10 7 12 1 1 1 7 1 10 10 12 1 1 10 12 1 1 10 12 1 1 10 12 1 9 12 1 1 100 1 10 10 12 1 1 10 12 1 1 10 12 1 10 12 10 12 1 1 10 12 1 1 10 12 1 1 10 12 1 10 12 1 1 10 12 1 1 10 12 1 10 12 1 1 10 12 1 7 1 10 12 10 100 12 1 1 1 10 12 1 11 12 1 7 1 10 12 1 7 1 100 1 10 12 1 10 12 1 11 12 1 1 10 12 1 1 10 12 1 1 10 12 1 1 10 12 1 1 10 12 1 10 12 1 10 12 1 10 12 1 8 1 10 12 1 1 10 100 12 1 1 10 12 1 100 1 8 1 8 1 10 10 12 1 8 1 8 1 10 100 12 1 1 1 11 100 12 1 1 1 9 100 12 1 1 1 10 100 12 1 1 1 9 12 1 9 12 1 9 12 1 9 12 1 9 12 1 9 12 1 10 100 12 1 1 1 8 1 10 12 1 7 1 10 11 12 1 1 10 12 10 12 1 10 12 1 100 1 10 12 1 10 12 1 11 11 12 1 10 7 12 1 1 10 7 12 1 1 8 1 10 7 12 1 1 10 12 1 1 1 1 1 1 1 1 1 1 1 1 1 1 1 1 1 1 1 1 1 1 1 1 1 1 1 1 1 1 1 1 1 1 1 1 1 1 1 1 1 1 1 1 1 1 1 1 1 1 1 1 1 1 1 100 1 1 1 1 1 1 1 1 1 1 1 1 1 100 1 100 1 1 1 1 1 1 1 1 1 1 1 1 1 1 1 1 1 1 1 1 1 1 1 1 1 1 1 1 1 1 1 1 1 1 1 1 1 1 1 1 1 1 1 1 1 1 1 100 1 1 1 100 1 1 1 1 1
staticfield jdk/internal/loader/BuiltinClassLoader packageToModule Ljava/util/Map; java/util/concurrent/ConcurrentHashMap
staticfield jdk/internal/loader/BuiltinClassLoader $assertionsDisabled Z 1
ciInstanceKlass jdk/internal/loader/ClassLoaders$AppClassLoader 1 1 57 8 1 10 7 12 1 1 1 10 100 12 1 1 1 10 12 1 1 10 7 12 1 1 1 100 1 10 12 1 1 1 1 1 1 1 1 1 1 1 1 1 1 1 1 1 1 1 1 1 1 1 1 100 1 1 1
ciInstanceKlass jdk/internal/loader/ClassLoaders$PlatformClassLoader 1 1 42 8 1 10 7 12 1 1 1 10 7 12 1 1 1 100 1 10 12 1 100 1 1 1 1 1 1 1 1 1 1 1 1 1 1 100 1 1 1 100 1 1
ciInstanceKlass java/lang/ArithmeticException 1 1 26 10 100 12 1 1 1 10 12 1 100 1 1 1 1 5 0 1 1 1 1 1 1 1 1 1
instanceKlass oracle/dbtools/rag/exceptions/EmbeddingStoreException
instanceKlass oracle/dbtools/rag/exceptions/ModelConfigPersistenceException
instanceKlass oracle/dbtools/rag/exceptions/ConfigurationMissingException
instanceKlass oracle/dbtools/extension/mcp/exceptions/AuditTableException
instanceKlass java/text/ParseException
instanceKlass liquibase/exception/LiquibaseException
instanceKlass oracle/dbtools/sqlcl/commands/blockchain/BICException
instanceKlass oracle/dbtools/extension/diff/exceptions/DiffProcessingException
instanceKlass oracle/dbtools/extension/rest/exceptions/RestCallException
instanceKlass oracle/dbtools/extension/apex/exceptions/OutputBufferNotInitialized
instanceKlass oracle/dbtools/extension/apex/exceptions/ApexQueryException
instanceKlass oracle/dbtools/extension/apex/exceptions/InvalidApexExportException
instanceKlass oracle/dbtools/raptor/newscriptrunner/parameterparser/exception/InvalidParameterException
instanceKlass oracle/dbtools/extension/apex/exceptions/AppNotInstalledException
instanceKlass oracle/dbtools/raptor/newscriptrunner/parameterparser/exception/ExtraParameterException
instanceKlass oracle/dbtools/raptor/newscriptrunner/parameterparser/exception/ConnectionNotValidException
instanceKlass oracle/dbtools/raptor/newscriptrunner/parameterparser/exception/MissingRequiredParameterException
instanceKlass oracle/dbtools/raptor/newscriptrunner/parameterparser/exception/CommandHelpClassException
instanceKlass oracle/dbtools/raptor/newscriptrunner/parameterparser/exception/InvalidCommandException
instanceKlass oracle/dbtools/raptor/newscriptrunner/parameterparser/exception/CommandOptionsClassException
instanceKlass oracle/dbtools/raptor/newscriptrunner/parameterparser/exception/ParameterFailedValidationException
instanceKlass javax/script/ScriptException
instanceKlass oracle/dbtools/raptor/newscriptrunner/ArgumentQuoteException
instanceKlass oracle/dbtools/raptor/utils/oerr/OerrException
instanceKlass oracle/dbtools/raptor/newscriptrunner/commands/bridge/BridgeParserException
instanceKlass oracle/dbtools/raptor/newscriptrunner/commands/show/ShowRegistry$RestrictedCommandException
instanceKlass java/util/prefs/BackingStoreException
instanceKlass java/sql/SQLException
instanceKlass java/security/GeneralSecurityException
instanceKlass java/lang/InterruptedException
instanceKlass java/net/URISyntaxException
instanceKlass java/io/IOException
instanceKlass sun/nio/fs/WindowsException
instanceKlass java/lang/ReflectiveOperationException
instanceKlass java/lang/RuntimeException
ciInstanceKlass java/lang/Exception 1 1 40 10 7 12 1 1 1 10 12 1 10 12 1 10 12 1 10 12 1 100 1 1 1 1 5 0 1 1 1 1 1 1 1 1 1 1 1 1 1 1
ciMethod java/lang/Exception <init> (Ljava/lang/String;)V 18 0 9 0 -1
instanceKlass java/util/concurrent/RejectedExecutionException
instanceKlass com/networknt/schema/FailFastAssertionException
instanceKlass java/time/DateTimeException
instanceKlass com/networknt/schema/SchemaException
instanceKlass io/modelcontextprotocol/spec/McpError
instanceKlass java/lang/reflect/UndeclaredThrowableException
instanceKlass java/lang/SecurityException
instanceKlass oracle/dbtools/skills/registry/SkillsRegistryException
instanceKlass oracle/sql/json/OracleJsonException
instanceKlass oracle/dbtools/extension/rcv/exceptions/FleetAgentException
instanceKlass jakarta/json/JsonException
instanceKlass java/util/NoSuchElementException
instanceKlass java/lang/UnsupportedOperationException
instanceKlass java/util/MissingResourceException
instanceKlass oracle/dbtools/extension/mdb/exceptions/NoDataAvailableException
instanceKlass java/io/UncheckedIOException
instanceKlass java/lang/module/FindException
instanceKlass java/lang/IllegalStateException
instanceKlass java/lang/IllegalArgumentException
instanceKlass java/lang/IndexOutOfBoundsException
instanceKlass java/lang/ArithmeticException
instanceKlass java/lang/NullPointerException
instanceKlass java/lang/IllegalCallerException
instanceKlass java/lang/IllegalMonitorStateException
instanceKlass java/lang/ArrayStoreException
instanceKlass java/lang/ClassCastException
ciInstanceKlass java/lang/RuntimeException 1 1 40 10 7 12 1 1 1 10 12 1 10 12 1 10 12 1 10 12 1 100 1 1 1 1 5 0 1 1 1 1 1 1 1 1 1 1 1 1 1 1
ciMethod java/lang/RuntimeException <init> (Ljava/lang/String;)V 0 0 1 0 -1
ciInstanceKlass java/lang/ArrayIndexOutOfBoundsException 1 1 45 10 100 12 1 1 1 10 12 1 100 1 10 8 1 10 12 1 1 10 12 1 10 12 1 1 100 1 1 1 1 5 0 1 1 1 1 1 1 1 1 1 1 1 1
ciInstanceKlass java/lang/ArrayStoreException 1 1 26 10 100 12 1 1 1 10 12 1 100 1 1 1 1 5 0 1 1 1 1 1 1 1 1 1
ciInstanceKlass java/lang/ClassCastException 1 1 26 10 100 12 1 1 1 10 12 1 100 1 1 1 1 5 0 1 1 1 1 1 1 1 1 1
ciInstanceKlass java/lang/ClassNotFoundException 1 1 96 7 1 10 7 12 1 1 1 10 12 1 10 12 1 1 10 100 12 1 1 1 8 1 10 100 12 1 1 1 10 7 12 1 1 10 100 12 1 1 1 10 100 12 1 1 1 10 12 1 1 7 1 10 12 1 9 12 1 1 1 1 1 5 0 1 1 1 1 1 1 1 1 1 1 1 1 1 1 1 1 1 1 100 1 1 1 1 1 1 1 1 1 1 1 1
staticfield java/lang/ClassNotFoundException serialPersistentFields [Ljava/io/ObjectStreamField; 1 [Ljava/io/ObjectStreamField;
instanceKlass java/lang/reflect/InvocationTargetException
instanceKlass java/lang/InstantiationException
instanceKlass java/lang/IllegalAccessException
instanceKlass java/lang/NoSuchFieldException
instanceKlass java/lang/NoSuchMethodException
instanceKlass java/lang/ClassNotFoundException
ciInstanceKlass java/lang/ReflectiveOperationException 1 1 34 10 7 12 1 1 1 10 12 1 10 12 1 10 12 1 100 1 1 1 1 5 0 1 1 1 1 1 1 1 1 1 1 1
instanceKlass java/util/regex/PatternSyntaxException
instanceKlass java/nio/charset/IllegalCharsetNameException
instanceKlass java/nio/file/InvalidPathException
instanceKlass java/lang/NumberFormatException
ciInstanceKlass java/lang/IllegalArgumentException 1 1 35 10 7 12 1 1 1 10 12 1 10 12 1 10 12 1 100 1 1 1 1 5 0 1 1 1 1 1 1 1 1 1 1 1 1
ciMethod java/lang/IllegalArgumentException <init> (Ljava/lang/String;)V 0 0 1 0 -1
ciInstanceKlass java/lang/IllegalCallerException 0 0 35 10 100 12 1 1 1 10 12 1 10 12 1 10 12 1 100 1 1 1 1 5 0 1 1 1 1 1 1 1 1 1 1 1 1
ciInstanceKlass java/lang/IllegalMonitorStateException 1 1 26 10 100 12 1 1 1 10 12 1 100 1 1 1 1 5 0 1 1 1 1 1 1 1 1 1
ciInstanceKlass java/lang/BootstrapMethodError 0 0 45 10 100 12 1 1 1 10 12 1 10 12 1 10 100 12 1 1 1 10 100 12 1 1 1 1 1 1 5 0 1 1 1 1 1 1 1 1 1 1 1 100 1 1 1
instanceKlass java/util/ServiceConfigurationError
instanceKlass java/lang/ThreadDeath
instanceKlass java/lang/AssertionError
instanceKlass java/io/IOError
instanceKlass java/lang/VirtualMachineError
instanceKlass java/lang/LinkageError
ciInstanceKlass java/lang/Error 1 1 58 10 7 12 1 1 1 9 12 1 1 10 100 12 1 1 1 10 100 12 1 1 1 10 12 1 10 12 1 10 12 1 10 12 1 100 1 1 1 1 5 0 1 1 1 1 1 1 1 1 100 1 1 1 1 1 1 1
instanceKlass java/lang/UnsatisfiedLinkError
instanceKlass java/lang/IncompatibleClassChangeError
instanceKlass java/lang/BootstrapMethodError
instanceKlass java/lang/NoClassDefFoundError
ciInstanceKlass java/lang/LinkageError 1 1 31 10 7 12 1 1 1 10 12 1 10 12 1 100 1 1 1 1 5 0 1 1 1 1 1 1 1 1 1 1 1
ciInstanceKlass java/lang/NullPointerException 1 1 52 10 100 12 1 1 1 10 12 1 9 100 12 1 1 1 10 12 1 1 9 12 1 1 10 12 1 1 10 12 1 1 1 1 5 0 1 1 1 1 1 1 1 1 100 1 100 1 100 1 1 1
ciInstanceKlass java/lang/InternalError 1 1 34 10 100 12 1 1 1 10 12 1 10 12 1 10 12 1 100 1 1 1 1 5 0 1 1 1 1 1 1 1 1 1 1 1
instanceKlass java/lang/StackOverflowError
instanceKlass java/lang/OutOfMemoryError
instanceKlass java/lang/InternalError
ciInstanceKlass java/lang/VirtualMachineError 1 1 34 10 100 12 1 1 1 10 12 1 10 12 1 10 12 1 100 1 1 1 1 5 0 1 1 1 1 1 1 1 1 1 1 1
ciInstanceKlass java/lang/NoClassDefFoundError 0 0 26 10 100 12 1 1 1 10 12 1 100 1 1 1 1 5 0 1 1 1 1 1 1 1 1 1
ciInstanceKlass java/lang/OutOfMemoryError 1 1 26 10 100 12 1 1 1 10 12 1 100 1 1 1 1 5 0 1 1 1 1 1 1 1 1 1
ciInstanceKlass java/lang/StackOverflowError 1 1 26 10 100 12 1 1 1 10 12 1 100 1 1 1 1 5 0 1 1 1 1 1 1 1 1 1
ciInstanceKlass java/lang/StackTraceElement 0 0 235 10 100 12 1 1 1 10 100 12 1 1 9 12 1 1 9 12 1 1 9 12 1 9 12 1 8 1 10 100 12 1 1 1 100 1 9 12 1 8 1 9 12 1 9 12 1 9 12 1 1 10 12 1 1 10 12 1 8 1 10 100 12 1 1 1 100 1 10 12 1 10 12 1 1 10 12 1 10 12 1 1 10 12 1 10 12 1 10 10 12 1 8 1 10 12 1 10 12 1 1 10 12 1 1 10 12 1 10 12 1 10 12 1 9 12 1 1 10 100 12 1 1 1 10 12 1 1 100 1 10 12 1 1 10 100 12 1 1 10 100 12 1 1 1 10 100 12 1 1 10 100 12 1 1 10 10 12 1 1 10 12 1 1 10 12 1 1 10 12 1 100 1 1 1 1 1 1 1 3 1 3 1 1 5 0 1 1 1 1 1 1 1 1 1 1 1 1 1 1 1 1 1 1 1 1 1 1 1 1 1 1 1 1 1 100 1 100 1 1 1 1 1 1 1 100 1 1 1 1 1 1 1 1 1
instanceKlass java/util/concurrent/locks/AbstractQueuedLongSynchronizer
instanceKlass java/util/concurrent/locks/AbstractQueuedSynchronizer
ciInstanceKlass java/util/concurrent/locks/AbstractOwnableSynchronizer 1 1 32 10 7 12 1 1 1 9 7 12 1 1 1 100 1 1 1 1 5 0 1 1 1 1 1 1 1 1 1 1 1 1
ciInstanceKlass jdk/internal/vm/Continuation 1 1 551 9 7 12 1 1 1 9 12 1 9 12 1 9 12 1 100 1 100 1 10 12 1 1 8 1 10 12 1 1 10 12 1 10 12 1 1 10 12 1 9 7 12 1 1 1 11 100 12 1 1 1 10 100 1 9 12 1 1 9 12 1 1 10 8 1 10 12 1 9 12 1 1 10 11 12 1 1 100 1 10 100 12 1 1 1 10 12 1 1 10 12 1 10 12 1 1 11 12 1 1 9 12 1 1 10 12 1 1 18 12 1 1 10 100 12 1 1 1 100 1 10 12 1 11 100 12 1 1 1 10 12 1 9 12 1 10 12 1 1 100 1 8 1 10 12 1 10 12 1 1 9 12 1 1 11 12 1 1 9 12 1 1 8 1 10 11 12 1 1 11 12 1 1 10 12 1 1 10 12 1 1 9 12 1 10 12 1 10 10 12 1 8 1 10 12 1 8 1 8 1 10 7 12 1 1 1 10 100 12 1 1 1 10 12 1 9 12 1 11 12 1 100 1 10 12 1 10 12 1 1 9 12 1 1 100 1 10 12 1 1 9 12 1 1 10 12 1 10 12 1 11 100 12 1 1 10 7 1 10 12 1 8 1 10 12 1 1 9 12 1 1 10 7 12 1 1 8 1 8 1 8 1 8 1 10 12 1 1 10 12 1 10 12 1 10 12 1 10 12 1 1 10 12 1 1 8 1 9 12 1 10 12 1 1 9 12 1 1 10 12 1 1 9 12 1 8 1 10 100 12 1 1 1 10 12 1 8 1 100 1 8 1 10 9 12 1 1 8 1 10 100 12 1 1 10 100 12 1 1 8 1 8 1 10 12 10 12 1 1 10 100 1 10 100 12 1 1 1 18 11 100 12 1 1 1 18 12 1 11 12 1 1 100 1 10 7 12 1 1 10 12 1 1 8 10 12 1 1 10 7 12 1 1 1 10 7 12 1 1 10 12 1 8 1 10 12 1 100 1 100 1 10 12 1 1 1 1 1 1 1 1 1 1 1 1 1 1 1 1 1 1 1 1 1 1 1 1 1 1 1 1 1 1 1 1 1 1 1 1 1 1 1 1 1 1 1 1 1 1 1 1 1 1 1 1 1 1 1 1 1 1 1 1 1 1 1 1 1 1 1 1 1 1 1 1 1 1 1 1 100 1 1 16 1 15 10 12 16 15 11 100 12 1 1 1 16 1 16 1 15 10 12 16 15 10 100 12 1 1 1 1 1 1 1 1 100 1 100 1 1
staticfield jdk/internal/vm/Continuation U Ljdk/internal/misc/Unsafe; jdk/internal/misc/Unsafe
staticfield jdk/internal/vm/Continuation MOUNTED_OFFSET J 13
staticfield jdk/internal/vm/Continuation PRESERVE_SCOPED_VALUE_CACHE Z 1
staticfield jdk/internal/vm/Continuation JLA Ljdk/internal/access/JavaLangAccess; java/lang/System$1
staticfield jdk/internal/vm/Continuation $assertionsDisabled Z 1
ciMethod jdk/internal/vm/Continuation pin ()V 256 0 128 0 -1
ciMethod jdk/internal/vm/Continuation unpin ()V 256 0 128 0 -1
ciInstanceKlass jdk/internal/misc/UnsafeConstants 1 1 34 10 100 12 1 1 1 9 7 12 1 1 1 9 12 1 9 12 1 1 9 12 1 9 12 1 1 1 1 1 1 1 1 1
staticfield jdk/internal/misc/UnsafeConstants ADDRESS_SIZE0 I 8
staticfield jdk/internal/misc/UnsafeConstants PAGE_SIZE I 4096
staticfield jdk/internal/misc/UnsafeConstants BIG_ENDIAN Z 0
staticfield jdk/internal/misc/UnsafeConstants UNALIGNED_ACCESS Z 1
staticfield jdk/internal/misc/UnsafeConstants DATA_CACHE_LINE_FLUSH_SIZE I 0
ciInstanceKlass java/lang/invoke/MethodHandleImpl 1 1 1424 10 7 12 1 1 1 7 1 10 7 12 1 1 1 10 7 12 1 1 1 100 1 10 8 1 10 12 1 1 10 12 1 10 12 1 1 10 7 12 1 1 1 9 7 12 1 1 1 10 100 12 1 1 1 100 1 10 12 1 1 10 12 1 1 10 12 1 1 10 7 12 1 1 1 9 7 12 1 1 1 10 7 12 1 1 1 100 1 10 9 12 1 1 9 12 1 10 12 1 1 10 12 1 10 12 1 1 10 12 1 1 10 12 1 1 8 1 8 1 10 12 1 1 10 12 1 1 10 12 1 1 10 12 1 1 10 12 1 10 12 1 1 10 7 12 1 1 1 10 12 1 7 1 10 7 12 1 1 1 10 12 1 1 10 12 1 1 11 7 12 1 1 1 11 7 12 1 1 11 12 1 1 7 1 11 12 1 10 12 1 1 10 12 1 1 11 12 1 10 7 12 1 1 10 12 1 1 10 7 12 1 1 10 12 1 10 12 1 1 10 7 12 1 1 1 10 7 12 1 1 1 10 12 1 1 10 12 1 1 9 7 12 1 1 1 10 10 12 1 1 10 12 1 1 10 10 12 1 1 10 12 1 1 10 7 12 1 1 1 10 12 1 1 10 12 1 10 12 1 10 7 12 1 1 1 10 7 12 1 1 1 10 12 1 1 10 12 1 10 12 1 10 12 1 10 12 1 1 10 12 1 10 12 1 1 10 12 1 10 12 1 8 1 100 1 10 12 1 10 12 1 1 10 12 1 10 12 1 1 10 12 1 1 7 1 10 12 1 100 1 8 1 10 12 1 10 7 12 1 1 1 8 1 10 12 1 10 100 12 1 1 1 100 1 9 100 1 10 12 1 1 10 12 1 1 9 12 1 10 12 1 1 10 7 12 1 1 10 12 1 1 10 12 1 1 10 12 1 10 12 1 7 1 10 12 1 1 9 12 1 1 10 12 1 9 100 12 1 1 1 11 100 12 1 1 7 1 9 12 1 100 1 10 12 1 10 12 1 1 7 1 10 12 1 1 10 12 1 1 10 7 12 1 1 1 10 12 1 1 10 12 1 10 12 1 1 10 12 1 10 12 1 1 10 12 1 7 1 9 7 12 1 1 1 10 12 1 10 12 1 9 7 12 1 1 1 10 12 1 1 10 12 1 1 10 12 1 10 7 12 1 1 10 100 12 1 1 1 9 12 1 10 12 1 9 12 10 12 1 10 12 1 10 12 1 10 12 1 1 10 12 1 10 12 1 1 10 12 1 10 12 1 1 10 12 1 1 10 12 1 1 10 12 1 10 12 1 10 12 1 1 10 12 1 10 100 12 1 1 10 12 1 10 100 12 1 1 8 1 10 8 1 100 1 10 9 12 1 100 1 10 12 1 8 1 10 10 12 1 10 10 12 1 1 10 12 1 1 10 12 1 10 12 1 100 1 8 1 10 12 1 10 7 12 1 1 1 10 12 1 1 10 12 1 10 12 1 100 1 10 12 1 10 12 1 10 12 1 1 7 1 10 12 1 10 7 12 1 1 10 12 1 9 12 1 10 12 1 1 10 12 1 1 100 1 10 10 12 1 8 1 8 1 9 12 1 8 1 8 1 8 1 9 12 1 10 12 1 1 9 12 1 1 10 12 1 8 1 9 7 1 10 12 1 1 10 12 1 8 1 8 1 8 1 100 1 100 1 8 8 1 8 1 100 1 8 1 100 1 10 12 1 7 1 10 10 7 12 1 1 1 10 12 1 10 12 10 12 1 10 12 1 11 100 12 1 1 1 18 12 1 11 100 12 1 1 1 18 18 12 1 11 12 1 1 10 12 1 1 10 12 1 10 12 1 11 12 1 9 12 1 9 12 10 10 12 1 1 9 12 1 1 11 12 1 1 18 12 1 1 11 12 1 1 11 12 1 1 10 12 1 11 100 1 10 12 1 10 12 1 10 12 1 9 12 1 9 12 10 12 1 10 7 12 1 1 1 10 12 1 10 12 1 1 10 12 1 10 12 9 12 1 1 10 12 1 10 12 1 1 9 12 1 9 12 1 10 12 1 10 12 1 1 10 12 1 100 1 10 12 1 9 12 1 1 11 100 1 9 12 1 9 12 11 12 1 9 12 1 10 12 10 12 1 1 10 12 1 1 9 7 12 1 1 10 12 1 10 12 1 10 12 1 1 100 1 10 12 1 10 12 1 1 100 1 10 12 1 1 10 12 1 1 100 1 10 12 1 1 10 12 1 1 10 12 1 10 12 1 10 12 1 9 12 1 10 12 1 10 12 1 1 9 7 12 1 1 1 8 10 12 1 1 8 1 10 12 1 8 1 8 1 8 1 8 1 8 1 8 1 100 1 8 1 8 1 10 12 1 9 12 1 10 12 1 1 1 1 1 3 1 1 3 1 3 1 3 1 3 1 3 1 3 1 3 1 3 1 1 1 1 1 1 1 1 1 3 1 3 1 1 1 1 1 1 1 1 1 1 1 1 1 1 1 1 1 1 1 1 1 1 1 1 1 1 1 1 1 1 1 1 1 1 1 1 1 1 1 1 1 1 1 1 1 1 1 1 1 1 1 1 1 1 1 1 1 1 1 1 1 1 1 1 1 1 1 1 1 1 1 1 1 1 1 1 1 1 1 1 1 1 1 1 1 1 1 1 1 1 1 1 1 1 1 1 1 1 1 1 1 1 1 100 1 1 1 1 1 1 1 1 1 1 1 1 1 1 1 1 1 1 1 1 1 1 1 1 1 1 1 1 1 1 1 1 1 1 1 1 1 1 1 1 1 1 1 1 1 1 1 1 1 1 1 1 1 1 1 1 1 1 1 1 1 1 1 1 1 1 1 1 1 1 1 1 1 1 1 1 1 1 1 1 1 1 1 1 1 1 1 1 1 1 1 1 1 1 1 1 1 1 1 1 1 1 1 1 1 1 1 1 1 1 1 1 1 1 1 1 1 1 1 1 1 1 1 1 1 1 1 1 1 1 1 1 1 1 1 1 1 1 1 1 1 1 1 1 1 1 1 1 1 1 1 1 1 1 1 1 1 1 1 1 1 1 1 1 1 1 1 1 1 100 1 100 1 100 1 100 1 100 1 100 1 100 1 1 16 15 10 12 16 15 16 16 1 15 10 12 16 16 15 10 12 16 15 10 100 12 1 1 1 1 1 1 1 1 1 1 1 1 1 1 1 1 1 1 1 1 1 1 1 1
staticfield java/lang/invoke/MethodHandleImpl ARRAYS [Ljava/lang/invoke/MethodHandle; 256 [Ljava/lang/invoke/MethodHandle;
staticfield java/lang/invoke/MethodHandleImpl NFS [Ljava/lang/invoke/LambdaForm$NamedFunction; 7 [Ljava/lang/invoke/LambdaForm$NamedFunction;
staticfield java/lang/invoke/MethodHandleImpl HANDLES [Ljava/lang/invoke/MethodHandle; 9 [Ljava/lang/invoke/MethodHandle;
staticfield java/lang/invoke/MethodHandleImpl $assertionsDisabled Z 1
ciInstanceKlass java/lang/invoke/MethodHandleStatics 1 1 328 10 100 12 1 1 1 9 7 12 1 1 1 9 12 1 1 10 7 12 1 1 1 9 12 1 9 12 1 9 12 1 9 12 1 9 7 12 1 1 1 100 1 10 8 1 10 12 1 1 10 100 12 1 1 1 8 1 10 100 12 1 1 1 10 12 1 1 8 1 8 1 10 12 1 10 100 12 1 1 1 10 7 12 1 1 8 1 10 12 1 1 8 1 8 1 8 1 8 1 10 12 1 1 100 1 10 12 10 12 1 10 12 1 100 1 10 10 12 1 1 100 1 10 10 12 1 100 1 100 1 8 1 8 1 10 12 1 8 1 10 7 12 1 1 1 9 12 1 1 10 7 12 1 1 1 10 12 1 1 9 12 1 1 10 12 1 1 8 1 10 7 12 1 1 10 7 12 1 1 1 8 1 8 1 8 1 8 1 8 1 10 12 1 10 7 12 1 1 1 9 12 1 8 1 8 1 8 1 8 1 9 12 1 8 1 9 12 1 8 1 8 1 9 12 1 8 1 8 1 9 12 1 8 1 9 12 1 8 1 9 12 1 8 1 9 12 1 8 1 8 1 9 12 1 8 1 8 1 10 12 1 1 8 1 10 12 1 1 1 1 1 1 1 1 1 1 1 1 1 1 1 1 1 1 1 1 1 1 1 100 1 100 1 100 1 1 1 1 1 1 1 1 1 1 1 1 1 1 1 1 1 1 1 1 1 1 1 1 1 1 1 1 1 1 1 1 1
staticfield java/lang/invoke/MethodHandleStatics UNSAFE Ljdk/internal/misc/Unsafe; jdk/internal/misc/Unsafe
staticfield java/lang/invoke/MethodHandleStatics CLASSFILE_VERSION I 69
staticfield java/lang/invoke/MethodHandleStatics DEBUG_METHOD_HANDLE_NAMES Z 0
staticfield java/lang/invoke/MethodHandleStatics TRACE_INTERPRETER Z 0
staticfield java/lang/invoke/MethodHandleStatics TRACE_METHOD_LINKAGE Z 0
staticfield java/lang/invoke/MethodHandleStatics TRACE_RESOLVE Z 0
staticfield java/lang/invoke/MethodHandleStatics COMPILE_THRESHOLD I 0
staticfield java/lang/invoke/MethodHandleStatics LOG_LF_COMPILATION_FAILURE Z 0
staticfield java/lang/invoke/MethodHandleStatics DONT_INLINE_THRESHOLD I 30
staticfield java/lang/invoke/MethodHandleStatics PROFILE_LEVEL I 0
staticfield java/lang/invoke/MethodHandleStatics PROFILE_GWT Z 1
staticfield java/lang/invoke/MethodHandleStatics CUSTOMIZE_THRESHOLD I 127
staticfield java/lang/invoke/MethodHandleStatics VAR_HANDLE_GUARDS Z 1
staticfield java/lang/invoke/MethodHandleStatics MAX_ARITY I 255
staticfield java/lang/invoke/MethodHandleStatics VAR_HANDLE_IDENTITY_ADAPT Z 0
staticfield java/lang/invoke/MethodHandleStatics VAR_HANDLE_SEGMENT_FORCE_EXACT Z 0
staticfield java/lang/invoke/MethodHandleStatics DUMP_CLASS_FILES Ljdk/internal/util/ClassFileDumper; jdk/internal/util/ClassFileDumper
instanceKlass java/lang/invoke/DelegatingMethodHandle
instanceKlass java/lang/invoke/BoundMethodHandle
instanceKlass java/lang/invoke/DirectMethodHandle
ciInstanceKlass java/lang/invoke/MethodHandle 1 1 734 100 1 9 7 12 1 1 1 10 7 12 1 1 1 10 7 12 1 1 1 7 1 7 1 10 12 1 1 9 12 1 1 10 12 1 10 12 1 1 10 12 1 1 10 100 12 1 1 1 10 12 1 1 10 12 1 1 11 100 12 1 1 1 10 12 1 1 10 12 1 10 12 1 9 12 1 1 9 12 1 1 10 100 12 1 1 1 10 12 1 10 12 1 1 10 12 1 10 12 1 100 1 100 1 10 8 1 10 12 1 1 10 12 1 8 1 10 12 1 1 10 12 1 10 7 12 1 1 1 10 12 1 1 10 12 1 1 10 12 1 1 10 7 12 1 1 1 10 12 1 1 10 12 1 1 10 12 1 10 12 1 1 10 100 12 1 1 10 7 12 1 1 10 12 1 10 12 1 10 12 1 1 10 12 1 1 10 12 1 1 10 12 1 1 10 7 12 1 1 1 10 7 12 1 1 1 10 12 1 1 10 12 1 1 10 12 1 1 8 1 10 7 12 1 1 1 8 1 10 12 1 10 12 1 1 10 12 1 1 10 12 1 8 1 10 12 1 1 8 1 10 12 1 8 1 10 100 12 1 1 1 9 12 1 1 100 1 10 9 100 12 1 1 1 9 100 1 8 1 10 12 1 1 10 12 1 10 12 1 1 10 12 1 10 12 1 1 10 12 1 10 12 1 1 10 12 1 10 12 1 1 10 12 1 1 8 1 10 12 1 1 8 1 10 12 1 10 12 1 1 10 12 1 10 12 1 10 12 1 1 9 100 12 1 1 1 10 12 1 1 11 12 1 10 12 1 10 12 1 1 10 100 12 1 1 100 1 11 12 1 10 100 1 11 12 1 100 1 10 12 1 11 12 1 9 100 12 1 1 1 11 12 1 1 11 100 12 1 1 1 10 12 1 1 9 12 1 11 12 1 9 12 1 9 12 1 9 12 1 11 12 1 1 9 12 1 9 12 1 9 12 1 9 12 1 9 12 1 9 12 1 9 12 1 8 1 10 12 1 10 12 1 8 1 10 12 1 10 12 1 10 12 1 1 10 10 10 7 12 1 1 10 12 1 1 100 1 100 1 8 1 8 1 10 10 12 1 1 10 12 1 10 12 1 100 1 10 100 12 1 1 1 10 9 7 12 1 1 1 10 12 1 1 10 12 1 1 8 1 8 1 10 100 12 1 1 9 12 1 9 12 1 1 9 12 1 1 10 12 1 7 1 10 12 1 10 12 1 1 9 12 1 1 9 12 1 1 10 7 12 1 1 1 11 7 12 1 1 9 12 1 10 12 1 1 9 12 1 10 12 1 8 10 12 1 1 8 1 1 1 1 1 1 1 1 100 1 1 1 1 1 1 1 1 1 1 1 1 1 1 1 1 1 1 1 1 1 1 1 1 1 1 1 1 1 1 1 1 100 1 1 1 1 1 1 1 1 1 1 1 1 1 1 1 1 1 1 1 1 1 1 1 1 1 1 1 1 1 1 1 1 1 1 1 1 1 1 1 1 1 1 1 1 1 1 1 1 1 1 1 1 1 1 1 1 1 1 1 1 1 1 1 1 1 1 1 1 1 1 1 1 1 1 1 1 1 1 1 1 1 1 1 1 1 1 100 1 1 100 1 100 1 100 1 1 100 1 1 100 1 1 1 1
staticfield java/lang/invoke/MethodHandle FORM_OFFSET J 20
staticfield java/lang/invoke/MethodHandle UPDATE_OFFSET J 13
staticfield java/lang/invoke/MethodHandle $assertionsDisabled Z 1
ciInstanceKlass java/lang/invoke/MethodType 1 1 724 7 1 10 7 12 1 1 1 9 12 1 1 9 12 1 1 9 12 1 1 10 7 12 1 1 1 9 7 12 1 1 8 1 10 100 12 1 1 1 9 7 1 9 7 1 10 12 1 1 100 1 10 8 1 10 12 1 1 10 12 1 10 12 1 1 100 1 8 1 10 12 1 100 1 10 10 12 1 10 12 1 1 10 12 1 1 11 7 12 1 1 1 9 12 1 11 12 1 1 7 10 12 1 1 10 12 1 1 7 1 7 1 10 7 12 1 1 1 10 12 1 10 12 1 9 12 1 1 10 7 12 1 1 10 12 1 1 10 7 12 1 1 1 10 7 12 1 1 1 10 12 1 9 12 1 1 10 12 1 1 10 12 1 1 10 12 1 1 10 12 1 1 10 12 1 1 10 12 1 10 12 1 10 12 1 1 10 12 1 8 1 8 1 10 12 1 1 9 12 1 1 100 1 10 10 12 1 1 10 12 1 10 12 1 1 10 12 1 1 10 12 1 10 12 1 10 12 1 8 1 10 12 1 1 10 100 12 1 1 1 10 12 1 10 12 1 1 10 12 1 10 12 1 10 12 1 1 10 12 1 10 12 1 9 12 1 10 12 1 10 10 12 1 1 10 12 1 9 12 1 1 10 12 1 1 11 12 1 1 10 12 1 1 10 12 1 10 12 1 100 1 8 1 8 1 8 1 10 12 1 10 12 1 10 12 1 1 10 10 12 1 11 12 1 1 11 12 1 10 100 12 1 1 1 9 12 1 10 12 1 10 12 1 1 10 12 1 1 10 12 1 10 12 1 10 100 12 1 1 1 10 12 1 1 10 12 1 10 12 1 10 12 1 10 9 12 1 1 7 1 10 12 1 10 100 12 1 1 1 10 12 1 1 10 100 12 1 1 1 10 12 1 1 8 1 10 7 12 1 1 1 11 12 1 1 9 12 1 1 10 12 1 1 10 12 1 10 12 1 1 10 12 1 1 10 100 12 1 1 10 12 1 10 12 100 1 11 100 12 1 1 10 12 1 11 12 1 10 100 12 1 1 10 12 1 1 10 12 1 1 9 12 1 1 9 100 12 1 1 1 10 100 12 1 1 1 9 12 1 10 100 12 1 1 10 12 1 100 10 12 1 10 12 1 1 10 12 1 7 1 10 10 12 1 1 7 1 7 1 9 12 1 1 100 1 100 1 100 1 1 1 5 0 1 1 1 1 1 1 1 3 1 3 1 3 1 1 1 1 1 1 1 1 1 1 1 1 1 1 1 1 1 1 1 1 1 1 1 1 1 1 1 1 1 1 1 1 1 1 1 1 1 1 1 1 1 1 1 1 1 1 1 1 1 1 1 1 1 1 1 1 1 1 1 1 1 1 1 1 1 1 1 1 1 1 1 1 1 1 1 1 1 1 1 1 1 1 1 1 1 1 1 1 1 1 1 1 1 1 1 1 1 1 1 1 1 1 1 1 1 1 1 1 1 1 1 1 1 1 1 1 1 1 1 1 1 1 1 1 1 1 1 1 100 1 100 1 1 1 1 1 1 1 1 1 1 1 1 1 100 1 1 1 1 100 1 1 1 100 1 1 1 1 1 1 1 1 1 1 1 1 1 1 1 1 1 1 100 1 1 100 1 1
staticfield java/lang/invoke/MethodType internTable Ljdk/internal/util/ReferencedKeySet; jdk/internal/util/ReferencedKeySet
staticfield java/lang/invoke/MethodType NO_PTYPES [Ljava/lang/Class; 0 [Ljava/lang/Class;
staticfield java/lang/invoke/MethodType objectOnlyTypes [Ljava/lang/invoke/MethodType; 20 [Ljava/lang/invoke/MethodType;
staticfield java/lang/invoke/MethodType METHOD_HANDLE_ARRAY [Ljava/lang/Class; 1 [Ljava/lang/Class;
staticfield java/lang/invoke/MethodType serialPersistentFields [Ljava/io/ObjectStreamField; 0 [Ljava/io/ObjectStreamField;
staticfield java/lang/invoke/MethodType $assertionsDisabled Z 1
ciMethod java/lang/invoke/MethodType equals (Ljava/lang/Object;)Z 518 0 3781 0 -1
ciMethod java/lang/invoke/MethodType hashCode ()I 784 1216 5543 0 360
ciInstanceKlass java/lang/invoke/TypeDescriptor$OfMethod 1 0 43 100 1 100 1 100 1 1 1 1 1 1 1 1 1 1 1 1 1 1 1 1 1 1 1 1 1 1 1 1 1 1 1 1 1 1 1 1 1 1 100 1 1
instanceKlass org/slf4j/event/Level
instanceKlass com/fasterxml/jackson/annotation/PropertyAccessor
instanceKlass com/fasterxml/jackson/core/json/JsonWriteFeature
instanceKlass com/oracle/dbtools/utils/core/cli/Shell$ExitStatus
instanceKlass reactor/core/publisher/Sinks$EmitResult
instanceKlass io/modelcontextprotocol/spec/McpSchema$LoggingLevel
instanceKlass com/networknt/schema/path/PathType
instanceKlass com/networknt/schema/SpecificationVersionRange
instanceKlass com/networknt/schema/keyword/KeywordType
instanceKlass com/networknt/schema/SpecificationVersion
instanceKlass com/fasterxml/jackson/databind/util/AccessPattern
instanceKlass com/fasterxml/jackson/annotation/JsonFormat$Feature
instanceKlass com/fasterxml/jackson/databind/cfg/ConstructorDetector$SingleArgConstructor
instanceKlass com/fasterxml/jackson/annotation/JsonCreator$Mode
instanceKlass com/fasterxml/jackson/databind/AnnotationIntrospector$ReferenceProperty$Type
instanceKlass com/fasterxml/jackson/annotation/OptBoolean
instanceKlass com/fasterxml/jackson/annotation/JsonProperty$Access
instanceKlass java/lang/annotation/ElementType
instanceKlass java/lang/reflect/ProxyGenerator$PrimitiveTypeInfo
instanceKlass java/lang/annotation/RetentionPolicy
instanceKlass com/fasterxml/jackson/core/StreamWriteCapability
instanceKlass com/fasterxml/jackson/databind/node/JsonNodeType
instanceKlass com/fasterxml/jackson/core/JsonToken
instanceKlass com/fasterxml/jackson/core/StreamReadCapability
instanceKlass com/fasterxml/jackson/core/JsonEncoding
instanceKlass oracle/dbtools/extension/mcp/schemas/Schemas$SchemaName
instanceKlass com/fasterxml/jackson/core/JsonParser$NumberType
instanceKlass com/fasterxml/jackson/databind/DeserializationFeature
instanceKlass com/fasterxml/jackson/databind/cfg/JsonNodeFeature
instanceKlass com/fasterxml/jackson/databind/cfg/EnumFeature
instanceKlass com/fasterxml/jackson/databind/SerializationFeature
instanceKlass com/fasterxml/jackson/core/util/Separators$Spacing
instanceKlass com/fasterxml/jackson/databind/MapperFeature
instanceKlass com/fasterxml/jackson/annotation/JsonFormat$Shape
instanceKlass com/fasterxml/jackson/databind/cfg/CoercionInputShape
instanceKlass com/fasterxml/jackson/databind/cfg/CoercionAction
instanceKlass com/fasterxml/jackson/databind/type/LogicalType
instanceKlass com/fasterxml/jackson/annotation/JsonAutoDetect$Visibility
instanceKlass com/fasterxml/jackson/annotation/Nulls
instanceKlass com/fasterxml/jackson/annotation/JsonInclude$Include
instanceKlass com/fasterxml/jackson/core/JsonGenerator$Feature
instanceKlass com/fasterxml/jackson/core/JsonParser$Feature
instanceKlass com/fasterxml/jackson/core/JsonFactory$Feature
instanceKlass com/fasterxml/jackson/core/Base64Variant$PaddingReadBehaviour
instanceKlass java/math/RoundingMode
instanceKlass com/fasterxml/jackson/databind/util/internal/PrivateMaxEntriesMap$DrainStatus
instanceKlass org/slf4j/helpers/Reporter$Level
instanceKlass org/slf4j/helpers/Reporter$TargetChoice
instanceKlass oracle/dbtools/raptor/newscriptrunner/commands/DDLCommand$TypeId
instanceKlass oracle/dbtools/raptor/newscriptrunner/SQLCommand$StmtSubType
instanceKlass sun/util/locale/provider/LocaleProviderAdapter$Type
instanceKlass java/time/Month
instanceKlass oracle/dbtools/raptor/newscriptrunner/ScriptRunnerContext$SqlplusVariable
instanceKlass oracle/dbtools/raptor/scriptrunner/commands/CloudConfigNamespace$CloudConfigId
instanceKlass oracle/dbtools/raptor/newscriptrunner/settings/namespaces/feedback/FeedbackNamespace$FeedbackId
instanceKlass oracle/dbtools/raptor/newscriptrunner/settings/namespaces/ddl/DdlNamespace$SET_COLLATION_OPTIONS
instanceKlass oracle/dbtools/raptor/newscriptrunner/settings/namespaces/ddl/DdlNamespace$SET_DDL_PARAMS
instanceKlass oracle/dbtools/raptor/newscriptrunner/settings/namespaces/global/GlobalOptions$GlobalId
instanceKlass oracle/dbtools/raptor/newscriptrunner/settings/capabilities/EventsHandler$EventType
instanceKlass oracle/dbtools/net/commands/cloudstorage/CloudStorageSettingsNamespace$SettingId
instanceKlass oracle/dbtools/raptor/newscriptrunner/restricted/Restricted$Level
instanceKlass oracle/dbtools/extension/mdb/command/MDBSymbols
instanceKlass oracle/dbtools/raptor/newscriptrunner/commands/connect/ConnectPluginCategory
instanceKlass oracle/dbtools/raptor/newscriptrunner/commands/connector/Krb5ConfigProperty
instanceKlass oracle/dbtools/raptor/newscriptrunner/commands/connector/Krb5CCNameProperty
instanceKlass oracle/dbtools/raptor/newscriptrunner/commands/connector/SocksProxyProperty
instanceKlass oracle/dbtools/raptor/newscriptrunner/commands/connector/NamedConnectionProperty
instanceKlass oracle/dbtools/raptor/newscriptrunner/commands/connector/CloudConfigProperty
instanceKlass oracle/dbtools/raptor/newscriptrunner/commands/connector/EditionProperty
instanceKlass oracle/dbtools/raptor/newscriptrunner/commands/connector/RoleProperty
instanceKlass oracle/dbtools/raptor/newscriptrunner/commands/connector/URLProperty
instanceKlass oracle/dbtools/raptor/newscriptrunner/commands/connector/PasswordProperty
instanceKlass oracle/dbtools/raptor/newscriptrunner/commands/connector/UserProperty
instanceKlass oracle/dbtools/raptor/newscriptrunner/commands/connector/SavePasswordFlag
instanceKlass oracle/dbtools/raptor/newscriptrunner/commands/connector/NameProperty
instanceKlass oracle/dbtools/raptor/newscriptrunner/commands/connector/ReplaceFlag
instanceKlass oracle/dbtools/raptor/newscriptrunner/commands/connector/ProxyProperty
instanceKlass oracle/dbtools/raptor/newscriptrunner/commands/connector/RestProperty
instanceKlass oracle/dbtools/raptor/newscriptrunner/util/container/ProviderFactory$Role
instanceKlass oracle/dbtools/raptor/newscriptrunner/restricted/RunnerRestrictedLevel$Level
instanceKlass java/security/DrbgParameters$Capability
instanceKlass com/oracle/dbtools/utils/core/pki/SigningMaterial$SigningMaterialValueType
instanceKlass com/oracle/dbtools/utils/core/cli/CommandLineInterface$ArgumentMode
instanceKlass com/oracle/dbtools/utils/core/cli/CommandLineInterface$Arity
instanceKlass com/oracle/dbtools/utils/core/cli/CommandLineInterface$StandardValueType
instanceKlass jdk/internal/util/OperatingSystem
instanceKlass java/time/format/TextStyle
instanceKlass java/time/format/DateTimeFormatterBuilder$SettingsParser
instanceKlass java/util/Locale$Category
instanceKlass java/time/format/ResolverStyle
instanceKlass java/time/format/SignStyle
instanceKlass java/time/temporal/JulianFields$Field
instanceKlass java/time/temporal/IsoFields$Unit
instanceKlass java/time/temporal/IsoFields$Field
instanceKlass java/lang/invoke/MethodHandleImpl$ArrayAccess
instanceKlass jdk/internal/icu/util/CodePointTrie$ValueWidth
instanceKlass jdk/internal/icu/util/CodePointTrie$Type
instanceKlass java/text/Normalizer$Form
instanceKlass java/time/temporal/ChronoUnit
instanceKlass java/time/temporal/ChronoField
instanceKlass sun/security/util/DisabledAlgorithmConstraints$Constraint$Operator
instanceKlass sun/util/logging/PlatformLogger$Level
instanceKlass jdk/internal/logger/BootstrapLogger$LoggingBackend
instanceKlass java/lang/System$Logger$Level
instanceKlass java/lang/invoke/MethodHandles$Lookup$ClassOption
instanceKlass java/lang/classfile/ClassFile$StackMapsOption
instanceKlass java/lang/classfile/attribute/StackMapFrameInfo$SimpleVerificationTypeInfo
instanceKlass sun/security/rsa/RSAUtil$KeyType
instanceKlass sun/security/util/KnownOIDs
instanceKlass java/security/Security$SecPropLoader$LoadingMode
instanceKlass java/util/regex/Pattern$Qtype
instanceKlass java/util/Comparators$NaturalOrderComparator
instanceKlass java/nio/file/FileTreeWalker$EventType
instanceKlass java/nio/file/FileVisitOption
instanceKlass jdk/internal/vm/Continuation$Pinned
instanceKlass java/util/concurrent/TimeUnit
instanceKlass java/nio/file/AccessMode
instanceKlass java/io/File$PathStatus
instanceKlass java/nio/file/LinkOption
instanceKlass java/util/stream/MatchOps$MatchKind
instanceKlass java/util/stream/Collector$Characteristics
instanceKlass java/util/stream/StreamShape
instanceKlass java/lang/classfile/Opcode$Kind
instanceKlass java/lang/classfile/Opcode
instanceKlass java/lang/invoke/VarHandle$AccessType
instanceKlass java/lang/invoke/VarHandle$AccessMode
instanceKlass java/lang/invoke/MethodHandleImpl$Intrinsic
instanceKlass java/lang/classfile/AttributeMapper$AttributeStability
instanceKlass jdk/internal/classfile/impl/AbstractPoolEntry$Utf8EntryImpl$State
instanceKlass java/lang/classfile/TypeKind
instanceKlass java/lang/invoke/LambdaForm$BasicType
instanceKlass java/lang/invoke/LambdaForm$Kind
instanceKlass java/lang/constant/DirectMethodHandleDesc$Kind
instanceKlass sun/invoke/util/Wrapper
instanceKlass java/util/stream/StreamOpFlag$Type
instanceKlass java/util/stream/StreamOpFlag
instanceKlass java/lang/reflect/AccessFlag$Location
instanceKlass java/lang/reflect/AccessFlag
instanceKlass java/lang/module/ModuleDescriptor$Modifier
instanceKlass sun/nio/fs/WindowsPathType
instanceKlass java/nio/file/StandardOpenOption
instanceKlass jdk/internal/module/ModuleBootstrap$IllegalNativeAccess
instanceKlass java/lang/reflect/ClassFileFormatVersion
instanceKlass java/lang/Thread$State
instanceKlass java/lang/module/ModuleDescriptor$Requires$Modifier
ciInstanceKlass java/lang/Enum 1 1 204 9 7 12 1 1 1 9 12 1 1 10 7 12 1 1 1 9 12 1 10 7 12 1 1 1 100 1 10 10 12 1 1 10 12 1 100 1 10 10 7 12 1 1 10 12 1 1 18 12 1 1 10 100 12 1 1 1 10 12 1 1 11 7 12 1 1 1 100 1 8 1 10 12 1 100 1 100 1 10 8 1 10 12 1 1 10 12 1 1 8 1 10 12 1 10 100 1 8 1 10 10 12 1 1 10 100 12 1 1 1 100 1 100 1 100 1 1 1 1 1 1 1 1 1 1 1 1 1 1 1 1 1 1 1 1 1 1 1 1 1 1 1 1 1 1 1 1 1 1 1 1 1 1 1 1 1 1 1 1 1 1 1 3 1 1 1 1 100 1 100 1 1 100 1 1 1 1 1 1 1 1 1 1 1 16 15 10 12 16 15 10 100 12 1 1 1 1 1 100 1 100 1 1
ciInstanceKlass sun/invoke/util/Wrapper 1 1 622 100 1 7 1 9 12 1 1 9 12 1 9 12 1 9 12 1 9 12 1 9 12 1 9 12 1 9 12 1 9 12 1 9 12 1 9 12 1 1 10 7 12 1 1 10 7 12 1 1 1 10 12 1 1 9 12 1 1 9 12 1 9 12 1 1 10 7 12 1 1 9 12 1 1 9 12 1 1 9 12 1 1 9 12 1 9 12 1 9 12 1 9 12 1 9 12 1 1 9 12 1 100 1 10 12 1 10 12 1 1 7 1 10 7 12 1 1 10 12 1 8 1 10 7 12 1 1 1 10 12 1 1 10 100 12 1 1 1 10 12 1 7 1 10 12 1 1 10 12 1 10 12 1 10 12 1 1 10 12 1 9 12 1 1 10 12 1 10 12 1 100 1 10 10 12 1 1 10 12 1 1 10 12 1 1 9 7 12 1 1 1 10 12 1 10 7 12 1 1 10 7 12 1 1 10 7 12 1 1 9 12 1 9 12 1 10 12 1 1 9 12 1 9 9 9 9 9 9 7 1 9 7 1 9 7 1 8 1 10 12 1 1 10 12 1 1 10 12 1 1 100 1 10 8 1 9 12 1 10 12 1 1 8 1 10 12 1 10 7 12 1 1 10 12 1 1 10 12 1 1 100 1 8 1 10 12 1 10 12 1 10 12 1 10 12 1 10 12 1 10 12 1 1 10 12 1 10 12 1 10 12 1 1 10 12 1 1 10 12 1 10 12 1 10 12 1 1 10 100 12 1 1 10 12 1 1 10 12 1 1 10 12 1 10 12 1 1 10 12 1 10 12 1 1 10 12 1 1 10 12 1 8 1 10 10 12 1 10 12 1 100 1 10 10 100 12 1 1 1 10 12 1 10 12 1 1 10 12 1 1 10 12 1 8 8 1 8 1 10 12 1 1 9 7 12 1 1 9 12 1 10 12 1 8 8 1 8 1 10 12 1 9 12 1 9 12 1 8 8 1 8 1 9 12 1 9 12 1 8 8 1 8 1 9 12 1 9 12 1 8 8 1 8 1 9 12 1 9 12 1 8 8 1 8 1 9 12 1 9 12 1 8 8 1 8 1 10 12 1 9 12 1 9 12 1 8 8 1 8 1 9 12 1 9 12 1 8 8 1 10 12 1 9 12 1 8 8 1 8 1 9 12 1 9 12 1 10 12 1 10 12 1 1 1 3 1 1 1 1 1 1 1 1 1 1 1 1 1 1 1 1 1 1 1 1 1 1 1 1 1 1 1 1 1 1 1 1 1 1 1 1 1 1 1 1 1 1 1 1 1 1 1 1 1 1 1 1 1 1 1 1 1 1 1 1 1 1 1 1 1 1 1 1 1 1 1 1 1 1 1 1 1 1 1 1 1 1 1 1 1 1 1 1 1 1 1 1 1 1 1 1
staticfield sun/invoke/util/Wrapper BOOLEAN Lsun/invoke/util/Wrapper; sun/invoke/util/Wrapper
staticfield sun/invoke/util/Wrapper BYTE Lsun/invoke/util/Wrapper; sun/invoke/util/Wrapper
staticfield sun/invoke/util/Wrapper SHORT Lsun/invoke/util/Wrapper; sun/invoke/util/Wrapper
staticfield sun/invoke/util/Wrapper CHAR Lsun/invoke/util/Wrapper; sun/invoke/util/Wrapper
staticfield sun/invoke/util/Wrapper INT Lsun/invoke/util/Wrapper; sun/invoke/util/Wrapper
staticfield sun/invoke/util/Wrapper LONG Lsun/invoke/util/Wrapper; sun/invoke/util/Wrapper
staticfield sun/invoke/util/Wrapper FLOAT Lsun/invoke/util/Wrapper; sun/invoke/util/Wrapper
staticfield sun/invoke/util/Wrapper DOUBLE Lsun/invoke/util/Wrapper; sun/invoke/util/Wrapper
staticfield sun/invoke/util/Wrapper OBJECT Lsun/invoke/util/Wrapper; sun/invoke/util/Wrapper
staticfield sun/invoke/util/Wrapper VOID Lsun/invoke/util/Wrapper; sun/invoke/util/Wrapper
staticfield sun/invoke/util/Wrapper DOUBLE_ZERO Ljava/lang/Object; java/lang/Double
staticfield sun/invoke/util/Wrapper FLOAT_ZERO Ljava/lang/Object; java/lang/Float
staticfield sun/invoke/util/Wrapper FROM_CHAR [Lsun/invoke/util/Wrapper; 16 [Lsun/invoke/util/Wrapper;
staticfield sun/invoke/util/Wrapper $VALUES [Lsun/invoke/util/Wrapper; 10 [Lsun/invoke/util/Wrapper;
staticfield sun/invoke/util/Wrapper $assertionsDisabled Z 1
ciInstanceKlass java/lang/invoke/LambdaForm 1 1 1030 7 1 100 1 10 7 12 1 1 1 9 12 1 1 9 12 1 9 12 1 9 12 1 1 9 12 1 1 9 12 1 1 9 12 1 1 9 12 1 1 9 12 1 10 7 12 1 1 9 12 1 10 12 1 1 100 1 10 10 12 1 1 10 12 1 10 12 1 10 12 1 1 10 12 1 9 12 1 9 12 1 10 12 1 1 9 7 12 1 1 1 9 7 12 1 1 9 12 1 1 10 12 1 9 12 1 10 100 12 1 1 1 10 12 1 1 100 1 10 12 1 1 9 7 12 1 1 1 10 100 12 1 1 1 10 12 1 10 12 1 1 7 1 10 12 1 10 12 1 10 12 1 1 10 12 1 1 10 12 1 10 12 1 10 12 1 10 12 1 10 12 1 1 8 1 10 12 1 10 12 1 10 10 12 1 8 1 8 1 9 12 1 9 12 1 1 10 12 1 1 9 12 1 1 10 7 12 1 1 1 10 12 1 1 10 12 1 10 12 1 1 10 12 1 7 1 10 12 1 10 100 12 1 1 1 9 12 1 10 12 1 8 1 8 1 8 1 8 1 8 1 8 1 8 1 8 1 10 12 1 9 12 1 7 1 10 12 1 1 9 12 1 1 10 12 1 1 10 12 1 1 10 12 10 12 1 10 12 1 1 10 12 1 1 10 12 1 1 10 10 12 1 1 10 12 1 1 7 1 8 1 10 12 1 1 10 12 1 10 12 1 1 10 8 1 10 12 1 1 8 1 8 1 8 1 10 12 1 10 12 1 10 12 1 1 10 100 12 1 1 1 10 7 12 1 1 1 10 12 1 1 9 12 1 1 8 1 10 100 12 1 1 1 10 7 12 1 1 10 12 1 10 12 1 1 10 12 1 1 9 12 1 8 10 12 1 1 100 1 10 12 1 1 10 12 1 9 7 12 1 1 9 100 12 1 1 1 8 1 10 100 12 1 1 10 12 1 1 100 1 100 1 10 10 12 1 1 10 12 1 1 8 1 8 1 100 1 8 1 10 12 10 12 1 10 12 1 10 12 1 10 12 1 1 9 100 12 1 1 10 12 1 8 1 8 1 10 12 1 10 12 1 1 8 1 8 1 8 1 100 1 8 1 100 1 8 1 100 1 8 1 10 12 1 8 1 9 10 100 12 1 1 1 10 12 1 9 12 1 1 10 12 1 10 10 12 1 10 12 1 10 12 1 10 12 1 1 10 12 1 10 12 1 1 10 12 1 1 10 12 1 1 10 12 1 1 8 1 100 10 12 1 10 12 1 9 12 1 1 10 7 12 1 1 8 1 8 1 100 1 8 1 8 1 8 1 8 1 8 1 8 1 8 1 8 1 10 12 1 1 10 12 1 1 10 12 1 10 12 1 10 12 1 10 12 1 8 1 8 1 8 1 10 12 1 8 1 10 12 1 8 1 8 1 8 1 8 1 8 1 10 12 1 10 12 1 10 12 1 1 10 7 12 1 1 1 10 12 1 10 12 1 10 12 1 10 12 1 10 12 1 9 12 1 1 8 1 10 12 1 1 9 12 1 9 12 1 1 10 12 1 1 9 12 1 1 9 12 1 10 12 1 1 9 12 1 1 7 1 10 7 12 1 1 1 9 7 12 1 1 1 10 7 12 1 1 1 10 12 1 1 10 12 1 1 10 12 1 9 12 1 10 12 1 9 12 1 10 12 1 10 12 1 8 1 10 12 1 9 12 1 1 7 1 10 7 12 1 1 1 100 1 10 12 1 9 12 1 10 12 1 10 12 1 10 12 1 1 10 12 1 9 7 12 1 1 10 12 1 1 10 12 1 10 12 1 9 12 1 9 9 12 1 7 9 12 1 1 10 12 1 1 9 12 1 10 12 1 10 7 1 9 1 1 1 1 3 1 3 1 1 3 1 3 1 1 1 1 1 1 1 1 1 1 1 1 1 1 1 1 1 1 1 1 1 1 1 1 1 1 1 1 1 1 1 1 1 1 1 1 1 1 1 1 1 1 1 1 1 100 1 1 1 1 1 1 1 1 1 1 1 1 1 1 1 1 1 1 1 1 1 1 1 1 1 1 1 1 1 1 1 1 1 1 1 1 1 1 1 1 1 1 1 1 1 1 1 1 1 1 1 1 1 1 1 1 1 1 1 1 1 1 1 1 1 1 1 100 1 1 1 1 1 1 1 1 1 1 1 1 1 1 1 1 1 1 1 1 1 1 1 1 1 1 1 1 1 1 1 1 1 1 1 1 100 1 1 1 1 1 1 1 1 1 1 1 1 1 1 100 1 1 1 100 1 1 100 1 1 1 1 1 1 1 1 1 1 1 1
staticfield java/lang/invoke/LambdaForm DEFAULT_CUSTOMIZED Ljava/lang/invoke/MethodHandle; 
staticfield java/lang/invoke/LambdaForm DEFAULT_KIND Ljava/lang/invoke/LambdaForm$Kind; java/lang/invoke/LambdaForm$Kind
staticfield java/lang/invoke/LambdaForm COMPILE_THRESHOLD I 0
staticfield java/lang/invoke/LambdaForm INTERNED_ARGUMENTS [[Ljava/lang/invoke/LambdaForm$Name; 5 [[Ljava/lang/invoke/LambdaForm$Name;
staticfield java/lang/invoke/LambdaForm IMPL_NAMES Ljava/lang/invoke/MemberName$Factory; java/lang/invoke/MemberName$Factory
staticfield java/lang/invoke/LambdaForm LF_identity [Ljava/lang/invoke/LambdaForm; 6 [Ljava/lang/invoke/LambdaForm;
staticfield java/lang/invoke/LambdaForm NF_identity [Ljava/lang/invoke/LambdaForm$NamedFunction; 6 [Ljava/lang/invoke/LambdaForm$NamedFunction;
staticfield java/lang/invoke/LambdaForm LF_constant [Ljava/lang/invoke/LambdaForm; 5 [Ljava/lang/invoke/LambdaForm;
staticfield java/lang/invoke/LambdaForm createIdentityFormLock Ljava/lang/Object; java/lang/Object
staticfield java/lang/invoke/LambdaForm DEBUG_NAME_COUNTERS Ljava/util/HashMap; 
staticfield java/lang/invoke/LambdaForm DEBUG_NAMES Ljava/util/HashMap; 
staticfield java/lang/invoke/LambdaForm TRACE_INTERPRETER Z 0
staticfield java/lang/invoke/LambdaForm $assertionsDisabled Z 1
instanceKlass jdk/internal/reflect/DirectMethodHandleAccessor
ciInstanceKlass jdk/internal/reflect/MethodAccessorImpl 1 1 38 10 7 12 1 1 1 10 100 12 1 1 1 100 1 1 1 1 1 1 1 100 1 100 1 1 1 1 1 1 1 1 1 1 1 1 1 1
ciInstanceKlass jdk/internal/reflect/MethodAccessor 1 0 17 100 1 100 1 1 1 1 100 1 100 1 1 1 1 1 1
ciInstanceKlass java/util/Objects 1 1 184 10 7 12 1 1 1 100 1 8 1 10 12 1 10 12 1 1 10 7 12 1 1 1 10 12 1 1 10 12 1 10 100 12 1 1 1 10 12 1 1 10 7 12 1 1 1 7 1 10 10 12 1 1 10 7 12 1 1 10 12 1 1 8 1 10 7 12 1 1 1 10 7 12 1 1 1 10 11 100 12 1 1 1 100 1 10 10 12 1 8 1 10 12 1 8 1 100 1 11 12 1 1 8 1 10 7 12 1 1 1 10 12 1 1 10 12 1 10 12 1 10 12 1 10 12 1 1 1 1 1 1 1 1 1 1 1 1 1 1 1 1 1 1 1 1 1 1 1 1 1 1 1 1 1 1 1 1 1 1 1 1 1 1 1 1 1 1 1 1 1 1 1 1 1 1 1 1 1 1 1 1 1 1
ciInstanceKlass jdk/internal/reflect/CallerSensitive 0 0 17 100 1 100 1 100 1 1 1 1 1 1 1 1 1 1 1
ciInstanceKlass jdk/internal/reflect/DirectConstructorHandleAccessor$NativeAccessor 1 1 44 10 7 12 1 1 1 9 7 12 1 1 1 10 12 1 1 1 1 1 1 1 1 1 1 1 1 1 1 1 1 1 100 1 100 1 1 1 1 1 100 1 1 1
ciInstanceKlass jdk/internal/reflect/ConstructorAccessor 1 0 16 100 1 100 1 1 1 1 100 1 100 1 100 1 1 1
instanceKlass jdk/internal/reflect/DirectConstructorHandleAccessor
instanceKlass jdk/internal/reflect/DirectConstructorHandleAccessor$NativeAccessor
ciInstanceKlass jdk/internal/reflect/ConstructorAccessorImpl 1 1 27 10 7 12 1 1 1 100 1 100 1 1 1 1 1 1 1 1 1 100 1 100 1 100 1 1 1
ciInstanceKlass jdk/internal/reflect/ConstantPool 1 1 142 10 100 12 1 1 1 9 7 12 1 1 1 10 12 1 1 10 12 1 1 10 12 1 10 12 1 1 10 12 1 1 10 12 1 10 12 1 1 10 12 1 10 12 1 1 10 12 1 10 12 1 10 12 1 10 12 1 1 10 12 1 1 10 12 1 1 10 12 1 1 10 12 1 10 12 1 1 10 100 12 1 1 1 8 11 7 12 1 1 1 10 7 12 1 1 1 1 1 1 1 1 1 1 1 1 1 1 1 1 1 1 1 1 1 1 1 1 1 1 1 1 1 1 1 1 1 1 1 1 1 1 1 1 1 1 1 1 1 1 1 1
instanceKlass java/lang/invoke/VolatileCallSite
instanceKlass java/lang/invoke/MutableCallSite
instanceKlass java/lang/invoke/ConstantCallSite
ciInstanceKlass java/lang/invoke/CallSite 1 1 297 10 7 12 1 1 1 10 7 12 1 1 1 9 12 1 1 10 7 12 1 1 1 10 12 1 100 1 10 12 1 1 10 12 1 1 9 100 12 1 1 1 10 100 12 1 1 10 12 1 1 100 1 100 1 10 10 100 12 1 1 1 10 12 1 1 8 1 10 12 1 10 12 1 1 10 12 1 10 12 1 1 10 12 1 1 10 10 100 12 1 1 10 12 1 1 9 12 1 9 100 12 1 1 1 8 1 10 7 12 1 1 1 10 12 1 1 100 1 10 12 1 1 9 12 1 8 1 100 1 10 12 1 10 12 1 100 1 8 1 10 10 12 1 10 12 1 1 100 1 10 12 1 1 10 12 1 10 12 1 10 12 1 1 10 12 1 1 9 12 1 1 8 10 12 1 1 9 12 1 1 100 1 10 10 12 1 10 100 12 1 1 1 10 12 1 1 10 12 1 1 10 12 1 10 7 12 1 1 1 100 1 8 1 10 10 12 10 12 1 1 100 1 100 1 100 1 8 1 10 12 1 10 7 12 1 1 1 1 1 1 1 1 1 1 1 1 1 1 1 1 1 1 1 1 1 1 1 1 1 1 1 1 1 1 1 1 1 1 1 1 1 1 1 1 1 1 1 1 1 1 1 1 1 1 1 1 1 1 1 1 100 1 100 1 1 1
staticfield java/lang/invoke/CallSite $assertionsDisabled Z 1
ciInstanceKlass java/lang/invoke/ConstantCallSite 1 1 65 10 7 12 1 1 1 9 7 12 1 1 1 9 12 1 1 10 7 12 1 1 1 10 12 1 100 1 10 12 9 12 1 1 100 1 10 10 12 1 1 10 12 1 1 1 1 1 1 1 1 1 1 1 1 1 100 1 1 1 1 1 1 1 1
staticfield java/lang/invoke/ConstantCallSite UNSAFE Ljdk/internal/misc/Unsafe; jdk/internal/misc/Unsafe
instanceKlass java/lang/invoke/DirectMethodHandle$Special
instanceKlass java/lang/invoke/DirectMethodHandle$Interface
instanceKlass java/lang/invoke/DirectMethodHandle$Constructor
instanceKlass java/lang/invoke/DirectMethodHandle$Accessor
ciInstanceKlass java/lang/invoke/DirectMethodHandle 1 1 929 7 1 100 1 7 1 7 1 10 7 12 1 1 1 10 7 12 1 1 1 100 1 10 12 1 10 12 1 1 10 7 12 1 1 10 12 1 1 10 12 1 10 12 1 7 1 10 12 1 1 10 12 1 1 10 12 1 10 12 1 1 10 7 12 1 1 1 10 12 1 9 7 12 1 1 1 100 1 10 9 12 1 1 9 12 1 10 12 1 10 12 1 10 12 1 1 10 12 1 10 12 1 10 12 1 10 7 12 1 1 1 10 12 1 10 12 1 1 8 1 10 12 1 1 7 1 10 12 1 7 1 10 10 12 1 10 12 1 10 12 1 10 7 12 1 1 1 10 12 1 1 100 1 10 12 1 10 12 1 7 1 10 12 1 10 12 1 1 10 12 1 1 10 12 8 10 7 12 1 1 1 10 12 1 10 12 1 10 12 1 1 10 12 1 9 7 12 1 1 1 7 1 10 12 1 10 7 12 1 1 1 10 12 1 10 12 1 1 9 12 1 1 7 1 10 8 1 10 12 1 1 10 12 1 1 8 1 10 12 1 10 12 1 10 10 12 1 10 12 1 10 12 1 10 12 1 10 12 1 1 10 12 1 10 12 1 10 12 1 1 10 10 7 12 1 1 1 10 12 1 10 12 1 1 10 12 1 10 12 1 1 8 1 9 7 12 1 1 1 8 1 9 12 1 9 12 1 8 1 9 12 1 9 12 1 8 1 9 12 1 9 12 1 8 1 10 12 1 10 12 1 1 10 7 12 1 1 1 10 12 1 10 12 1 1 9 12 1 1 7 1 10 12 1 1 100 1 10 7 12 1 1 1 10 12 1 1 10 12 1 1 7 1 10 12 1 1 10 12 1 10 12 1 1 7 1 10 12 1 1 10 12 1 10 12 1 10 12 1 1 10 12 1 9 12 1 1 10 7 1 9 12 1 10 12 1 7 1 7 1 7 1 10 7 12 1 1 1 9 12 1 1 10 7 12 1 1 1 10 7 12 1 1 10 12 10 12 1 7 1 10 12 1 10 12 1 1 8 1 9 12 1 9 12 1 10 12 1 1 9 12 1 1 10 7 12 1 1 1 9 12 1 1 9 12 1 1 10 12 1 10 12 1 10 12 1 10 12 1 1 10 12 1 9 12 1 9 12 1 10 12 1 10 12 1 10 12 1 10 12 1 1 10 12 1 1 9 12 1 1 10 12 1 1 9 7 12 1 1 1 9 12 1 9 12 1 9 12 1 9 12 1 9 12 1 9 12 1 9 12 1 9 12 1 9 12 1 9 12 1 9 12 1 9 12 1 9 12 1 9 12 1 9 12 1 9 12 1 9 12 1 9 12 1 9 12 1 9 12 1 9 12 1 9 12 1 9 12 1 9 12 1 100 1 10 12 1 8 1 8 1 8 1 8 1 8 1 8 1 8 1 8 1 8 1 10 12 1 10 12 1 8 1 8 1 8 1 9 12 1 1 9 12 1 1 10 12 1 10 12 1 1 10 12 1 1 9 7 1 10 12 1 10 12 10 12 1 10 12 1 10 12 1 10 8 1 8 1 8 1 8 1 10 12 1 1 9 12 1 1 10 12 1 10 100 12 1 1 1 8 9 12 1 1 10 12 1 1 8 1 8 8 9 12 1 8 1 8 8 8 8 8 1 8 10 12 1 7 1 10 12 1 8 1 8 1 10 12 1 10 12 1 10 12 1 9 12 1 10 12 1 1 7 1 1 1 1 3 1 3 1 3 1 3 1 3 1 3 1 3 1 3 1 1 1 1 1 1 1 1 1 1 3 1 3 1 3 1 1 3 1 3 1 1 1 1 1 1 1 1 1 1 1 1 1 1 1 1 1 1 1 1 1 1 1 1 1 1 1 1 1 1 1 1 1 1 1 1 1 1 1 1 1 1 1 1 1 1 1 1 1 1 1 1 1 1 1 1 1 1 1 1 1 1 100 1 1 1 1 1 1 1 1 1 100 1 1 1 1 1 1 1 1 1 1 1 1 1 1 1 1 1 1 1 1 1 1 1 1 1 1 1 1 1 1 1 1 1 1 1 1 1 1 1 1 1 1 1 1 1 1 1 1 1 1 1 1 1
staticfield java/lang/invoke/DirectMethodHandle IMPL_NAMES Ljava/lang/invoke/MemberName$Factory; java/lang/invoke/MemberName$Factory
staticfield java/lang/invoke/DirectMethodHandle FT_UNCHECKED_REF I 8
staticfield java/lang/invoke/DirectMethodHandle FT_CHECKED_REF I 9
staticfield java/lang/invoke/DirectMethodHandle ACCESSOR_FORMS [Ljava/lang/invoke/LambdaForm; 120 [Ljava/lang/invoke/LambdaForm;
staticfield java/lang/invoke/DirectMethodHandle ALL_WRAPPERS [Lsun/invoke/util/Wrapper; 10 [Lsun/invoke/util/Wrapper;
staticfield java/lang/invoke/DirectMethodHandle NFS [Ljava/lang/invoke/LambdaForm$NamedFunction; 12 [Ljava/lang/invoke/LambdaForm$NamedFunction;
staticfield java/lang/invoke/DirectMethodHandle OBJ_OBJ_TYPE Ljava/lang/invoke/MethodType; java/lang/invoke/MethodType
staticfield java/lang/invoke/DirectMethodHandle LONG_OBJ_TYPE Ljava/lang/invoke/MethodType; java/lang/invoke/MethodType
staticfield java/lang/invoke/DirectMethodHandle $assertionsDisabled Z 1
ciInstanceKlass java/lang/invoke/MutableCallSite 0 0 61 10 100 12 1 1 1 10 12 1 9 100 12 1 1 1 10 12 1 10 12 1 1 9 100 12 1 1 1 10 100 12 1 1 1 10 100 12 1 1 1 1 1 1 1 1 1 1 1 1 1 1 1 1 1 1 1 1 100 1 1
ciInstanceKlass java/lang/invoke/VolatileCallSite 0 0 37 10 100 12 1 1 1 10 12 1 10 100 12 1 1 1 10 12 1 10 12 1 1 1 1 1 1 1 1 1 1 1 1 1 1 1 1
instanceKlass java/lang/invoke/VarHandleLongs$Array
instanceKlass java/lang/invoke/VarHandleBooleans$FieldInstanceReadOnly
instanceKlass java/lang/invoke/VarHandleReferences$FieldInstanceReadOnly
instanceKlass java/lang/invoke/VarHandleInts$FieldInstanceReadOnly
instanceKlass java/lang/invoke/VarHandleReferences$Array
instanceKlass java/lang/invoke/LazyInitializingVarHandle
instanceKlass java/lang/invoke/VarHandleReferences$FieldStaticReadOnly
instanceKlass java/lang/invoke/VarHandleByteArrayAsDoubles$ByteArrayViewVarHandle
instanceKlass java/lang/invoke/VarHandleByteArrayAsLongs$ByteArrayViewVarHandle
instanceKlass java/lang/invoke/VarHandleByteArrayAsFloats$ByteArrayViewVarHandle
instanceKlass java/lang/invoke/VarHandleByteArrayAsInts$ByteArrayViewVarHandle
instanceKlass java/lang/invoke/VarHandleByteArrayAsChars$ByteArrayViewVarHandle
instanceKlass java/lang/invoke/VarHandleByteArrayAsShorts$ByteArrayViewVarHandle
ciInstanceKlass java/lang/invoke/VarHandle 1 1 474 10 7 12 1 1 1 10 7 12 1 1 9 12 1 1 9 12 1 1 10 12 1 1 8 1 10 12 1 1 10 7 12 1 1 1 10 12 1 1 10 100 12 1 1 1 9 100 12 1 1 1 10 12 1 1 10 100 12 1 1 1 10 12 1 1 9 12 1 10 12 1 9 12 1 1 10 100 12 1 1 10 12 1 9 100 12 1 1 1 9 12 1 1 10 12 1 1 100 1 100 1 10 8 1 10 12 1 1 10 12 1 8 1 10 12 1 10 12 1 9 12 1 1 9 12 1 10 12 1 10 12 1 1 10 12 1 10 10 100 12 1 1 1 10 12 1 1 10 12 1 1 10 100 12 1 1 1 10 100 12 1 1 1 10 100 12 1 1 1 9 12 1 1 9 10 12 1 10 12 1 1 10 12 1 1 10 12 1 10 100 12 1 1 1 9 12 1 1 10 12 1 1 9 12 1 10 12 1 10 12 1 10 100 12 1 1 100 1 10 9 7 12 1 1 1 9 12 1 1 10 7 12 1 1 1 10 12 1 10 12 1 10 12 1 10 12 1 10 12 1 10 12 1 1 8 10 12 1 1 7 1 10 12 1 1 100 1 1 1 1 1 1 1 1 1 1 1 1 1 1 1 1 1 1 1 1 1 1 1 1 1 1 1 1 1 1 1 1 1 1 1 1 1 1 1 1 1 1 1 1 1 1 1 1 1 1 1 1 1 1 1 1 1 1 1 1 1 1 1 1 1 100 1 1 1 1 1 1 1 1 100 1 1 1 1 1 1 1 1 1 1 1 1 100 1 100 1 1 100 1 100 1 100 1 100 1 100 1 100 1 100 1 100 1 100 1 100 1 100 1 100 1 100 1 100 1 100 1 100 1 100 1 100 1 100 1 100 1 100 1 100 1 100 1 100 1 100 1 100 1 100 1 100 1 100 1 100 1 100 1 100 1 100 1 100 1 100 1 100 1 1 1 1 1 1 100 1 1 1 100 1 1 100 1 100 1 100 1 100 1 100 1 100 1 1 1 1 100 1 100 1 100 1 100 1 100 1 100 1 100 1 100 1
staticfield java/lang/invoke/VarHandle VFORM_OFFSET J 16
staticfield java/lang/invoke/VarHandle $assertionsDisabled Z 1
ciInstanceKlass java/lang/invoke/MemberName 1 1 730 7 1 7 1 100 1 9 12 1 1 10 7 12 1 1 1 9 12 1 1 10 12 1 1 10 12 1 1 10 12 1 1 10 12 1 10 12 1 1 10 7 12 1 1 1 10 12 1 9 7 12 1 1 10 12 1 100 1 100 1 10 12 1 8 1 10 12 1 1 10 12 1 10 12 1 1 10 12 1 9 12 1 1 8 1 10 100 12 1 1 1 7 1 10 10 12 1 1 100 1 100 1 10 12 1 9 12 1 1 100 1 8 1 10 12 1 10 12 1 10 12 1 10 12 1 10 12 1 1 10 12 1 10 12 1 10 12 1 1 8 1 8 1 10 12 1 8 1 9 12 1 1 3 10 12 1 10 12 1 10 12 1 10 10 7 12 1 1 1 10 12 1 10 12 1 10 12 1 10 12 1 7 1 8 10 12 1 1 10 12 1 1 8 1 9 100 1 8 9 100 1 10 12 1 1 10 12 1 10 12 1 8 1 10 12 1 1 10 12 1 10 12 1 10 12 1 10 12 1 1 100 1 10 12 1 1 10 12 1 8 1 10 12 1 10 12 1 8 1 10 12 1 1 10 12 1 1 100 1 10 12 1 1 10 12 8 1 8 1 100 1 10 12 1 10 100 12 1 1 1 100 1 10 12 10 12 1 10 12 1 10 12 1 10 12 1 10 10 12 1 10 12 1 10 12 1 3 10 12 1 3 10 12 1 3 3 3 3 3 3 10 12 1 3 9 12 1 10 12 1 1 3 10 12 1 10 10 7 12 1 1 1 10 12 1 1 10 7 12 1 1 10 10 12 1 10 12 1 1 10 12 1 10 10 12 1 1 10 12 1 10 12 1 10 12 1 100 1 10 10 10 12 100 1 10 10 10 12 1 1 10 12 1 1 10 10 12 1 8 10 7 1 10 12 1 10 100 1 10 12 1 10 12 1 10 12 1 10 10 12 1 10 12 1 1 10 12 1 1 10 12 1 10 12 1 10 12 1 100 1 10 12 1 1 100 1 8 1 10 7 1 10 12 1 10 12 10 12 1 1 10 12 1 10 12 1 8 1 8 1 8 1 8 1 10 12 1 10 12 1 10 7 12 1 1 1 8 1 8 1 10 12 1 8 1 10 10 10 12 1 10 12 1 8 1 8 1 10 10 12 1 8 1 10 100 12 1 1 1 8 1 100 1 10 12 1 10 12 1 1 10 12 1 8 1 8 1 8 1 8 1 100 1 10 8 1 8 1 8 1 8 1 10 12 1 100 1 100 1 100 1 10 100 1 10 100 1 10 100 12 1 1 1 9 7 12 1 1 1 100 1 100 1 1 1 1 1 1 1 3 1 3 1 3 1 3 1 3 1 3 1 1 1 1 1 1 1 1 3 1 3 1 1 1 1 1 1 1 1 1 1 1 1 1 1 1 1 1 1 1 1 1 1 1 1 100 1 1 1 1 1 1 1 1 1 1 1 1 1 1 1 1 1 1 1 1 1 1 1 1 1 1 1 1 1 1 1 1 1 1 1 1 1 1 1 1 1 1 1 1 1 1 1 1 1 1 1 1 1 1 1 1 1 1 1 1 1 1 1 1 1 1 1 1 1 1 1 1 1 1 1 1 100 1 1 1 1 1 1 1 1 1 1 1 1 1 1 1 1
staticfield java/lang/invoke/MemberName $assertionsDisabled Z 1
ciInstanceKlass java/lang/invoke/ResolvedMethodName 1 1 25 10 100 12 1 1 1 9 100 12 1 1 1 1 1 1 1 1 1 1 1 1 1 1 1
ciInstanceKlass java/lang/invoke/MethodHandleNatives 1 1 689 100 1 10 7 12 1 1 1 9 7 12 1 1 1 10 12 1 1 100 1 10 10 12 1 1 10 12 1 10 12 1 8 1 8 1 8 1 8 1 8 1 8 1 8 1 8 1 8 1 8 1 10 12 1 1 7 1 10 7 12 1 1 1 10 100 12 1 1 1 7 1 10 10 12 1 1 8 1 10 12 1 8 1 10 12 1 1 8 1 10 12 1 1 9 100 12 1 1 1 8 1 10 100 12 1 1 1 100 1 10 12 100 1 100 1 8 1 7 1 10 10 12 1 7 1 9 7 12 1 1 10 12 1 1 10 12 1 10 7 12 1 1 1 10 12 1 1 9 12 1 8 1 10 12 1 1 10 12 1 8 1 10 12 1 1 7 1 10 12 1 10 7 12 1 1 1 10 12 1 10 12 1 1 10 12 1 1 8 1 10 12 1 1 8 1 10 12 1 8 1 8 1 8 1 100 1 10 12 1 8 1 10 100 12 1 1 1 10 12 1 1 10 100 12 1 1 10 10 12 1 1 10 12 1 10 100 12 1 1 1 100 1 8 1 10 100 12 1 1 1 7 1 8 1 10 12 1 8 1 8 1 8 1 8 1 8 1 10 12 1 1 10 12 1 1 10 12 1 10 12 1 1 10 12 1 1 7 1 10 12 1 100 1 100 1 10 12 1 10 12 1 8 1 8 1 10 10 12 1 1 10 12 1 1 8 1 10 100 12 1 1 8 1 8 1 10 12 1 1 10 7 12 1 1 1 100 1 10 12 1 1 7 1 9 12 1 1 10 7 12 1 1 1 10 10 12 1 9 12 1 10 12 1 9 12 1 9 12 1 10 12 1 1 10 12 1 10 12 1 1 7 1 7 1 10 12 1 1 10 12 1 10 12 1 1 10 7 12 1 1 1 10 12 1 8 1 10 12 1 10 12 1 10 12 1 1 10 12 1 10 7 12 1 1 1 10 12 1 1 100 1 8 1 10 9 7 12 1 1 1 10 12 1 1 10 12 1 1 100 1 10 12 1 1 10 12 1 1 100 1 100 1 10 10 100 1 100 1 10 100 1 10 10 12 1 1 10 100 1 10 12 1 10 12 1 1 10 12 1 1 10 12 1 1 10 12 1 10 12 1 1 10 8 1 10 12 1 10 12 1 10 12 1 10 12 1 10 12 1 1 10 12 1 10 12 1 10 12 1 10 10 7 12 1 1 10 12 1 1 1 1 1 1 1 1 1 1 1 1 1 100 1 1 1 1 1 1 1 1 1 1 1 1 1 1 1 1 1 1 1 1 1 1 1 1 1 1 1 1 1 1 1 1 1 1 1 1 1 1 1 1 1 1 1 1 1 1 1 1 1 1 1 1 1 1 1 1 1 1 1 1 1 1 1 100 1 1 1 1 1 1 1 1 1 1 1 1 1 1 1 1 1 1 1 1 1 1 1 1 1 1 1 1 1 1 1 1 1 1 1 100 1 1 1 1 1 1 1 1 1 1 1 1 1 1 1 1 1 1 1 1 1 1 1 1 1 1 1 1 1 1 1 1 1 1 100 1 1
staticfield java/lang/invoke/MethodHandleNatives $assertionsDisabled Z 1
ciInstanceKlass jdk/internal/foreign/abi/NativeEntryPoint 0 0 223 10 100 12 1 1 1 9 100 12 1 1 1 9 12 1 1 100 1 8 1 10 12 1 10 12 1 1 100 1 10 100 12 1 1 1 10 12 1 9 12 1 1 18 12 1 1 10 100 12 1 1 1 9 100 12 1 1 1 8 1 10 12 1 1 8 1 8 1 8 1 8 1 10 100 12 1 1 1 100 1 10 10 12 1 1 8 1 10 12 1 8 1 10 12 1 10 12 1 1 10 12 1 1 100 1 8 1 10 12 1 10 12 1 1 100 1 8 1 10 10 12 1 9 12 1 1 18 12 1 1 10 100 12 1 1 1 10 12 1 1 10 12 1 10 100 12 1 1 1 10 1 1 1 1 1 1 1 1 1 1 1 1 1 1 1 1 1 1 1 1 1 1 1 1 1 1 1 1 1 1 1 1 1 1 1 1 1 1 1 1 1 1 1 1 16 1 15 10 12 16 1 16 15 10 12 15 10 100 12 1 1 1 1 1 100 1 1 100 1 100 1 1
ciInstanceKlass jdk/internal/foreign/abi/ABIDescriptor 0 0 55 10 100 12 1 1 1 9 100 12 1 1 1 9 12 1 1 9 12 1 9 12 1 9 12 1 1 9 12 1 9 12 1 1 9 12 1 9 12 1 9 12 1 9 12 1 1 1 1 1 1 1 1 1 1
ciInstanceKlass jdk/internal/foreign/abi/VMStorage 0 0 111 10 100 12 1 1 1 9 100 12 1 1 1 9 12 1 1 9 12 1 1 9 12 1 1 100 1 10 8 1 10 12 1 1 10 12 1 10 12 1 1 10 12 1 100 1 10 100 12 1 1 1 10 100 12 1 1 10 100 12 1 1 10 100 12 1 1 1 18 12 1 1 1 1 1 1 1 1 1 1 1 1 1 1 1 1 1 1 1 1 1 1 8 1 15 15 15 15 15 10 100 12 1 1 1 1 100 1 100 1 1
ciInstanceKlass jdk/internal/foreign/abi/UpcallLinker$CallRegs 0 0 66 10 100 12 1 1 1 9 100 12 1 1 1 9 12 1 18 12 1 1 18 12 1 1 18 12 1 1 1 1 1 1 1 1 1 1 1 1 1 1 1 1 1 1 100 1 1 1 8 1 15 15 15 10 100 12 1 1 1 1 1 100 1 100 1 1
instanceKlass java/lang/StackFrameInfo
ciInstanceKlass java/lang/ClassFrameInfo 0 0 126 10 100 12 1 1 1 9 100 12 1 1 1 100 1 3 9 12 1 1 9 12 1 1 100 1 9 12 1 1 3 11 100 12 1 1 1 11 12 1 10 12 1 1 10 12 1 1 10 12 1 100 1 10 10 12 1 1 8 1 8 1 10 12 100 1 10 10 12 1 1 8 1 10 12 1 8 1 10 12 8 1 10 12 1 10 100 12 1 1 1 100 1 1 1 1 1 1 1 1 1 1 1 1 1 1 1 1 1 1 1 1 1 1 1 1 1 1 1 100 1 1 1 1 1 1
ciInstanceKlass java/lang/StackWalker$StackFrame 0 0 41 100 1 10 12 1 1 100 1 100 1 1 1 1 1 1 1 1 1 1 1 1 1 1 1 1 1 1 1 1 1 1 1 1 1 1 1 100 1 1 1
ciInstanceKlass java/lang/StackWalker 0 0 236 9 100 12 1 1 1 10 100 12 1 1 1 100 1 10 100 12 1 1 1 10 12 1 1 11 100 12 1 1 1 10 12 1 1 10 12 1 1 100 1 8 1 10 12 1 10 12 1 10 12 1 10 100 12 1 1 9 12 1 1 9 12 1 1 9 12 1 1 9 12 1 1 10 12 1 1 9 12 1 1 9 12 1 1 9 12 1 1 9 12 1 1 10 12 1 1 10 100 12 1 1 1 10 100 12 1 1 1 18 12 1 1 100 1 8 1 10 8 1 10 12 1 1 10 100 12 1 1 1 10 12 1 1 10 12 1 11 12 1 1 9 100 12 1 1 11 100 12 1 1 1 10 12 1 1 1 1 1 1 1 1 1 1 1 1 1 1 1 1 1 1 1 1 1 1 1 1 1 1 1 1 1 1 1 1 1 1 1 1 1 1 1 1 1 1 1 1 1 1 1 1 1 1 1 1 1 1 1 100 1 1 16 15 10 12 16 1 15 10 100 12 1 1 1 1 1 1 1 1 1 100 1 100 1 1
instanceKlass java/lang/LiveStackFrameInfo
ciInstanceKlass java/lang/StackFrameInfo 0 0 150 10 100 12 1 1 1 9 100 12 1 1 1 9 12 1 1 11 100 12 1 1 1 10 12 1 1 10 100 12 1 1 1 9 12 1 1 10 12 1 1 9 12 1 1 100 1 10 12 10 12 1 9 12 1 100 1 100 1 10 12 1 1 11 12 1 1 10 12 1 10 12 1 10 12 1 1 9 12 1 1 10 12 1 1 10 100 12 1 1 10 12 1 1 9 12 1 10 100 12 1 1 1 9 12 1 1 10 100 1 10 12 1 9 12 1 1 10 12 1 1 10 12 1 1 1 1 1 1 1 1 1 1 1 1 1 1 1 1 100 1 100 1 1 1 1 1 1 1 1
ciInstanceKlass java/lang/LiveStackFrameInfo 0 0 97 10 100 12 1 1 1 9 100 12 1 1 1 9 12 1 9 12 1 9 12 1 9 12 1 1 100 1 10 12 1 1 10 12 1 8 1 10 12 1 1 8 1 8 1 8 1 10 100 1 10 12 1 100 1 10 12 1 100 1 100 1 1 1 3 1 3 1 1 1 1 1 1 1 1 1 1 1 1 1 1 1 1 1 1 1 1 1 1 1 1 1 1 1 100 1 1
ciInstanceKlass java/lang/LiveStackFrame 0 0 112 100 1 10 100 12 1 1 1 11 100 12 1 1 1 11 12 1 9 100 12 1 1 1 10 100 12 1 1 1 10 100 12 1 1 1 11 12 1 10 12 1 100 1 100 1 1 1 1 1 1 1 1 1 1 1 1 1 1 1 1 1 1 1 1 1 1 1 1 1 100 1 1 1 1 1 1 1 100 1 8 1 1 12 10 1 1 1 8 1 1 1 8 1 1 1 8 1 1 1 8 1 1 8 1 1 1 8 1 1 8 1
ciInstanceKlass java/lang/StackStreamFactory$AbstractStackWalker 1 0 364 100 1 100 1 3 10 100 12 1 1 1 10 100 12 1 1 10 100 12 1 1 1 9 12 1 1 9 12 1 1 9 12 1 1 9 12 1 9 12 1 10 100 12 1 1 1 10 12 1 1 10 100 12 1 1 9 12 1 1 9 12 1 1 10 12 1 1 9 12 1 1 10 100 12 1 1 1 10 12 1 1 9 12 1 1 9 100 12 1 1 1 100 1 10 8 1 10 12 1 1 10 12 1 8 1 10 12 1 1 10 100 12 1 1 1 100 1 8 1 10 12 1 8 1 10 12 10 100 12 1 1 9 12 1 1 8 1 5 0 8 1 8 1 9 12 1 1 10 12 1 1 18 12 1 1 10 100 12 1 1 1 10 12 1 1 10 12 1 10 12 1 9 100 12 1 1 1 10 12 1 1 9 12 1 10 12 1 10 12 1 10 12 1 10 12 1 10 12 1 10 12 1 1 8 1 10 12 1 10 12 1 10 12 1 10 12 1 1 8 1 10 12 1 1 10 12 1 1 10 12 1 1 10 12 1 10 12 1 10 12 1 9 12 1 8 1 10 12 1 8 1 10 12 1 10 12 1 1 10 12 1 10 12 1 10 12 1 1 10 12 1 10 12 1 10 12 1 10 12 1 10 12 1 10 12 1 1 10 12 1 10 12 1 10 12 1 10 12 1 8 1 1 1 1 1 1 1 1 1 1 1 1 1 100 1 1 1 1 1 1 100 1 1 1 1 100 1 1 1 1 1 1 1 1 1 1 1 1 1 1 1 1 1 1 16 15 15 10 100 12 1 1 1 1 1 1 1 1 100 1 100 1 1
ciInstanceKlass jdk/internal/module/Modules 1 1 481 10 100 12 1 1 1 9 7 12 1 1 1 11 7 12 1 1 1 11 12 1 1 11 12 1 1 11 12 1 1 11 12 1 11 12 1 11 12 1 11 12 1 11 12 1 11 12 1 1 10 100 12 1 1 1 10 12 1 1 10 100 12 1 1 10 100 12 1 1 1 10 100 12 1 1 10 12 1 1 11 12 1 9 12 1 1 11 7 12 1 1 1 10 12 1 1 10 10 12 1 10 100 1 9 12 1 1 10 100 12 1 1 10 12 1 1 10 100 12 1 1 1 100 1 11 100 12 1 1 1 10 100 12 1 1 1 11 100 12 1 1 10 12 1 1 10 100 12 1 1 10 100 12 1 1 1 10 12 1 1 10 12 1 1 11 12 1 1 18 12 1 1 11 100 12 1 1 10 100 12 1 1 1 11 100 12 1 1 1 100 1 11 12 1 1 11 100 12 1 1 1 11 12 1 1 10 12 1 1 10 100 12 1 1 18 12 1 1 11 12 1 1 18 12 1 1 11 12 1 1 10 12 1 18 18 10 12 1 1 9 12 1 1 11 100 12 1 1 1 100 1 10 11 12 1 11 12 1 1 10 100 1 10 12 1 1 10 100 12 1 1 10 12 1 1 11 12 10 12 1 1 100 1 10 18 12 1 10 12 1 1 100 1 8 1 10 12 1 10 100 12 1 1 18 12 1 11 11 12 10 12 1 10 10 100 1 18 12 1 10 10 10 7 12 1 1 10 7 12 1 1 1 10 12 1 1 1 1 1 1 1 1 1 1 1 1 1 1 1 1 1 1 1 1 1 1 1 1 1 1 1 1 1 1 1 1 1 1 1 1 1 1 1 1 1 1 1 1 1 1 1 1 1 1 1 1 1 1 1 1 1 1 1 1 1 1 1 1 100 1 1 1 1 1 1 1 1 1 1 1 1 1 1 1 1 1 1 1 1 1 1 1 16 15 10 12 1 16 1 16 1 15 10 12 1 16 1 16 1 15 10 12 16 1 15 10 16 1 15 10 12 16 1 16 15 10 12 16 15 10 12 16 15 10 12 15 10 100 12 1 1 1 1 1 1 100 1 100 1 1
staticfield jdk/internal/module/Modules JLA Ljdk/internal/access/JavaLangAccess; java/lang/System$1
staticfield jdk/internal/module/Modules JLMA Ljdk/internal/access/JavaLangModuleAccess; java/lang/module/ModuleDescriptor$1
staticfield jdk/internal/module/Modules $assertionsDisabled Z 1
ciInstanceKlass jdk/internal/loader/ClassLoaders 1 1 185 10 100 12 1 1 1 10 7 12 1 1 1 10 12 1 1 10 100 12 1 1 1 9 7 12 1 1 1 9 12 1 1 9 12 1 1 7 1 11 100 12 1 1 1 100 1 11 12 1 1 11 12 1 1 10 100 12 1 1 1 10 100 12 1 1 1 100 1 100 1 10 7 12 1 1 1 9 12 1 1 8 1 10 7 12 1 1 1 10 12 1 1 7 1 10 12 1 10 12 1 1 7 1 10 12 1 1 10 12 1 1 10 12 1 7 1 10 12 10 12 1 8 1 10 7 12 1 1 8 1 8 1 10 12 1 7 1 10 10 12 1 10 12 1 1 1 1 1 1 1 1 1 1 1 1 1 1 1 1 1 1 1 1 100 1 1 1 1 1 1 1 1 1 1 1 1 1 1 1 1 1 1 1 1
staticfield jdk/internal/loader/ClassLoaders JLA Ljdk/internal/access/JavaLangAccess; java/lang/System$1
staticfield jdk/internal/loader/ClassLoaders BOOT_LOADER Ljdk/internal/loader/ClassLoaders$BootClassLoader; jdk/internal/loader/ClassLoaders$BootClassLoader
staticfield jdk/internal/loader/ClassLoaders PLATFORM_LOADER Ljdk/internal/loader/ClassLoaders$PlatformClassLoader; jdk/internal/loader/ClassLoaders$PlatformClassLoader
staticfield jdk/internal/loader/ClassLoaders APP_LOADER Ljdk/internal/loader/ClassLoaders$AppClassLoader; jdk/internal/loader/ClassLoaders$AppClassLoader
instanceKlass oracle/dbtools/raptor/newscriptrunner/settings/namespaces/ddl/DdlNamespace$2
instanceKlass oracle/dbtools/raptor/newscriptrunner/settings/namespaces/ddl/DdlNamespace$1
ciInstanceKlass java/util/ArrayList 1 1 514 10 7 12 1 1 1 7 1 9 7 12 1 1 1 9 12 1 100 1 100 1 10 8 1 10 12 1 1 10 12 1 10 12 1 1 10 12 1 9 12 1 11 7 12 1 1 1 9 12 1 1 11 12 1 1 7 10 7 12 1 1 1 9 12 1 10 12 1 10 12 1 1 10 7 12 1 1 1 10 7 12 1 1 1 10 12 1 1 10 12 1 1 10 12 1 1 10 12 1 10 12 1 1 100 1 100 1 10 12 1 10 10 7 12 1 1 1 10 7 12 1 1 10 12 1 100 1 10 10 12 10 12 1 1 10 12 1 1 10 12 1 10 12 10 12 1 1 100 1 10 12 1 1 10 12 1 1 10 12 1 100 1 10 11 12 1 1 11 100 12 1 1 1 11 12 1 10 12 1 10 12 1 10 12 1 1 100 1 10 12 1 1 10 10 12 1 1 10 12 1 8 1 8 1 8 1 8 1 10 12 1 1 10 12 1 1 11 12 1 100 1 10 100 12 1 1 10 12 1 10 12 1 1 10 100 12 1 1 10 12 1 10 100 12 1 1 1 11 100 12 1 1 1 10 12 1 100 1 8 1 10 7 1 10 12 1 7 1 10 12 1 10 12 1 1 7 1 10 12 1 10 12 1 1 11 7 12 1 1 7 1 10 12 1 10 12 1 1 11 100 12 1 1 10 12 1 1 10 12 1 1 10 12 1 1 10 12 1 1 11 100 12 1 1 10 12 1 1 10 12 1 1 100 1 100 1 100 1 1 1 1 5 0 1 3 1 1 1 1 1 1 1 1 1 1 1 1 1 1 1 1 1 1 1 1 1 1 1 1 1 1 1 1 1 1 1 1 1 1 1 1 1 1 1 1 1 1 1 1 1 1 1 1 1 1 1 1 1 1 1 1 1 1 1 1 1 1 1 1 1 1 1 1 1 1 1 1 1 1 1 1 1 1 1 1 1 1 1 1 1 1 1 1 1 1 1 1 1 1 1 1 1 1 1 1 1 1 1 1 100 1 1 1 1 100 1 1 1 1 1 1 1 1 1 1 1 1 1 1 1 1 1 1 1 1 1 1 1 1 1 1 1 1 1 100 1 1 1 1 1 1 1 1 1 1 1 1 1 1 1 1 1 1 1 100 1 100 1 1 1 1 1 1
staticfield java/util/ArrayList EMPTY_ELEMENTDATA [Ljava/lang/Object; 0 [Ljava/lang/Object;
staticfield java/util/ArrayList DEFAULTCAPACITY_EMPTY_ELEMENTDATA [Ljava/lang/Object; 0 [Ljava/lang/Object;
ciInstanceKlass java/util/List 1 1 251 10 100 12 1 1 1 11 100 12 1 1 1 11 100 12 1 1 1 11 12 1 1 11 100 12 1 1 11 12 1 1 11 12 1 1 10 100 12 1 1 1 7 1 7 1 10 12 1 1 100 1 10 100 12 1 1 1 11 12 1 1 11 12 1 11 12 1 100 1 10 12 1 11 12 1 1 11 12 1 1 11 12 1 10 100 12 1 1 1 9 7 12 1 1 1 7 1 10 12 10 12 1 7 1 10 12 1 1 10 12 1 10 12 1 1 11 12 1 1 100 1 1 1 1 1 1 1 1 1 1 1 1 1 1 1 1 1 1 1 1 1 1 1 1 1 1 1 1 1 1 1 1 1 1 1 1 1 1 1 1 1 1 1 1 100 1 100 1 1 1 1 1 1 1 1 1 1 1 1 1 1 1 1 1 1 1 1 1 1 1 1 1 1 1 1 1 1 1 1 1 1 1 1 1 1 1 1 1 1 1 1 1 1 1 1 1 1 1 1 1 1 1 1 1 1 1 1 1 1 1 1 1 1 1 1 1 1 1 1 1 1 1 1 100 1 1 100 1 1 1
ciInstanceKlass java/util/SequencedCollection 1 1 104 100 1 10 12 1 1 11 100 12 1 1 1 11 100 12 1 1 1 11 12 1 1 11 12 1 100 1 100 1 1 1 1 1 1 1 1 1 1 1 1 1 1 1 1 1 1 1 1 1 1 1 1 1 1 1 1 1 100 1 8 1 12 10 1 1 8 1 1 1 8 1 1 8 1 1 1 8 1 1 8 1 1 1 8 1 1 8 1 8 1 1 8 1 1 1 8 1 1 8 1 1 8 1
ciInstanceKlass java/lang/Iterable 1 1 62 10 7 12 1 1 1 11 7 12 1 1 1 11 7 12 1 1 1 11 12 1 1 11 7 12 1 1 1 10 100 12 1 1 1 100 1 1 1 1 1 1 1 1 1 1 1 1 1 1 1 1 1 1 1 1 1 1 1 1 1 1
ciInstanceKlass java/util/RandomAccess 1 0 7 100 1 100 1 1 1
instanceKlass com/fasterxml/jackson/databind/util/internal/LinkedDeque
instanceKlass java/util/TreeMap$Values
instanceKlass java/util/AbstractQueue
instanceKlass java/util/AbstractMap$2
instanceKlass java/util/IdentityHashMap$Values
instanceKlass java/util/LinkedHashMap$LinkedValues
instanceKlass java/util/HashMap$Values
instanceKlass java/util/ArrayDeque
instanceKlass java/util/AbstractSet
instanceKlass java/util/ImmutableCollections$AbstractImmutableCollection
instanceKlass java/util/AbstractList
ciInstanceKlass java/util/AbstractCollection 1 1 160 10 7 12 1 1 1 10 7 12 1 1 1 10 12 1 1 11 7 12 1 1 1 11 12 1 1 10 12 1 1 10 100 12 1 1 1 10 12 1 1 10 12 1 1 10 7 12 1 1 10 7 12 1 1 1 7 1 10 100 12 1 1 1 10 100 12 1 1 1 100 1 10 11 12 1 11 7 1 10 12 1 10 12 1 10 100 12 1 1 1 11 8 1 100 1 10 10 12 1 1 8 1 10 12 1 10 12 1 1 1 1 1 1 1 1 1 1 1 1 1 1 1 1 1 1 1 1 1 1 1 1 1 1 1 1 1 1 1 1 1 1 1 1 1 1 1 1 1 1 1 1 1 1 1 1 1 1 1 1
instanceKlass java/util/AbstractSequentialList
instanceKlass java/util/Collections$CopiesList
instanceKlass java/util/Collections$SingletonList
instanceKlass java/util/Vector
instanceKlass java/util/Arrays$ArrayList
instanceKlass sun/security/jca/ProviderList$2
instanceKlass java/util/ArrayList$SubList
instanceKlass java/util/Collections$EmptyList
instanceKlass java/util/ArrayList
ciInstanceKlass java/util/AbstractList 1 1 218 10 7 12 1 1 1 9 7 12 1 1 1 10 12 1 1 10 12 1 1 100 1 10 10 12 1 1 11 100 12 1 1 1 11 12 1 1 11 12 1 10 100 12 1 1 1 10 12 1 11 12 1 11 12 1 11 12 1 10 12 1 1 10 12 1 1 11 100 12 1 1 1 11 100 1 11 7 1 10 12 1 100 1 10 12 1 10 12 1 1 100 1 100 1 10 12 1 100 1 10 100 1 100 1 10 8 1 10 12 1 1 10 12 1 10 12 1 1 10 12 1 8 1 100 1 8 1 8 1 8 1 10 100 1 11 10 10 12 1 11 12 1 10 12 1 1 8 1 8 1 1 1 1 1 1 1 1 1 1 1 1 1 1 1 1 1 1 1 1 1 1 1 1 1 1 1 1 1 1 1 1 1 1 1 1 1 1 1 1 1 1 1 1 1 1 1 1 1 1 1 1 1 1 1 1 1 1 100 1 100 1 1 1 1 1 1 1
instanceKlass com/fasterxml/jackson/databind/util/internal/PrivateMaxEntriesMap$EntrySet
instanceKlass sun/util/PreHashedMap$1
instanceKlass java/util/EnumMap$EntrySet
instanceKlass java/util/concurrent/ConcurrentSkipListSet
instanceKlass java/lang/ProcessEnvironment$CheckedEntrySet
instanceKlass java/util/TreeMap$EntrySet
instanceKlass java/util/Collections$SingletonSet
instanceKlass java/util/LinkedHashMap$LinkedEntrySet
instanceKlass java/util/TreeMap$KeySet
instanceKlass java/util/TreeSet
instanceKlass java/util/LinkedHashMap$LinkedKeySet
instanceKlass java/util/IdentityHashMap$KeySet
instanceKlass java/util/EnumSet
instanceKlass jdk/internal/util/ReferencedKeySet
instanceKlass java/util/HashMap$KeySet
instanceKlass java/util/WeakHashMap$KeySet
instanceKlass java/util/Collections$SetFromMap
instanceKlass java/util/HashSet
instanceKlass java/util/ImmutableCollections$MapN$1
instanceKlass java/util/Collections$EmptySet
instanceKlass java/util/HashMap$EntrySet
ciInstanceKlass java/util/AbstractSet 1 1 96 10 7 12 1 1 1 100 1 100 1 11 12 1 1 10 100 1 10 12 1 1 100 1 100 1 10 12 1 1 11 100 12 1 1 1 11 12 1 1 10 100 12 1 1 10 100 12 1 1 1 11 10 12 1 1 11 12 1 11 12 1 1 1 1 1 1 1 1 1 1 1 1 1 1 1 1 100 1 1 1 1 1 1 1 1 1 1 1 1 1 1 1 1 1 1
ciInstanceKlass java/lang/module/ModuleDescriptor 1 1 516 10 7 12 1 1 1 9 7 12 1 1 1 100 1 10 9 12 1 1 9 12 1 1 9 12 1 11 7 12 1 1 1 9 12 1 1 9 7 12 1 1 1 11 12 1 1 9 12 1 9 12 1 9 12 1 11 12 1 1 18 12 1 1 11 100 12 1 1 1 11 12 1 11 12 1 1 11 12 1 1 9 12 1 9 12 1 9 12 1 9 12 1 9 12 1 9 12 1 9 12 1 9 12 1 1 11 12 1 1 11 7 12 1 1 1 11 12 1 1 10 12 1 9 100 12 1 1 1 10 100 12 1 1 1 10 7 12 1 1 1 10 100 12 1 1 1 10 12 1 100 1 10 10 12 10 12 1 1 8 1 10 12 1 10 10 7 12 1 1 1 10 12 1 1 10 12 1 10 12 1 1 10 100 12 1 1 10 12 1 10 12 1 11 10 7 12 1 1 10 12 1 10 12 1 1 11 10 12 1 10 12 1 8 1 8 1 10 12 1 11 12 1 8 1 8 1 8 1 8 1 8 1 8 1 7 1 10 12 1 100 1 8 1 10 12 1 7 1 10 12 1 11 12 11 12 1 10 12 1 1 100 1 10 100 12 1 1 1 10 100 12 1 1 1 10 12 1 10 12 1 1 8 1 10 12 1 1 18 11 12 1 11 12 1 1 8 1 10 100 12 1 1 1 11 12 1 1 11 7 1 7 1 10 100 1 11 12 11 12 1 1 10 100 12 1 1 1 10 12 1 10 12 1 10 12 1 10 9 100 12 1 1 1 10 12 1 1 10 7 12 1 1 7 1 10 10 7 12 1 1 1 1 1 1 1 1 1 1 1 1 1 1 1 1 1 1 1 1 1 1 1 1 1 1 1 1 1 1 1 1 1 1 1 1 1 1 1 1 1 1 1 1 1 1 1 1 1 1 1 1 1 1 1 1 1 1 1 1 1 100 1 1 1 1 1 1 1 1 1 1 1 1 1 1 1 1 1 1 1 1 1 1 1 1 1 1 1 1 1 1 1 1 1 1 1 1 1 1 1 1 1 1 1 1 1 1 1 1 1 100 1 100 1 100 1 100 1 100 1 100 1 100 1 1 16 15 10 16 1 15 10 12 16 15 10 100 12 1 1 1 1 1 1 1 1 1 1 1 1 1 100 1 100 1 1
staticfield java/lang/module/ModuleDescriptor $assertionsDisabled Z 1
ciInstanceKlass java/lang/annotation/Annotation 1 0 17 100 1 100 1 1 1 1 1 1 1 1 1 1 1 1 1
ciMethod java/util/Map putIfAbsent (Ljava/lang/Object;Ljava/lang/Object;)Ljava/lang/Object; 60 0 30 0 -1
ciInstanceKlass java/lang/classfile/Attribute 1 0 97 100 1 100 1 100 1 1 1 1 1 1 1 1 1 1 1 100 1 100 1 100 1 100 1 100 1 100 1 100 1 100 1 100 1 100 1 100 1 100 1 100 1 100 1 100 1 100 1 100 1 100 1 100 1 100 1 100 1 100 1 100 1 100 1 100 1 100 1 100 1 100 1 100 1 100 1 100 1 100 1 100 1 100 1 100 1 100 1 100 1 100 1 100 1 100 1
ciInstanceKlass jdk/internal/classfile/impl/Util$Writable 1 0 14 100 1 100 1 1 1 1 1 1 100 1 1 1
ciInstanceKlass jdk/internal/vm/ContinuationSupport 1 1 47 10 100 12 1 1 1 9 7 12 1 1 1 10 12 1 1 100 1 8 1 10 12 1 10 7 12 1 1 10 12 1 10 12 1 1 1 1 1 1 1 1 1 1 1 1 1
staticfield jdk/internal/vm/ContinuationSupport SUPPORTED Z 1
ciMethod jdk/internal/vm/ContinuationSupport isSupported ()Z 516 0 1263 0 -1
ciMethod jdk/internal/vm/ContinuationSupport pinIfSupported ()V 1024 0 631 0 0
ciMethod jdk/internal/vm/ContinuationSupport unpinIfSupported ()V 1024 0 631 0 0
ciInstanceKlass java/lang/invoke/MethodTypeForm 1 1 291 9 7 12 1 1 1 9 12 1 9 12 1 1 10 7 12 1 1 1 100 1 10 12 1 1 10 12 1 1 9 12 1 7 1 10 12 1 1 9 12 1 1 100 1 10 12 1 1 10 7 12 1 1 10 7 12 1 1 1 10 7 12 1 1 1 10 12 1 1 10 12 1 9 7 12 1 1 1 10 7 12 1 1 10 12 1 1 8 1 10 100 12 1 1 1 9 12 1 1 9 12 1 10 12 1 1 10 12 1 1 9 12 1 1 100 1 10 10 12 1 1 10 12 1 1 10 12 1 10 12 1 1 10 12 1 10 7 12 1 1 10 12 1 1 10 12 1 9 7 1 100 1 10 8 1 10 12 1 1 10 12 1 10 12 1 1 10 12 1 1 1 1 1 1 3 1 3 1 3 1 3 1 1 1 1 1 1 1 3 1 3 1 3 1 3 1 3 1 3 1 3 1 3 1 3 1 3 1 3 1 3 1 3 1 3 1 3 1 3 1 3 1 3 1 3 1 3 1 3 1 3 1 1 1 1 1 1 1 1 1 1 1 1 1 1 1 1 1 1 1 1 1 1 1 1 1 1 1 1 1 1 1 1 1 1 1 1 1 1 1 1 1 1 1 1 1 1 1 1 1 1 1 1 1 1 1 1 1 1 1
staticfield java/lang/invoke/MethodTypeForm $assertionsDisabled Z 1
ciMethod java/lang/invoke/MethodTypeForm <init> (Ljava/lang/invoke/MethodType;)V 122 354 193 0 0
ciMethod java/lang/invoke/MethodTypeForm findForm (Ljava/lang/invoke/MethodType;)Ljava/lang/invoke/MethodTypeForm; 320 0 1816 0 0
ciMethod java/lang/invoke/MethodTypeForm canonicalize (Ljava/lang/Class;I)Ljava/lang/Class; 514 0 4666 0 0
ciMethod java/lang/invoke/MethodTypeForm canonicalize (Ljava/lang/invoke/MethodType;I)Ljava/lang/invoke/MethodType; 320 0 1827 0 0
ciMethod java/lang/invoke/MethodTypeForm canonicalizeAll ([Ljava/lang/Class;I)[Ljava/lang/Class; 550 1132 1843 0 0
ciInstanceKlass jdk/internal/util/ReferencedKeySet 1 1 121 10 7 12 1 1 1 10 7 12 1 1 1 9 7 12 1 1 1 10 12 1 1 10 12 1 10 12 1 10 12 1 1 11 100 12 1 1 1 10 12 1 1 10 12 1 1 10 12 1 1 10 12 1 1 10 12 1 1 10 12 1 10 12 1 7 1 11 12 1 10 12 1 1 10 12 1 10 12 1 1 1 1 1 1 1 1 1 1 1 1 1 1 1 1 1 1 1 1 1 1 1 1 1 1 1 1 1 1 1 100 1 1 1 1 1 1 1 1 1 1
ciMethod jdk/internal/util/ReferencedKeySet get (Ljava/lang/Object;)Ljava/lang/Object; 540 0 4973 0 0
ciMethod jdk/internal/util/ReferencedKeySet intern (Ljava/lang/Object;)Ljava/lang/Object; 322 0 2960 0 0
ciInstanceKlass jdk/internal/ref/CleanerImpl$PhantomCleanableRef 1 1 49 10 7 12 1 1 1 9 7 12 1 1 1 11 7 12 1 1 1 100 1 8 1 10 12 1 8 1 1 1 1 1 1 1 1 1 1 1 1 1 1 1 1 1 1 100 1 1 1
instanceKlass java/util/concurrent/ConcurrentHashMap$ForwardingNode
instanceKlass java/util/concurrent/ConcurrentHashMap$ReservationNode
ciInstanceKlass java/util/concurrent/ConcurrentHashMap$Node 1 1 97 10 7 12 1 1 1 9 7 12 1 1 1 9 12 1 1 9 12 1 10 12 1 9 12 1 1 10 12 1 1 10 100 12 1 1 1 100 1 10 100 1 11 12 1 1 11 12 1 10 12 1 1 1 1 1 1 1 1 1 1 1 1 1 1 1 1 1 1 1 1 1 1 1 1 1 1 1 1 1 1 1 1 1 1 1 1 1 1 1 100 1 1 1 100 1 1
ciMethod java/util/concurrent/ConcurrentHashMap$Node find (ILjava/lang/Object;)Ljava/util/concurrent/ConcurrentHashMap$Node; 0 0 1 0 -1
ciMethod java/util/concurrent/ConcurrentHashMap$Node <init> (ILjava/lang/Object;Ljava/lang/Object;)V 768 0 11427 0 -1
ciInstanceKlass java/util/concurrent/ConcurrentHashMap$ReservationNode 1 1 34 100 1 10 7 12 1 1 1 100 1 1 1 1 1 1 1 1 1 1 1 1 1 1 1 1 1 1 1 1 1 1 1 1
ciInstanceKlass java/util/concurrent/ConcurrentHashMap$ForwardingNode 1 1 71 100 1 10 7 12 1 1 1 9 7 12 1 1 1 10 12 1 1 9 12 1 1 9 12 1 1 10 100 12 1 1 1 10 12 1 1 9 12 1 1 1 1 1 1 1 1 1 1 1 1 1 1 1 1 1 1 1 1 1 1 1 100 1 1 1 1 1 1 1 1
ciInstanceKlass java/lang/ref/ReferenceQueue$Lock 1 1 21 10 7 12 1 1 1 100 1 1 1 1 1 1 1 1 1 7 1 1 1
ciInstanceKlass java/lang/ref/ReferenceQueue$Null 1 1 28 10 7 12 1 1 1 100 1 1 1 1 1 1 1 1 1 1 1 1 1 1 1 1 1 1 1 1
ciInstanceKlass jdk/internal/util/ReferencedKeyMap 1 1 377 7 1 10 12 1 1 10 7 1 9 7 12 1 1 1 9 12 1 1 9 12 1 1 11 7 12 1 1 1 7 1 7 1 10 10 12 1 7 1 10 12 1 7 1 10 7 1 10 12 1 10 12 1 11 12 1 1 11 12 1 1 8 1 10 7 12 1 1 1 10 12 1 1 11 12 1 1 8 1 11 12 1 10 12 1 1 11 12 10 12 1 11 12 1 1 11 7 12 1 1 11 12 1 11 12 1 1 11 100 12 1 1 1 11 100 12 1 1 11 12 1 100 1 11 12 1 11 12 1 10 11 12 1 11 12 1 11 12 1 1 18 12 1 1 11 100 12 1 1 18 12 1 1 11 12 1 1 10 12 1 10 100 12 1 1 1 11 12 1 1 11 12 1 1 18 12 1 11 12 1 11 12 1 11 12 1 1 11 12 18 8 1 8 1 8 1 10 12 1 1 100 1 10 12 1 1 9 12 1 10 100 12 1 1 100 1 10 11 100 1 10 12 1 10 12 1 10 12 1 10 12 1 1 10 12 1 11 100 12 1 10 100 1 10 10 12 1 1 8 1 10 12 1 10 12 1 1 100 1 10 12 1 10 7 12 1 1 1 1 1 1 1 1 1 1 1 1 1 1 1 1 1 1 1 1 1 1 1 1 1 1 1 1 1 1 1 1 1 1 1 1 1 1 1 1 1 1 1 1 1 1 1 1 1 1 1 1 1 1 1 1 1 1 1 1 1 1 1 1 1 1 1 1 1 1 1 1 1 1 1 1 1 16 15 16 1 16 15 10 12 1 15 10 12 16 15 10 12 16 15 10 100 12 1 1 1 1 1 100 1 1 100 1 100 1 1
staticfield jdk/internal/util/ReferencedKeyMap $assertionsDisabled Z 1
ciMethod jdk/internal/util/ReferencedKeyMap get (Ljava/lang/Object;)Ljava/lang/Object; 558 0 9097 0 2456
ciMethod jdk/internal/util/ReferencedKeyMap intern (Ljdk/internal/util/ReferencedKeyMap;Ljava/lang/Object;)Ljava/lang/Object; 322 0 2988 0 0
ciMethod jdk/internal/util/ReferencedKeyMap removeStaleReferences ()V 516 0 12505 0 1192
ciMethod jdk/internal/util/ReferencedKeyMap lookupKey (Ljava/lang/Object;)Ljdk/internal/util/ReferenceKey; 756 0 12076 0 0
ciMethod jdk/internal/util/ReferencedKeyMap getNoCheckStale (Ljava/lang/Object;)Ljava/lang/Object; 558 0 9098 0 0
ciMethod jdk/internal/util/ReferencedKeyMap entryKey (Ljava/lang/Object;)Ljdk/internal/util/ReferenceKey; 774 0 4114 0 0
ciMethod jdk/internal/util/ReferencedKeyMap existingKey (Ljdk/internal/util/ReferencedKeyMap;Ljava/lang/Object;)Ljava/lang/Object; 322 0 2988 0 0
ciMethod jdk/internal/util/ReferencedKeyMap internKey (Ljdk/internal/util/ReferencedKeyMap;Ljava/lang/Object;)Ljava/lang/Object; 326 0 2977 0 0
ciInstanceKlass jdk/internal/util/ReferenceKey 1 0 21 100 1 100 1 1 1 1 1 1 1 1 1 1 1 100 1 100 1 100 1
ciMethod jdk/internal/util/ReferenceKey get ()Ljava/lang/Object; 0 0 1 0 -1
ciMethod jdk/internal/util/ReferenceKey unused ()V 0 0 1 0 -1
ciInstanceKlass jdk/internal/util/SoftReferenceKey 1 1 92 10 7 12 1 1 1 10 7 12 1 1 1 9 7 12 1 1 1 10 12 1 1 100 1 11 12 1 1 10 10 12 1 1 100 1 10 12 10 100 12 1 1 1 10 100 12 1 1 1 10 12 1 1 8 1 10 100 12 1 1 10 12 1 10 12 1 1 1 1 1 1 1 1 1 1 1 1 1 1 1 1 1 1 1 1 1 1 1 1 1 1
ciMethod jdk/internal/util/SoftReferenceKey <init> (Ljava/lang/Object;Ljava/lang/ref/ReferenceQueue;)V 1024 0 2270 0 0
ciInstanceKlass jdk/internal/util/WeakReferenceKey 1 1 92 10 7 12 1 1 1 10 7 12 1 1 1 9 7 12 1 1 1 10 12 1 1 7 1 11 12 1 1 10 10 12 1 1 100 1 10 12 10 100 12 1 1 1 10 100 12 1 1 1 10 12 1 1 8 1 10 100 12 1 1 10 12 1 10 12 1 1 1 1 1 1 1 1 1 1 1 1 1 1 1 1 1 1 1 1 1 1 1 1 1 1
ciMethod jdk/internal/util/WeakReferenceKey <init> (Ljava/lang/Object;Ljava/lang/ref/ReferenceQueue;)V 774 0 1844 0 0
ciInstanceKlass jdk/internal/util/StrongReferenceKey 1 1 82 10 7 12 1 1 1 9 7 12 1 1 1 7 1 11 12 1 1 10 10 7 12 1 1 1 10 12 1 1 100 1 10 10 12 1 1 10 100 12 1 1 1 10 12 1 1 8 1 10 100 12 1 1 1 10 12 1 10 12 1 1 1 1 1 1 1 1 1 1 1 1 1 1 1 1 1 1 1 1 1 1
ciMethod jdk/internal/util/StrongReferenceKey equals (Ljava/lang/Object;)Z 514 0 3223 0 0
ciMethod jdk/internal/util/StrongReferenceKey hashCode ()I 808 0 5589 0 192
ciMethod jdk/internal/util/StrongReferenceKey <init> (Ljava/lang/Object;)V 756 0 12077 0 0
ciMethod jdk/internal/util/StrongReferenceKey get ()Ljava/lang/Object; 256 0 128 0 0
ciMethod java/util/Objects requireNonNull (Ljava/lang/Object;)Ljava/lang/Object; 536 0 370559 0 -1
ciMethod java/util/Objects requireNonNull (Ljava/lang/Object;Ljava/lang/String;)Ljava/lang/Object; 516 0 45959 0 -1
ciMethod java/util/Objects hashCode (Ljava/lang/Object;)I 518 0 11431 0 184
ciMethod java/util/Objects equals (Ljava/lang/Object;Ljava/lang/Object;)Z 572 0 32685 0 144
ciMethod sun/invoke/util/Wrapper isSingleWord ()Z 480 0 338 0 -1
ciMethod sun/invoke/util/Wrapper isIntegral ()Z 596 0 406 0 -1
ciMethod sun/invoke/util/Wrapper isNumeric ()Z 596 0 406 0 -1
ciMethod sun/invoke/util/Wrapper asWrapperType (Ljava/lang/Class;)Ljava/lang/Class; 0 0 1 0 -1
ciMethod sun/invoke/util/Wrapper asPrimitiveType (Ljava/lang/Class;)Ljava/lang/Class; 0 0 1 0 -1
ciMethod sun/invoke/util/Wrapper isDoubleWord ()Z 516 0 280 0 0
ciMethod sun/invoke/util/Wrapper isSubwordOrInt ()Z 596 0 406 0 0
ciMethod sun/invoke/util/Wrapper newIllegalArgumentException (Ljava/lang/String;)Ljava/lang/RuntimeException; 0 0 1 0 -1
ciMethod sun/invoke/util/Wrapper forPrimitiveType (Ljava/lang/Class;)Lsun/invoke/util/Wrapper; 72 0 1621 0 0
ciMethod java/lang/invoke/MethodType checkPtypes ([Ljava/lang/Class;)I 432 770 2470 0 0
ciMethod java/lang/invoke/MethodType makeImpl (Ljava/lang/Class;[Ljava/lang/Class;Z)Ljava/lang/invoke/MethodType; 518 0 4969 0 0
ciMethod java/lang/invoke/MethodType isAllObject ([Ljava/lang/Class;I)Z 130 172 813 0 0
ciMethod java/lang/invoke/MethodType checkSlotCount (I)V 512 0 5087 0 0
ciMethod java/lang/invoke/MethodType genericMethodType (IZ)Ljava/lang/invoke/MethodType; 190 0 1928 0 0
ciMethod java/lang/invoke/MethodType ptypes ()[Ljava/lang/Class; 268 0 134 0 0
ciMethod java/lang/invoke/MethodType methodType (Ljava/lang/Class;[Ljava/lang/Class;Z)Ljava/lang/invoke/MethodType; 514 0 5380 0 0
ciMethod java/lang/invoke/MethodType form ()Ljava/lang/invoke/MethodTypeForm; 256 0 128 0 0
ciMethod java/lang/invoke/MethodType <init> (Ljava/lang/Class;[Ljava/lang/Class;)V 516 0 4983 0 0
ciMethod java/lang/invoke/MethodType returnType ()Ljava/lang/Class; 260 0 130 0 0
ciMethod java/lang/invoke/MethodHandleStatics newIllegalArgumentException (Ljava/lang/String;)Ljava/lang/RuntimeException; 0 0 1 0 0
ciMethod java/util/concurrent/ConcurrentHashMap setTabAt ([Ljava/util/concurrent/ConcurrentHashMap$Node;ILjava/util/concurrent/ConcurrentHashMap$Node;)V 524 0 5401 0 -1
ciMethod java/util/concurrent/ConcurrentHashMap replaceNode (Ljava/lang/Object;Ljava/lang/Object;Ljava/lang/Object;)Ljava/lang/Object; 274 48 668 0 0
ciMethod java/util/concurrent/ConcurrentHashMap addCount (JI)V 772 0 5524 0 -1
ciMethod java/util/concurrent/ConcurrentHashMap treeifyBin ([Ljava/util/concurrent/ConcurrentHashMap$Node;I)V 0 0 1 0 -1
ciMethod java/util/concurrent/ConcurrentHashMap helpTransfer ([Ljava/util/concurrent/ConcurrentHashMap$Node;Ljava/util/concurrent/ConcurrentHashMap$Node;)[Ljava/util/concurrent/ConcurrentHashMap$Node; 0 0 1 0 -1
ciMethod java/util/concurrent/ConcurrentHashMap casTabAt ([Ljava/util/concurrent/ConcurrentHashMap$Node;ILjava/util/concurrent/ConcurrentHashMap$Node;Ljava/util/concurrent/ConcurrentHashMap$Node;)Z 512 0 1308 0 -1
ciMethod java/util/concurrent/ConcurrentHashMap initTable ()[Ljava/util/concurrent/ConcurrentHashMap$Node; 28 0 123 0 -1
ciMethod java/util/concurrent/ConcurrentHashMap putVal (Ljava/lang/Object;Ljava/lang/Object;Z)Ljava/lang/Object; 634 22 15057 0 -1
ciMethod java/util/concurrent/ConcurrentHashMap tabAt ([Ljava/util/concurrent/ConcurrentHashMap$Node;I)Ljava/util/concurrent/ConcurrentHashMap$Node; 562 0 5875 0 96
ciMethod java/util/concurrent/ConcurrentHashMap spread (I)I 698 0 26974 0 88
ciMethod java/lang/ref/ReferenceQueue poll0 ()Ljava/lang/ref/Reference; 2 0 636 0 0
ciMethod jdk/internal/misc/Unsafe getReferenceAcquire (Ljava/lang/Object;J)Ljava/lang/Object; 630 0 5875 0 -1
ciMethod java/util/Arrays fill ([Ljava/lang/Object;Ljava/lang/Object;)V 504 6182 1691 0 -1
ciMethod java/util/Arrays copyOf ([Ljava/lang/Object;I)[Ljava/lang/Object; 40 0 2864 0 0
ciMethod java/util/Arrays copyOf ([Ljava/lang/Object;ILjava/lang/Class;)[Ljava/lang/Object; 128 0 3900 0 -1
ciMethod java/lang/Math min (II)I 648 0 64276 0 -1
ciMethod jdk/internal/misc/VM addFinalRefCount (I)V 0 0 1 0 -1
ciMethod java/lang/String valueOf (Ljava/lang/Object;)Ljava/lang/String; 12 0 684 0 -1
ciMethod java/util/Map remove (Ljava/lang/Object;)Ljava/lang/Object; 0 0 1 0 -1
ciMethod java/util/Map get (Ljava/lang/Object;)Ljava/lang/Object; 0 0 1 0 -1
ciMethod java/lang/Object getClass ()Ljava/lang/Class; 256 0 128 0 -1
ciMethod java/lang/Object <init> ()V 832 0 535660 0 80
instanceKlass java/util/concurrent/CancellationException
instanceKlass reactor/core/publisher/Sinks$EmissionException
instanceKlass oracle/dbtools/core/feature/flags/FeatureFlagException
instanceKlass oracle/dbtools/core/connections/folder/FolderSerializationException
instanceKlass oracle/dbtools/core/connections/folder/FolderOperationException
instanceKlass oracle/dbtools/core/connections/ConnectionException
instanceKlass com/oracle/dbtools/utils/core/actions/ActionException
instanceKlass com/oracle/dbtools/utils/core/l8n/LocalizableException
ciInstanceKlass java/lang/IllegalStateException 0 0 35 10 100 12 1 1 1 10 12 1 10 12 1 10 12 1 100 1 1 1 1 5 0 1 1 1 1 1 1 1 1 1 1 1 1
ciInstanceKlass java/security/Provider$UString 1 1 56 10 7 12 1 1 1 9 7 12 1 1 1 9 7 12 1 1 1 10 7 12 1 1 1 9 12 1 10 12 1 1 10 12 1 1 1 1 1 1 1 1 1 1 1 1 1 1 1 1 1 1 100 1 1 1
ciInstanceKlass oracle/dbtools/raptor/newscriptrunner/settings/SettingPath 1 1 255 10 7 12 1 1 1 10 7 12 1 1 1 9 7 12 1 1 1 8 1 10 7 12 1 1 1 9 12 1 1 10 12 1 1 7 1 8 1 10 12 1 10 12 1 1 8 1 10 12 1 1 7 1 10 12 1 10 12 1 1 18 12 1 1 11 7 12 1 1 1 10 12 1 8 1 7 1 10 10 12 1 1 8 1 10 12 1 10 12 1 1 11 12 1 1 11 12 1 1 10 7 12 1 1 1 11 12 1 1 10 12 1 10 12 1 10 12 1 11 12 1 10 12 1 1 10 7 12 1 1 10 12 1 1 10 12 1 18 12 1 1 10 12 1 1 10 12 1 10 12 1 1 9 12 1 1 10 7 12 1 1 1 10 7 12 1 1 18 8 1 10 12 1 1 1 1 1 1 1 1 1 1 1 1 1 1 1 1 1 1 1 1 100 1 1 1 1 1 1 1 1 1 1 1 1 1 1 1 1 1 1 1 1 1 1 1 1 1 1 1 1 1 1 1 1 1 8 1 16 15 10 12 16 8 1 15 10 7 12 1 1 15 10 100 12 1 1 1 1 100 1 100 1 1
staticfield oracle/dbtools/raptor/newscriptrunner/settings/SettingPath VALID_SEGMENT_PATTERN Ljava/util/regex/Pattern; java/util/regex/Pattern
instanceKlass oracle/dbtools/parser/plsql/SyntaxError
ciInstanceKlass java/lang/AssertionError 0 0 79 10 100 12 1 1 1 10 12 1 10 100 12 1 1 1 10 100 1 100 1 10 12 1 1 10 12 1 10 12 1 10 12 1 10 12 1 10 12 1 10 12 1 10 12 1 1 1 1 5 0 1 1 1 1 1 1 1 1 1 1 100 1 1 1 1 1 1 1 1 1 1 1 1 1 1 1 1 1
ciMethodData java/lang/Object <init> ()V 2 535244 orig 80 0 0 0 0 0 0 0 0 0 0 0 0 0 0 0 0 0 0 0 0 0 0 0 0 0 0 0 0 0 0 0 0 0 0 0 0 0 0 0 0 0 0 0 0 0 0 0 0 0 0 0 0 0 0 0 0 0 0 0 0 0 0 0 0 0 0 0 0 0 0 0 0 0 0 0 0 0 0 0 0 data 4 0x0 0x9 0x1 0x0 oops 0 methods 0
ciMethodData java/util/Objects requireNonNull (Ljava/lang/Object;)Ljava/lang/Object; 2 370584 orig 80 0 0 0 0 0 0 0 0 0 0 0 0 0 0 0 0 0 0 0 0 0 0 0 0 0 0 0 0 0 0 0 0 0 0 0 0 0 0 0 0 0 0 0 0 0 0 0 0 0 0 0 0 0 0 0 0 0 0 0 0 0 0 0 0 0 0 0 0 0 0 0 0 0 0 0 0 0 0 0 0 data 15 0x10007 0x5a798 0x30 0x0 0x80002 0x0 0x0 0x0 0x0 0x0 0x0 0x0 0x9 0x1 0x0 oops 0 methods 0
ciMethodData java/util/Objects equals (Ljava/lang/Object;Ljava/lang/Object;)Z 2 32405 orig 80 0 0 0 0 0 0 0 0 0 0 0 0 0 0 0 0 0 0 0 0 0 0 0 0 0 0 0 0 0 0 0 0 0 0 0 0 0 0 0 0 0 0 0 0 0 0 0 0 0 0 0 0 0 0 0 0 0 0 0 0 0 0 0 0 0 0 0 0 0 0 0 0 0 0 0 0 0 0 0 0 data 31 0x20007 0x3036 0x90 0x4e5f 0x60007 0x0 0x88 0x4e5f 0xb0005 0x1b24 0x2bc3950e088 0x74a 0x2bc3e7dc258 0x1722 0xe0007 0x3c7b 0x38 0x11e4 0x120003 0x421a 0x18 0x0 0x0 0x0 0x0 0x0 0x0 0x9 0x2 0x0 0x0 oops 2 10 java/lang/String 12 java/lang/module/ModuleDescriptor methods 0
ciMethodData java/util/concurrent/ConcurrentHashMap tabAt ([Ljava/util/concurrent/ConcurrentHashMap$Node;I)Ljava/util/concurrent/ConcurrentHashMap$Node; 2 5594 orig 80 0 0 0 0 0 0 0 0 0 0 0 0 0 0 0 0 0 0 0 0 0 0 0 0 0 0 0 0 0 0 0 0 0 0 0 0 0 0 0 0 0 0 0 0 0 0 0 0 0 0 0 0 0 0 0 0 0 0 0 0 0 0 0 0 0 0 0 0 0 0 0 0 0 0 0 0 0 0 0 0 data 25 0xe000b 0x54 0x2bc39510bc8 0x1586 0x0 0x0 0x2 0x1 0x2bc3e31e670 0x110104 0x0 0x2bc3e31e5c8 0x950 0x2bc3961bfa8 0x2a0 0x0 0x0 0x0 0x0 0x0 0x0 0x9 0x2 0x0 0x0 oops 4 2 jdk/internal/misc/Unsafe 8 [Ljava/util/concurrent/ConcurrentHashMap$Node; 11 java/util/concurrent/ConcurrentHashMap$Node 13 java/util/concurrent/ConcurrentHashMap$ForwardingNode methods 0
ciMethodData java/util/concurrent/ConcurrentHashMap spread (I)I 2 26629 orig 80 0 0 0 0 0 0 0 0 0 0 0 0 0 0 0 0 0 0 0 0 0 0 0 0 0 0 0 0 0 0 0 0 0 0 0 0 0 0 0 0 0 0 0 0 0 0 0 0 0 0 0 0 0 0 0 0 0 0 0 0 0 0 0 0 0 0 0 0 0 0 0 0 0 0 0 0 0 0 0 0 data 5 0x0 0x0 0x9 0x1 0x0 oops 0 methods 0
ciMethodData java/util/concurrent/ConcurrentHashMap putIfAbsent (Ljava/lang/Object;Ljava/lang/Object;)Ljava/lang/Object; 2 14486 orig 80 0 0 0 0 0 0 0 0 0 0 0 0 0 0 0 0 0 0 0 0 0 0 0 0 0 0 0 0 0 0 0 0 0 0 0 0 0 0 0 0 0 0 0 0 0 0 0 0 0 0 0 0 0 0 0 0 0 0 0 0 0 0 0 0 0 0 0 0 0 0 0 0 0 0 0 0 0 0 0 0 data 17 0x40005 0x0 0x2bc39511248 0x3896 0x0 0x0 0x0 0x0 0x0 0x0 0x0 0x0 0x9 0x3 0x0 0x0 0x0 oops 1 2 java/util/concurrent/ConcurrentHashMap methods 0
ciMethodData java/util/concurrent/ConcurrentHashMap putVal (Ljava/lang/Object;Ljava/lang/Object;Z)Ljava/lang/Object; 2 14740 orig 80 1 0 0 0 0 0 0 0 0 0 0 0 0 0 0 0 0 0 0 0 0 0 0 0 0 0 0 0 0 0 0 0 0 0 0 0 0 0 0 1 0 0 0 0 0 0 0 0 0 0 0 0 0 0 0 0 0 0 0 0 0 0 0 0 0 0 0 0 0 0 0 0 0 0 0 0 0 0 0 0 data 241 0x10007 0x0 0x40 0x3994 0x50007 0x3994 0x30 0x0 0xc0002 0x0 0x110005 0x340b 0x2bc3e907c68 0x56e 0x2bc39510108 0x1b 0x140002 0x3994 0x240007 0x4a 0x40 0x3994 0x2d0007 0x3994 0x68 0x0 0x310005 0x4a 0x0 0x0 0x0 0x0 0x360003 0x4a 0x5b8 0x450002 0x3994 0x4b0007 0x242a 0x78 0x156a 0x5b0002 0x156a 0x5e0002 0x156a 0x610007 0x0 0x550 0x156a 0x640003 0x156a 0x548 0x700007 0x242a 0x68 0x0 0x780005 0x0 0x0 0x0 0x0 0x0 0x7d0003 0x0 0x4c8 0x810007 0x56c 0xf0 0x1ebe 0x880007 0xaa0 0xd0 0x141e 0x940007 0x118b 0x90 0x293 0x990007 0x0 0x90 0x293 0x9f0005 0x0 0x2bc3950e088 0x293 0x0 0x0 0xa20007 0x0 0x40 0x293 0xad0007 0x0 0x20 0x141e 0xc00002 0x100c 0xc50007 0x0 0x308 0x100c 0xca0007 0x0 0x180 0x100c 0xdb0007 0x13ce 0xe8 0x449 0xe70007 0x344 0x90 0x105 0xec0007 0x0 0xa8 0x105 0xf20005 0x0 0x2bc3950e088 0x103 0x2bc3e635448 0x2 0xf50007 0x0 0x58 0x105 0x8000000601000007 0x425 0x98 0x25 0x1090003 0x25 0x78 0x1180007 0x80b 0x48 0xbc3 0x1250002 0xbc3 0x12b0003 0xbc3 0x30 0x1310003 0x80b 0xfffffffffffffed0 0x1340003 0x100d 0x180 0x1390004 0x0 0x0 0x0 0x0 0x0 0x13c0007 0x0 0xd8 0x0 0x1440004 0x0 0x0 0x0 0x0 0x0 0x14b0005 0x0 0x0 0x0 0x0 0x0 0x1510007 0x0 0x40 0x0 0x15c0007 0x0 0x20 0x0 0x1650003 0x0 0x78 0x16a0004 0x0 0x0 0x0 0x0 0x0 0x16d0007 0x0 0x30 0x0 0x1760002 0x0 0x17d0003 0x100d 0x18 0x18a0007 0x0 0x90 0x100d 0x1910007 0x100d 0x50 0x0 0x1990005 0x0 0x0 0x0 0x0 0x0 0x19e0007 0xbc3 0x38 0x44a 0x1a40003 0x4a 0xfffffffffffff9d8 0x1ab0005 0x212d 0x0 0x0 0x0 0x0 0x0 0x0 0x0 0x0 0x0 0x0 0x0 0x0 0x0 0x9 0x4 0x0 0x0 0x0 0x0 0x1800001 0x1800001 oops 5 12 jdk/internal/util/WeakReferenceKey 14 java/lang/invoke/MemberName 83 java/lang/String 119 java/lang/String 121 oracle/dbtools/raptor/newscriptrunner/settings/SettingPath methods 0
ciMethodData java/util/Objects hashCode (Ljava/lang/Object;)I 2 11173 orig 80 0 0 0 0 0 0 0 0 0 0 0 0 0 0 0 0 0 0 0 0 0 0 0 0 0 0 0 0 0 0 0 0 0 0 0 0 0 0 0 0 0 0 0 0 0 0 0 0 0 0 0 0 0 0 0 0 0 0 0 0 0 0 0 0 0 0 0 0 0 0 0 0 0 0 0 0 0 0 0 0 data 22 0x10007 0x236 0x68 0x296f 0x50005 0x1795 0x2bc395103b0 0x886 0x2bc3950e110 0x196 0x80003 0x296f 0x18 0x0 0x0 0x0 0x0 0x0 0x0 0x9 0x1 0xffffffffffffffff oops 2 6 java/lang/invoke/MethodType 8 java/lang/Class methods 0
ciMethodData java/lang/ref/ReferenceQueue poll ()Ljava/lang/ref/Reference; 2 5121 orig 80 0 0 0 0 0 0 0 0 0 0 0 0 0 0 0 0 0 0 0 0 0 0 0 0 0 0 0 0 0 0 0 0 0 0 0 0 0 0 0 0 0 0 0 0 0 0 0 0 0 0 0 0 0 0 0 0 0 0 0 0 0 0 0 0 0 0 0 0 0 0 0 0 0 0 0 0 0 0 0 0 data 29 0x40007 0x71 0x20 0x1390 0x90002 0x0 0x140005 0x71 0x0 0x0 0x0 0x0 0x1a0002 0x0 0x260002 0x0 0x0 0x0 0x0 0x0 0x0 0x0 0x9 0x1 0x0 0x1f0001 0x1f0001 0x240001 0x240001 oops 0 methods 0
ciMethodData java/lang/ref/ReferenceQueue poll0 ()Ljava/lang/ref/Reference; 1 635 orig 80 0 0 0 0 0 0 0 0 0 0 0 0 0 0 0 0 0 0 0 0 0 0 0 0 0 0 0 0 0 0 0 0 0 0 0 0 0 0 0 0 0 0 0 0 0 0 0 0 0 0 0 0 0 0 0 0 0 0 0 0 0 0 0 0 0 0 0 0 0 0 0 0 0 0 0 0 0 0 0 0 data 32 0x60007 0x2 0xb8 0x279 0x180007 0x275 0x38 0x4 0x1c0003 0x4 0x18 0x330004 0x4 0x2bc3e907c68 0x273 0x2bc3e634080 0x2 0x360007 0x279 0x30 0x0 0x3a0002 0x0 0x0 0x0 0x0 0x0 0x0 0x0 0x9 0x1 0xe oops 2 13 jdk/internal/util/WeakReferenceKey 15 jdk/internal/ref/CleanerImpl$PhantomCleanableRef methods 0
ciMethodData jdk/internal/util/ReferencedKeyMap removeStaleReferences ()V 2 12247 orig 80 0 0 0 0 0 0 0 0 0 0 0 0 0 0 0 0 0 0 0 0 0 0 0 0 0 0 0 0 0 0 0 0 0 0 0 0 0 0 0 0 0 0 0 0 0 0 0 0 0 0 0 0 0 0 0 0 0 0 0 0 0 0 0 0 0 0 0 0 0 0 0 0 0 0 0 0 0 0 0 0 data 31 0x40005 0x0 0x2bc3e909990 0x3048 0x0 0x0 0x90007 0x71 0x38 0x2fd7 0xc0003 0x2fd7 0x60 0x140005 0x0 0x2bc39511248 0x71 0x0 0x0 0x1a0003 0x71 0xffffffffffffff68 0x0 0x0 0x0 0x0 0x0 0x0 0x9 0x1 0x0 oops 2 2 java/lang/ref/ReferenceQueue 15 java/util/concurrent/ConcurrentHashMap methods 0
ciMethodData java/util/concurrent/ConcurrentHashMap get (Ljava/lang/Object;)Ljava/lang/Object; 2 5203 orig 80 0 0 0 0 0 0 0 0 0 0 0 0 0 0 0 0 0 0 0 0 0 0 0 0 0 0 0 0 0 0 0 0 0 0 0 0 0 0 0 0 0 0 0 0 0 0 0 0 0 0 0 0 0 0 0 0 0 0 0 0 0 0 0 0 0 0 0 0 0 0 0 0 0 0 0 0 0 0 0 0 data 97 0x10005 0x83c 0x2bc3958dda8 0xb24 0x2bc39510108 0xf3 0x40002 0x1453 0xf0007 0x4e 0x278 0x1405 0x170007 0x0 0x258 0x1405 0x220002 0x1405 0x270007 0x713 0x228 0xcf2 0x330007 0x563 0xb0 0x78f 0x3e0007 0x1c3 0x90 0x5cc 0x430007 0x0 0xf8 0x5cc 0x490005 0x1b0 0x2bc3958dda8 0x3d9 0x2bc39510108 0x43 0x4c0007 0x0 0xa8 0x5cc 0x560007 0x563 0x88 0x0 0x5d0005 0x0 0x0 0x0 0x0 0x0 0x630007 0x0 0x38 0x0 0x6b0003 0x0 0x18 0x760007 0x3b9 0xd0 0x2e6 0x7f0007 0x13c 0xffffffffffffffe0 0x1aa 0x8a0007 0x74 0x90 0x136 0x8f0007 0x0 0xffffffffffffffa0 0x136 0x950005 0xf 0x2bc3958dda8 0xeb 0x2bc3950e088 0x3c 0x980007 0x0 0xffffffffffffff50 0x136 0x0 0x0 0x0 0x0 0x0 0x0 0x9 0x2 0x0 0x0 oops 6 2 jdk/internal/util/StrongReferenceKey 4 java/lang/invoke/MemberName 36 jdk/internal/util/StrongReferenceKey 38 java/lang/invoke/MemberName 79 jdk/internal/util/StrongReferenceKey 81 java/lang/String methods 0
ciMethodData java/util/Objects requireNonNull (Ljava/lang/Object;Ljava/lang/String;)Ljava/lang/Object; 2 45706 orig 80 0 0 0 0 0 0 0 0 0 0 0 0 0 0 0 0 0 0 0 0 0 0 0 0 0 0 0 0 0 0 0 0 0 0 0 0 0 0 0 0 0 0 0 0 0 0 0 0 0 0 0 0 0 0 0 0 0 0 0 0 0 0 0 0 0 0 0 0 0 0 0 0 0 0 0 0 0 0 0 0 data 16 0x10007 0xb28a 0x30 0x0 0x90002 0x0 0x0 0x0 0x0 0x0 0x0 0x0 0x9 0x2 0x0 0xffffffffffffffff oops 0 methods 0
ciMethodData java/lang/invoke/MethodTypeForm canonicalize (Ljava/lang/Class;I)Ljava/lang/Class; 2 4410 orig 80 0 0 0 0 0 0 0 0 0 0 0 0 0 0 0 0 0 0 0 0 0 0 0 0 0 0 0 0 0 0 0 0 0 0 0 0 0 0 0 0 0 0 0 0 0 0 0 0 0 0 0 0 0 0 0 0 0 0 0 0 0 0 0 0 0 0 0 0 0 0 0 0 0 0 0 0 0 0 0 0 data 50 0x30007 0xde4 0x38 0x356 0x60003 0x356 0x120 0xa0005 0x3 0x2bc3950e110 0xde1 0x0 0x0 0xd0007 0x3b6 0xa8 0xa2e 0x110008 0x6 0x0 0x70 0xa2e 0x70 0x0 0x40 0x2d0002 0x0 0x330007 0x0 0x20 0x0 0x3b0003 0x0 0x48 0x400007 0x3b6 0x30 0x0 0x440002 0x0 0x0 0x0 0x0 0x0 0x0 0x0 0x9 0x2 0x0 0x0 oops 1 9 java/lang/Class methods 0
ciMethodData sun/invoke/util/Wrapper forPrimitiveType (Ljava/lang/Class;)Lsun/invoke/util/Wrapper; 2 1611 orig 80 0 0 0 0 0 0 0 0 0 0 0 0 0 0 0 0 0 0 0 0 0 0 0 0 0 0 0 0 0 0 0 0 0 0 0 0 0 0 0 0 0 0 0 0 0 0 0 0 0 0 0 0 0 0 0 0 0 0 0 0 0 0 0 0 0 0 0 0 0 0 0 0 0 0 0 0 0 0 0 0 data 73 0x40007 0x3b8 0x20 0x293 0xf0007 0x311 0x20 0xa7 0x1a0007 0x243 0x20 0xce 0x250007 0x239 0x20 0xa 0x300007 0x22c 0x20 0xd 0x3b0007 0x223 0x20 0x9 0x460007 0x215 0x20 0xe 0x510007 0x207 0x20 0xe 0x5c0007 0x0 0x20 0x207 0x670002 0x0 0x6c0005 0x0 0x0 0x0 0x0 0x0 0x700005 0x0 0x0 0x0 0x0 0x0 0x730005 0x0 0x0 0x0 0x0 0x0 0x760002 0x0 0x0 0x0 0x0 0x0 0x0 0x0 0x0 0x0 0x0 0x0 0x0 0x0 0x9 0x1 0xffffffffffffffff oops 0 methods 0
ciMethodData java/lang/invoke/MethodType hashCode ()I 2 5151 orig 80 0 0 0 0 0 0 0 0 0 0 0 0 0 0 0 0 0 0 0 0 0 0 0 0 0 0 0 0 0 0 0 0 0 0 0 0 0 0 0 0 0 0 0 0 0 0 0 0 0 0 0 0 0 0 0 0 0 0 0 0 0 0 0 0 0 0 0 0 0 0 0 0 0 0 0 0 0 0 0 0 data 28 0x60005 0x0 0x2bc3950e110 0x141f 0x0 0x0 0x190007 0x141f 0x68 0x1daf 0x280005 0x0 0x2bc3950e110 0x1daf 0x0 0x0 0x300003 0x1daf 0xffffffffffffffb0 0x0 0x0 0x0 0x0 0x0 0x0 0x9 0x1 0x0 oops 2 2 java/lang/Class 12 java/lang/Class methods 0
ciMethodData jdk/internal/util/ReferencedKeyMap get (Ljava/lang/Object;)Ljava/lang/Object; 2 8819 orig 80 0 0 0 0 0 0 0 0 0 0 0 0 0 0 0 0 0 0 0 0 0 0 0 0 0 0 0 0 0 0 0 0 0 0 0 0 0 0 0 0 0 0 0 0 0 0 0 0 0 0 0 0 0 0 0 0 0 0 0 0 0 0 0 0 0 0 0 0 0 0 0 0 0 0 0 0 0 0 0 0 data 22 0x10005 0x0 0x2bc3e9071c0 0x2273 0x0 0x0 0x60005 0x2273 0x0 0x0 0x0 0x0 0x0 0x0 0x0 0x0 0x0 0x0 0x9 0x2 0x0 0x0 oops 1 2 jdk/internal/util/ReferencedKeyMap methods 0
ciMethodData jdk/internal/util/ReferencedKeyMap getNoCheckStale (Ljava/lang/Object;)Ljava/lang/Object; 2 8833 orig 80 0 0 0 0 0 0 0 0 0 0 0 0 0 0 0 0 0 0 0 0 0 0 0 0 0 0 0 0 0 0 0 0 0 0 0 0 0 0 0 0 0 0 0 0 0 0 0 0 0 0 0 0 0 0 0 0 0 0 0 0 0 0 0 0 0 0 0 0 0 0 0 0 0 0 0 0 0 0 0 0 data 24 0x30002 0x2281 0xd0005 0x2281 0x0 0x0 0x0 0x0 0x100005 0x0 0x2bc39511248 0x2281 0x0 0x0 0x0 0x0 0x0 0x0 0x0 0x0 0x9 0x2 0x0 0x0 oops 1 10 java/util/concurrent/ConcurrentHashMap methods 0
ciMethodData jdk/internal/util/ReferencedKeyMap lookupKey (Ljava/lang/Object;)Ljdk/internal/util/ReferenceKey; 2 11699 orig 80 0 0 0 0 0 0 0 0 0 0 0 0 0 0 0 0 0 0 0 0 0 0 0 0 0 0 0 0 0 0 0 0 0 0 0 0 0 0 0 0 0 0 0 0 0 0 0 0 0 0 0 0 0 0 0 0 0 0 0 0 0 0 0 0 0 0 0 0 0 0 0 0 0 0 0 0 0 0 0 0 data 8 0x50002 0x2db3 0x0 0x0 0x9 0x2 0x0 0x0 oops 0 methods 0
ciMethodData jdk/internal/util/StrongReferenceKey <init> (Ljava/lang/Object;)V 2 11699 orig 80 0 0 0 0 0 0 0 0 0 0 0 0 0 0 0 0 0 0 0 0 0 0 0 0 0 0 0 0 0 0 0 0 0 0 0 0 0 0 0 0 0 0 0 0 0 0 0 0 0 0 0 0 0 0 0 0 0 0 0 0 0 0 0 0 0 0 0 0 0 0 0 0 0 0 0 0 0 0 0 0 data 10 0x10002 0x2db3 0x0 0x0 0x0 0x0 0x9 0x2 0x0 0x0 oops 0 methods 0
ciMethodData java/lang/invoke/MethodType checkSlotCount (I)V 2 4851 orig 80 0 0 0 0 0 0 0 0 0 0 0 0 0 0 0 0 0 0 0 0 0 0 0 0 0 0 0 0 0 0 0 0 0 0 0 0 0 0 0 0 0 0 0 0 0 0 0 0 0 0 0 0 0 0 0 0 0 0 0 0 0 0 0 0 0 0 0 0 0 0 0 0 0 0 0 0 0 0 0 0 data 35 0x60007 0x12f3 0xd0 0x0 0xd0002 0x0 0x120005 0x0 0x0 0x0 0x0 0x0 0x160005 0x0 0x0 0x0 0x0 0x0 0x190005 0x0 0x0 0x0 0x0 0x0 0x1c0002 0x0 0x0 0x0 0x0 0x0 0x0 0x0 0x9 0x1 0x0 oops 0 methods 0
ciMethodData java/lang/StringBuilder append (Ljava/lang/String;)Ljava/lang/StringBuilder; 2 25395 orig 80 1 0 0 0 0 0 0 0 0 0 0 0 0 0 0 0 0 0 0 0 0 0 0 0 0 0 0 0 0 0 0 0 0 0 0 0 0 0 0 0 0 0 0 0 0 0 0 0 0 0 0 0 0 0 0 0 0 0 0 0 0 0 0 0 0 0 0 0 0 0 0 0 0 0 0 0 0 0 0 0 data 9 0x20002 0x6333 0x0 0x0 0x0 0x9 0x2 0xe 0x0 oops 0 methods 0
ciMethodData java/lang/invoke/MethodHandleStatics newIllegalArgumentException (Ljava/lang/String;)Ljava/lang/RuntimeException; 1 0 orig 80 0 0 0 0 0 0 0 0 0 0 0 0 0 0 0 0 0 0 0 0 0 0 0 0 0 0 0 0 0 0 0 0 0 0 0 0 0 0 0 0 0 0 0 0 0 0 0 0 0 0 0 0 0 0 0 0 0 0 0 0 0 0 0 0 0 0 0 0 0 0 0 0 0 0 0 0 0 0 0 0 data 8 0x50002 0x0 0x0 0x0 0x0 0x9 0x1 0x0 oops 0 methods 0
ciMethodData java/lang/IllegalArgumentException <init> (Ljava/lang/String;)V 1 1 orig 80 0 0 0 0 0 0 0 0 0 0 0 0 0 0 0 0 0 0 0 0 0 0 0 0 0 0 0 0 0 0 0 0 0 0 0 0 0 0 0 0 0 0 0 0 0 0 0 0 0 0 0 0 0 0 0 0 0 0 0 0 0 0 0 0 0 0 0 0 0 0 0 0 0 0 0 0 0 0 0 0 data 8 0x20002 0x1 0x0 0x0 0x9 0x2 0x1c 0x0 oops 0 methods 0
ciMethodData jdk/internal/util/StrongReferenceKey hashCode ()I 2 5185 orig 80 0 0 0 0 0 0 0 0 0 0 0 0 0 0 0 0 0 0 0 0 0 0 0 0 0 0 0 0 0 0 0 0 0 0 0 0 0 0 0 0 0 0 0 0 0 0 0 0 0 0 0 0 0 0 0 0 0 0 0 0 0 0 0 0 0 0 0 0 0 0 0 0 0 0 0 0 0 0 0 0 data 21 0x10005 0x2 0x2bc3958dda8 0x143f 0x0 0x0 0x40005 0x2 0x2bc395103b0 0xfe7 0x2bc3958dda8 0x458 0x0 0x0 0x0 0x0 0x0 0x0 0x9 0x1 0x0 oops 3 2 jdk/internal/util/StrongReferenceKey 8 java/lang/invoke/MethodType 10 jdk/internal/util/StrongReferenceKey methods 0
ciMethodData java/lang/invoke/MethodType <init> (Ljava/lang/Class;[Ljava/lang/Class;)V 2 4725 orig 80 0 0 0 0 0 0 0 0 0 0 0 0 0 0 0 0 0 0 0 0 0 0 0 0 0 0 0 0 0 0 0 0 0 0 0 0 0 0 0 0 0 0 0 0 0 0 0 0 0 0 0 0 0 0 0 0 0 0 0 0 0 0 0 0 0 0 0 0 0 0 0 0 0 0 0 0 0 0 0 0 data 11 0x10002 0x1275 0x0 0x0 0x0 0x0 0x9 0x3 0x6 0x0 0x0 oops 0 methods 0
ciMethodData java/lang/invoke/MethodType methodType (Ljava/lang/Class;[Ljava/lang/Class;Z)Ljava/lang/invoke/MethodType; 2 5123 orig 80 0 0 0 0 0 0 0 0 0 0 0 0 0 0 0 0 0 0 0 0 0 0 0 0 0 0 0 0 0 0 0 0 0 0 0 0 0 0 0 0 0 0 0 0 0 0 0 0 0 0 0 0 0 0 0 0 0 0 0 0 0 0 0 0 0 0 0 0 0 0 0 0 0 0 0 0 0 0 0 0 data 41 0x30007 0xe77 0xe0 0x58c 0xc0007 0x2ec 0x30 0x2a0 0x110002 0x2a0 0x170002 0x2ec 0x1a0007 0x67 0x80 0x285 0x260007 0x4e 0x30 0x237 0x2d0002 0x237 0x350007 0x4c 0x30 0x2 0x3a0002 0x2 0x410002 0xf2a 0x0 0x0 0x0 0x0 0x0 0x0 0x9 0x3 0x0 0x0 0x0 oops 0 methods 0
ciMethodData java/lang/invoke/MethodType genericMethodType (IZ)Ljava/lang/invoke/MethodType; 2 1911 orig 80 0 0 0 0 0 0 0 0 0 0 0 0 0 0 0 0 0 0 0 0 0 0 0 0 0 0 0 0 0 0 0 0 0 0 0 0 0 0 0 0 0 0 0 0 0 0 0 0 0 0 0 0 0 0 0 0 0 0 0 0 0 0 0 0 0 0 0 0 0 0 0 0 0 0 0 0 0 0 0 0 data 51 0x10002 0x777 0x50007 0x3 0x38 0x774 0x90003 0x774 0x18 0x1b0007 0x0 0x40 0x777 0x260007 0x2 0x20 0x775 0x370002 0x2 0x3b0007 0x1 0x50 0x1 0x430004 0x0 0x2bc3950e110 0x1 0x0 0x0 0x490002 0x2 0x530007 0x0 0x50 0x2 0x5c0004 0x0 0x2bc395103b0 0x2 0x0 0x0 0x0 0x0 0x0 0x0 0x0 0x0 0x9 0x2 0x0 0x0 oops 2 25 java/lang/Class 37 java/lang/invoke/MethodType methods 0
ciMethodData java/lang/invoke/MethodType isAllObject ([Ljava/lang/Class;I)Z 1 748 orig 80 0 0 0 0 0 0 0 0 0 0 0 0 0 0 0 0 0 0 0 0 0 0 0 0 0 0 0 0 0 0 0 0 0 0 0 0 0 0 0 0 0 0 0 0 0 0 0 0 0 0 0 0 0 0 0 0 0 0 0 0 0 0 0 0 0 0 0 0 0 0 0 0 0 0 0 0 0 0 0 0 data 21 0x40007 0x285 0x58 0x368 0xc0007 0x301 0x20 0x67 0x140003 0x301 0xffffffffffffffc0 0x0 0x0 0x0 0x0 0x0 0x0 0x9 0x2 0x0 0x0 oops 0 methods 0
ciMethodData java/lang/invoke/MethodType makeImpl (Ljava/lang/Class;[Ljava/lang/Class;Z)Ljava/lang/invoke/MethodType; 2 4714 orig 80 0 0 0 0 0 0 0 0 0 0 0 0 0 0 0 0 0 0 0 0 0 0 0 0 0 0 0 0 0 0 0 0 0 0 0 0 0 0 0 0 0 0 0 0 0 0 0 0 0 0 0 0 0 0 0 0 0 0 0 0 0 0 0 0 0 0 0 0 0 0 0 0 0 0 0 0 0 0 0 0 data 70 0x20007 0x94c 0x20 0x91e 0x110002 0x126a 0x190005 0x1a 0x2bc3e156e08 0x1250 0x0 0x0 0x1c0104 0x0 0x2bc395103b0 0xbe3 0x0 0x0 0x230007 0x687 0x20 0xbe3 0x2a0002 0x687 0x2f0007 0x6 0x48 0x681 0x330002 0x681 0x3a0003 0x681 0x78 0x400002 0x6 0x430004 0x0 0x2bc3e0794a0 0x6 0x0 0x0 0x480002 0x6 0x520002 0x6 0x5b0002 0x687 0x660005 0x14 0x2bc3e156e08 0x673 0x0 0x0 0x690004 0x0 0x2bc395103b0 0x687 0x0 0x0 0x0 0x0 0x0 0x0 0x0 0x0 0x9 0x3 0x0 0x0 0x0 oops 5 8 jdk/internal/util/ReferencedKeySet 14 java/lang/invoke/MethodType 37 [Ljava/lang/Class; 49 jdk/internal/util/ReferencedKeySet 55 java/lang/invoke/MethodType methods 0
ciMethodData jdk/internal/util/ReferencedKeySet get (Ljava/lang/Object;)Ljava/lang/Object; 2 4707 orig 80 0 0 0 0 0 0 0 0 0 0 0 0 0 0 0 0 0 0 0 0 0 0 0 0 0 0 0 0 0 0 0 0 0 0 0 0 0 0 0 0 0 0 0 0 0 0 0 0 0 0 0 0 0 0 0 0 0 0 0 0 0 0 0 0 0 0 0 0 0 0 0 0 0 0 0 0 0 0 0 0 data 35 0x50005 0xf 0x2bc3e9071c0 0x1254 0x0 0x0 0x80104 0x0 0x2bc3e907c68 0xbe5 0x0 0x0 0xd0007 0xbe5 0x38 0x67e 0x110003 0x67e 0x48 0x150005 0x0 0x2bc3e907c68 0xbe5 0x0 0x0 0x0 0x0 0x0 0x0 0x0 0x0 0x9 0x2 0x0 0x0 oops 3 2 jdk/internal/util/ReferencedKeyMap 8 jdk/internal/util/WeakReferenceKey 21 jdk/internal/util/WeakReferenceKey methods 0
ciMethodData java/lang/invoke/MethodType checkPtypes ([Ljava/lang/Class;)I 2 2264 orig 80 0 0 0 0 0 0 0 0 0 0 0 0 0 0 0 0 0 0 0 0 0 0 0 0 0 0 0 0 0 0 0 0 0 0 0 0 0 0 0 0 0 0 0 0 0 0 0 0 0 0 0 0 0 0 0 0 0 0 0 0 0 0 0 0 0 0 0 0 0 0 0 0 0 0 0 0 0 0 0 0 data 34 0xd0007 0x8d8 0xb8 0xc07 0x180002 0xc07 0x210007 0xc07 0x30 0x0 0x260002 0x0 0x2f0007 0x0 0x40 0xc07 0x370007 0xbcf 0x20 0x38 0x400003 0xc07 0xffffffffffffff60 0x470002 0x8d8 0x0 0x0 0x0 0x0 0x0 0x0 0x9 0x1 0x0 oops 0 methods 0
ciMethodData java/util/Arrays copyOf ([Ljava/lang/Object;I)[Ljava/lang/Object; 2 2985 orig 80 0 0 0 0 0 0 0 0 0 0 0 0 0 0 0 0 0 0 0 0 0 0 0 0 0 0 0 0 0 0 0 0 0 0 0 0 0 0 0 0 0 0 0 0 0 0 0 0 0 0 0 0 0 0 0 0 0 0 0 0 0 0 0 0 0 0 0 0 0 0 0 0 0 0 0 0 0 0 0 0 data 18 0x30005 0x415 0x2bc3e07b938 0x395 0x2bc3e639d20 0x3ff 0x60002 0xba9 0x0 0x0 0x0 0x0 0x0 0x0 0x9 0x2 0xffffffffffffffff 0x0 oops 2 2 [Ljava/lang/Object; 4 [Ljava/lang/classfile/Attribute; methods 0
ciMethodData java/util/Arrays copyOf ([Ljava/lang/Object;ILjava/lang/Class;)[Ljava/lang/Object; 2 3962 orig 80 0 0 0 0 0 0 0 0 0 0 0 0 0 0 0 0 0 0 0 0 0 0 0 0 0 0 0 0 0 0 0 0 0 0 0 0 0 0 0 0 0 0 0 0 0 0 0 0 0 0 0 0 0 0 0 0 0 0 0 0 0 0 0 0 0 0 0 0 0 0 0 0 0 0 0 0 0 0 0 0 data 36 0x30007 0x839 0x38 0x741 0xa0003 0x741 0x88 0xe0005 0x66 0x2bc3950e110 0x7d3 0x0 0x0 0x120002 0x839 0x150004 0x155 0x2bc3e639d20 0x444 0x2bc3eba38f0 0x2a0 0x200002 0xf7a 0x230002 0xf7a 0x0 0x0 0x0 0x0 0x0 0x0 0x9 0x3 0xffffffffffffffff 0x0 0x0 oops 3 9 java/lang/Class 17 [Ljava/lang/classfile/Attribute; 19 [Ljdk/internal/classfile/impl/Util$Writable; methods 0
ciMethodData java/lang/invoke/MethodTypeForm findForm (Ljava/lang/invoke/MethodType;)Ljava/lang/invoke/MethodTypeForm; 2 1667 orig 80 0 0 0 0 0 0 0 0 0 0 0 0 0 0 0 0 0 0 0 0 0 0 0 0 0 0 0 0 0 0 0 0 0 0 0 0 0 0 0 0 0 0 0 0 0 0 0 0 0 0 0 0 0 0 0 0 0 0 0 0 0 0 0 0 0 0 0 0 0 0 0 0 0 0 0 0 0 0 0 0 data 23 0x20002 0x683 0x70007 0x5ff 0x30 0x84 0xf0002 0x84 0x140005 0x4 0x2bc395103b0 0x5fb 0x0 0x0 0x0 0x0 0x0 0x0 0x0 0x0 0x9 0x1 0x0 oops 1 10 java/lang/invoke/MethodType methods 0
ciMethodData java/lang/invoke/MethodTypeForm canonicalize (Ljava/lang/invoke/MethodType;I)Ljava/lang/invoke/MethodType; 2 1667 orig 80 0 0 0 0 0 0 0 0 0 0 0 0 0 0 0 0 0 0 0 0 0 0 0 0 0 0 0 0 0 0 0 0 0 0 0 0 0 0 0 0 0 0 0 0 0 0 0 0 0 0 0 0 0 0 0 0 0 0 0 0 0 0 0 0 0 0 0 0 0 0 0 0 0 0 0 0 0 0 0 0 data 44 0x10005 0x8c 0x2bc395103b0 0x5f7 0x0 0x0 0x70002 0x683 0xc0005 0x8c 0x2bc395103b0 0x5f7 0x0 0x0 0x140002 0x683 0x1a0007 0x332 0x40 0x351 0x1f0007 0x2cd 0x20 0x84 0x260007 0x492 0x20 0x16d 0x2e0007 0x332 0x20 0x2cd 0x370002 0x5ff 0x0 0x0 0x0 0x0 0x0 0x0 0x9 0x2 0x0 0x0 oops 2 2 java/lang/invoke/MethodType 10 java/lang/invoke/MethodType methods 0
ciMethodData java/lang/invoke/MethodTypeForm <init> (Ljava/lang/invoke/MethodType;)V 1 132 orig 80 0 0 0 0 0 0 0 0 0 0 0 0 0 0 0 0 0 0 0 0 0 0 0 0 0 0 0 0 0 0 0 0 0 0 0 0 0 0 0 0 0 0 0 0 0 0 0 0 0 0 0 0 0 0 0 0 0 0 0 0 0 0 0 0 0 0 0 0 0 0 0 0 0 0 0 0 0 0 0 0 data 145 0x10002 0x84 0xa0005 0x84 0x0 0x0 0x0 0x0 0x260007 0x84 0x1d8 0x232 0x340007 0x16c 0x1a0 0xc6 0x400002 0xc6 0x470005 0xc6 0x0 0x0 0x0 0x0 0x4a0007 0xae 0x20 0x18 0x560005 0xc6 0x0 0x0 0x0 0x0 0x590007 0x18 0xf0 0xae 0x610007 0x9f 0xd0 0xf 0x680007 0x1 0x80 0xe 0x6d0005 0x0 0x2bc3e0794a0 0xe 0x0 0x0 0x700004 0x0 0x2bc3e0794a0 0xe 0x0 0x0 0x7c0004 0x0 0x2bc3950e110 0xf 0x0 0x0 0x800003 0x232 0xfffffffffffffe40 0x890005 0x84 0x0 0x0 0x0 0x0 0x960007 0x36 0xa0 0x4e 0xa20002 0x4e 0xa90005 0x4e 0x0 0x0 0x0 0x0 0xac0007 0x28 0x40 0x26 0xb40007 0x15 0x20 0x11 0xc00007 0xe 0x88 0x76 0xc70007 0xf 0x68 0x67 0xd30007 0x67 0x30 0x0 0xd80002 0x0 0xf90003 0x67 0xa8 0x1020002 0x1d 0x10c0005 0x1d 0x0 0x0 0x0 0x0 0x1140007 0x1d 0x50 0x0 0x11a0007 0x0 0x30 0x0 0x1210002 0x0 0x0 0x0 0x0 0x0 0x0 0x0 0x0 0x0 0x0 0x0 0x0 0x0 0x0 0x9 0x2 0x0 0x0 oops 3 48 [Ljava/lang/Class; 54 [Ljava/lang/Class; 60 java/lang/Class methods 0
ciMethodData jdk/internal/util/ReferencedKeySet intern (Ljava/lang/Object;)Ljava/lang/Object; 2 2827 orig 80 0 0 0 0 0 0 0 0 0 0 0 0 0 0 0 0 0 0 0 0 0 0 0 0 0 0 0 0 0 0 0 0 0 0 0 0 0 0 0 0 0 0 0 0 0 0 0 0 0 0 0 0 0 0 0 0 0 0 0 0 0 0 0 0 0 0 0 0 0 0 0 0 0 0 0 0 0 0 0 0 data 12 0x50002 0xb0b 0x0 0x0 0x0 0x0 0x0 0x0 0x9 0x2 0x0 0x0 oops 0 methods 0
ciMethodData jdk/internal/util/ReferencedKeyMap intern (Ljdk/internal/util/ReferencedKeyMap;Ljava/lang/Object;)Ljava/lang/Object; 2 2827 orig 80 0 0 0 0 0 0 0 0 0 0 0 0 0 0 0 0 0 0 0 0 0 0 0 0 0 0 0 0 0 0 0 0 0 0 0 0 0 0 0 0 0 0 0 0 0 0 0 0 0 0 0 0 0 0 0 0 0 0 0 0 0 0 0 0 0 0 0 0 0 0 0 0 0 0 0 0 0 0 0 0 data 18 0x20002 0xb0b 0x70007 0xb00 0x20 0xb 0xe0002 0xb00 0x0 0x0 0x0 0x0 0x0 0x0 0x9 0x2 0x0 0x0 oops 0 methods 0
ciMethodData jdk/internal/util/ReferencedKeyMap existingKey (Ljdk/internal/util/ReferencedKeyMap;Ljava/lang/Object;)Ljava/lang/Object; 2 2827 orig 80 0 0 0 0 0 0 0 0 0 0 0 0 0 0 0 0 0 0 0 0 0 0 0 0 0 0 0 0 0 0 0 0 0 0 0 0 0 0 0 0 0 0 0 0 0 0 0 0 0 0 0 0 0 0 0 0 0 0 0 0 0 0 0 0 0 0 0 0 0 0 0 0 0 0 0 0 0 0 0 0 data 47 0x10005 0x89 0x2bc3e9071c0 0xa82 0x0 0x0 0x70005 0xb0b 0x0 0x0 0x0 0x0 0xa0005 0x89 0x2bc3e9071c0 0xa82 0x0 0x0 0xd0104 0x0 0x2bc3961d748 0xb 0x0 0x0 0x120007 0xb00 0x68 0xb 0x160005 0x0 0x2bc3961d748 0xb 0x0 0x0 0x1b0003 0xb 0x18 0x0 0x0 0x0 0x0 0x0 0x0 0x9 0x2 0x0 0x0 oops 4 2 jdk/internal/util/ReferencedKeyMap 14 jdk/internal/util/ReferencedKeyMap 20 jdk/internal/util/SoftReferenceKey 30 jdk/internal/util/SoftReferenceKey methods 0
ciMethodData jdk/internal/util/ReferencedKeyMap internKey (Ljdk/internal/util/ReferencedKeyMap;Ljava/lang/Object;)Ljava/lang/Object; 2 2814 orig 80 0 0 0 0 0 0 0 0 0 0 0 0 0 0 0 0 0 0 0 0 0 0 0 0 0 0 0 0 0 0 0 0 0 0 0 0 0 0 0 0 0 0 0 0 0 0 0 0 0 0 0 0 0 0 0 0 0 0 0 0 0 0 0 0 0 0 0 0 0 0 0 0 0 0 0 0 0 0 0 0 data 58 0x20005 0xafe 0x0 0x0 0x0 0x0 0x70005 0x10b 0x2bc3e9071c0 0x9f3 0x0 0x0 0x100005 0x0 0x2bc39511248 0xafe 0x0 0x0 0x150104 0x0 0x0 0x0 0x0 0x0 0x1c0007 0x0 0x20 0xafe 0x230005 0x0 0x0 0x0 0x0 0x0 0x2a0007 0x0 0x50 0x0 0x2e0005 0x0 0x0 0x0 0x0 0x0 0x340007 0x0 0xfffffffffffffed0 0x0 0x0 0x0 0x0 0x0 0x0 0x0 0x9 0x2 0x0 0x0 oops 2 8 jdk/internal/util/ReferencedKeyMap 14 java/util/concurrent/ConcurrentHashMap methods 0
ciMethodData java/lang/ref/Reference <init> (Ljava/lang/Object;Ljava/lang/ref/ReferenceQueue;)V 2 12762 orig 80 0 0 0 0 0 0 0 0 0 0 0 0 0 0 0 0 0 0 0 0 0 0 0 0 0 0 0 0 0 0 0 0 0 0 0 0 0 0 0 0 0 0 0 0 0 0 0 0 0 0 0 0 0 0 0 0 0 0 0 0 0 0 0 0 0 0 0 0 0 0 0 0 0 0 0 0 0 0 0 0 data 20 0x10002 0x31da 0xb0007 0x287c 0x38 0x95e 0x110003 0x95e 0x18 0x0 0x0 0x0 0x0 0x0 0x0 0x9 0x3 0x6 0x0 0x0 oops 0 methods 0
ciMethodData java/lang/StringBuilder append (Ljava/lang/Object;)Ljava/lang/StringBuilder; 1 225 orig 80 0 0 0 0 0 0 0 0 0 0 0 0 0 0 0 0 0 0 0 0 0 0 0 0 0 0 0 0 0 0 0 0 0 0 0 0 0 0 0 0 0 0 0 0 0 0 0 0 0 0 0 0 0 0 0 0 0 0 0 0 0 0 0 0 0 0 0 0 0 0 0 0 0 0 0 0 0 0 0 0 data 18 0x20002 0xe1 0x50005 0xb3 0x2bc39510ab8 0x2e 0x0 0x0 0x0 0x0 0x0 0x0 0x0 0x0 0x9 0x2 0xe 0xffffffffffffffff oops 1 4 java/lang/StringBuilder methods 0
ciMethodData java/lang/String valueOf (Ljava/lang/Object;)Ljava/lang/String; 1 678 orig 80 0 0 0 0 0 0 0 0 0 0 0 0 0 0 0 0 0 0 0 0 0 0 0 0 0 0 0 0 0 0 0 0 0 0 0 0 0 0 0 0 0 0 0 0 0 0 0 0 0 0 0 0 0 0 0 0 0 0 0 0 0 0 0 0 0 0 0 0 0 0 0 0 0 0 0 0 0 0 0 0 data 22 0x10007 0x2a6 0x38 0x0 0x70003 0x0 0x48 0xb0005 0x7 0x2bc3950e088 0x1c3 0x2bc3e639290 0xae 0x0 0x0 0x0 0x0 0x0 0x0 0x9 0x1 0xffffffffffffffff oops 2 9 java/lang/String 11 java/security/Provider$UString methods 0
ciMethodData java/lang/invoke/MethodTypeForm canonicalizeAll ([Ljava/lang/Class;I)[Ljava/lang/Class; 2 1568 orig 80 0 0 0 0 0 0 0 0 0 0 0 0 0 0 0 0 0 0 0 0 0 0 0 0 0 0 0 0 0 0 0 0 0 0 0 0 0 0 0 0 0 0 0 0 0 0 0 0 0 0 0 0 0 0 0 0 0 0 0 0 0 0 0 0 0 0 0 0 0 0 0 0 0 0 0 0 0 0 0 0 data 49 0xb0007 0x620 0x138 0x8d1 0x130002 0x8d1 0x1a0007 0x3d6 0xf0 0x4fb 0x220007 0x0 0xd0 0x4fb 0x260007 0x206 0x80 0x2f5 0x2a0005 0x0 0x2bc3e0794a0 0x2f5 0x0 0x0 0x2d0004 0x0 0x2bc3e0794a0 0x2f5 0x0 0x0 0x360004 0x0 0x2bc3950e110 0x4fb 0x0 0x0 0x3a0003 0x8d1 0xfffffffffffffee0 0x0 0x0 0x0 0x0 0x0 0x0 0x9 0x2 0x0 0x0 oops 3 20 [Ljava/lang/Class; 26 [Ljava/lang/Class; 32 java/lang/Class methods 0
ciMethodData jdk/internal/util/StrongReferenceKey equals (Ljava/lang/Object;)Z 2 2966 orig 80 0 0 0 0 0 0 0 0 0 0 0 0 0 0 0 0 0 0 0 0 0 0 0 0 0 0 0 0 0 0 0 0 0 0 0 0 0 0 0 0 0 0 0 0 0 0 0 0 0 0 0 0 0 0 0 0 0 0 0 0 0 0 0 0 0 0 0 0 0 0 0 0 0 0 0 0 0 0 0 0 data 40 0x10004 0xb 0x2bc3e907c68 0xb69 0x2bc3961d748 0x22 0x40007 0xb 0x80 0xb8b 0x80004 0x0 0x2bc3e907c68 0xb69 0x2bc3961d748 0x22 0xd0005 0x0 0x2bc3e907c68 0xb69 0x2bc3961d748 0x22 0x140005 0x6 0x2bc3958dda8 0xb90 0x0 0x0 0x180002 0xb96 0x0 0x0 0x0 0x0 0x0 0x0 0x9 0x2 0x0 0x0 oops 7 2 jdk/internal/util/WeakReferenceKey 4 jdk/internal/util/SoftReferenceKey 12 jdk/internal/util/WeakReferenceKey 14 jdk/internal/util/SoftReferenceKey 18 jdk/internal/util/WeakReferenceKey 20 jdk/internal/util/SoftReferenceKey 24 jdk/internal/util/StrongReferenceKey methods 0
ciMethodData java/lang/ref/WeakReference <init> (Ljava/lang/Object;Ljava/lang/ref/ReferenceQueue;)V 2 4324 orig 80 0 0 0 0 0 0 0 0 0 0 0 0 0 0 0 0 0 0 0 0 0 0 0 0 0 0 0 0 0 0 0 0 0 0 0 0 0 0 0 0 0 0 0 0 0 0 0 0 0 0 0 0 0 0 0 0 0 0 0 0 0 0 0 0 0 0 0 0 0 0 0 0 0 0 0 0 0 0 0 0 data 9 0x30002 0x10e4 0x0 0x0 0x9 0x3 0x6 0x0 0x0 oops 0 methods 0
ciMethodData java/lang/RuntimeException <init> (Ljava/lang/String;)V 1 1 orig 80 0 0 0 0 0 0 0 0 0 0 0 0 0 0 0 0 0 0 0 0 0 0 0 0 0 0 0 0 0 0 0 0 0 0 0 0 0 0 0 0 0 0 0 0 0 0 0 0 0 0 0 0 0 0 0 0 0 0 0 0 0 0 0 0 0 0 0 0 0 0 0 0 0 0 0 0 0 0 0 0 data 8 0x20002 0x1 0x0 0x0 0x9 0x2 0x1c 0x0 oops 0 methods 0
ciMethodData java/lang/ref/SoftReference get ()Ljava/lang/Object; 2 2046 orig 80 0 0 0 0 0 0 0 0 0 0 0 0 0 0 0 0 0 0 0 0 0 0 0 0 0 0 0 0 0 0 0 0 0 0 0 0 0 0 0 0 0 0 0 0 0 0 0 0 0 0 0 0 0 0 0 0 0 0 0 0 0 0 0 0 0 0 0 0 0 0 0 0 0 0 0 0 0 0 0 0 data 19 0x10002 0x7fe 0x60007 0x2 0x40 0x7fc 0x110007 0x77d 0x20 0x7f 0x0 0x0 0x0 0x0 0x0 0x0 0x9 0x1 0x30 oops 0 methods 0
ciMethodData jdk/internal/util/ReferencedKeyMap entryKey (Ljava/lang/Object;)Ljdk/internal/util/ReferenceKey; 2 3727 orig 80 0 0 0 0 0 0 0 0 0 0 0 0 0 0 0 0 0 0 0 0 0 0 0 0 0 0 0 0 0 0 0 0 0 0 0 0 0 0 0 0 0 0 0 0 0 0 0 0 0 0 0 0 0 0 0 0 0 0 0 0 0 0 0 0 0 0 0 0 0 0 0 0 0 0 0 0 0 0 0 0 data 16 0x40007 0x5b1 0x30 0x8de 0x100002 0x8de 0x1d0002 0x5b1 0x0 0x0 0x0 0x0 0x9 0x2 0x0 0x0 oops 0 methods 0
ciMethodData jdk/internal/util/WeakReferenceKey <init> (Ljava/lang/Object;Ljava/lang/ref/ReferenceQueue;)V 2 1457 orig 80 0 0 0 0 0 0 0 0 0 0 0 0 0 0 0 0 0 0 0 0 0 0 0 0 0 0 0 0 0 0 0 0 0 0 0 0 0 0 0 0 0 0 0 0 0 0 0 0 0 0 0 0 0 0 0 0 0 0 0 0 0 0 0 0 0 0 0 0 0 0 0 0 0 0 0 0 0 0 0 0 data 15 0x30002 0x5b1 0x80002 0x5b1 0x0 0x0 0x0 0x0 0x0 0x0 0x9 0x3 0x1e 0x0 0x0 oops 0 methods 0
ciMethodData java/util/concurrent/ConcurrentHashMap remove (Ljava/lang/Object;)Ljava/lang/Object; 1 3 orig 80 0 0 0 0 0 0 0 0 0 0 0 0 0 0 0 0 0 0 0 0 0 0 0 0 0 0 0 0 0 0 0 0 0 0 0 0 0 0 0 0 0 0 0 0 0 0 0 0 0 0 0 0 0 0 0 0 0 0 0 0 0 0 0 0 0 0 0 0 0 0 0 0 0 0 0 0 0 0 0 0 data 16 0x40005 0x3 0x0 0x0 0x0 0x0 0x0 0x0 0x0 0x0 0x0 0x0 0x9 0x2 0x0 0x0 oops 0 methods 0
ciMethodData java/util/concurrent/ConcurrentHashMap replaceNode (Ljava/lang/Object;Ljava/lang/Object;Ljava/lang/Object;)Ljava/lang/Object; 1 531 orig 80 0 0 0 0 0 0 0 0 0 0 0 0 0 0 0 0 0 0 0 0 0 0 0 0 0 0 0 0 0 0 0 0 0 0 0 0 0 0 0 0 0 0 0 0 0 0 0 0 0 0 0 0 0 0 0 0 0 0 0 0 0 0 0 0 0 0 0 0 0 0 0 0 0 0 0 0 0 0 0 0 data 249 0x10005 0x20b 0x2bc3950e088 0x6 0x2bc3950f120 0x2 0x40002 0x213 0x110007 0x1 0x708 0x212 0x1a0007 0x0 0x6e8 0x212 0x290002 0x212 0x2f0007 0x212 0x38 0x0 0x320003 0x0 0x698 0x3e0007 0x212 0x68 0x0 0x460005 0x0 0x0 0x0 0x0 0x0 0x4b0003 0x0 0x618 0x5e0002 0x212 0x630007 0x0 0x548 0x212 0x680007 0x0 0x268 0x212 0x7c0007 0xaf 0x1f8 0x212 0x880007 0x212 0x90 0x0 0x8d0007 0x0 0x1b8 0x0 0x930005 0x0 0x0 0x0 0x0 0x0 0x960007 0x0 0x168 0x0 0xa10007 0x204 0xb0 0xe 0xa70007 0xe 0x90 0x0 0xac0007 0x0 0x140 0x0 0xb20005 0x0 0x0 0x0 0x0 0x0 0xb50007 0x0 0xf0 0x0 0xbd0007 0x206 0x38 0xc 0xc60003 0xc 0xb0 0xcb0007 0x179 0x38 0x8d 0xd80003 0x8d 0x78 0xe40002 0x179 0xe70003 0x179 0x50 0xf60007 0xaf 0xfffffffffffffe08 0x0 0xf90003 0x0 0x18 0xfc0003 0x212 0x2d8 0x1010004 0x0 0x0 0x0 0x0 0x0 0x1040007 0x0 0x230 0x0 0x10c0004 0x0 0x0 0x0 0x0 0x0 0x1190007 0x0 0x1c8 0x0 0x1220005 0x0 0x0 0x0 0x0 0x0 0x1280007 0x0 0x178 0x0 0x1330007 0x0 0xb0 0x0 0x1390007 0x0 0x90 0x0 0x13e0007 0x0 0x118 0x0 0x1440005 0x0 0x0 0x0 0x0 0x0 0x1470007 0x0 0xc8 0x0 0x14f0007 0x0 0x38 0x0 0x1580003 0x0 0x88 0x15f0005 0x0 0x0 0x0 0x0 0x0 0x1620007 0x0 0x40 0x0 0x16e0002 0x0 0x1710002 0x0 0x1740003 0x0 0x78 0x1790004 0x0 0x0 0x0 0x0 0x0 0x17c0007 0x0 0x30 0x0 0x1850002 0x0 0x18c0003 0x212 0x18 0x1990007 0x0 0x90 0x212 0x19e0007 0x0 0x88 0x212 0x1a20007 0xc 0x50 0x206 0x1aa0005 0x206 0x0 0x0 0x0 0x0 0x1b00003 0x0 0xfffffffffffff910 0x0 0x0 0x0 0x0 0x0 0x0 0x0 0x0 0x9 0x4 0x0 0x0 0x0 0x0 0x18f0001 0x18f0001 oops 2 2 java/lang/String 4 java/lang/Thread methods 0
ciMethodData sun/invoke/util/Wrapper isSubwordOrInt ()Z 1 108 orig 80 0 0 0 0 0 0 0 0 0 0 0 0 0 0 0 0 0 0 0 0 0 0 0 0 0 0 0 0 0 0 0 0 0 0 0 0 0 0 0 0 0 0 0 0 0 0 0 0 0 0 0 0 0 0 0 0 0 0 0 0 0 0 0 0 0 0 0 0 0 0 0 0 0 0 0 0 0 0 0 0 data 32 0x10005 0x6c 0x0 0x0 0x0 0x0 0x40007 0xa 0x88 0x62 0x80005 0x62 0x0 0x0 0x0 0x0 0xb0007 0x1f 0x38 0x43 0xf0003 0x43 0x18 0x0 0x0 0x0 0x0 0x0 0x0 0x9 0x1 0x0 oops 0 methods 0
ciMethodData sun/invoke/util/Wrapper isIntegral ()Z 1 108 orig 80 0 0 0 0 0 0 0 0 0 0 0 0 0 0 0 0 0 0 0 0 0 0 0 0 0 0 0 0 0 0 0 0 0 0 0 0 0 0 0 0 0 0 0 0 0 0 0 0 0 0 0 0 0 0 0 0 0 0 0 0 0 0 0 0 0 0 0 0 0 0 0 0 0 0 0 0 0 0 0 0 data 26 0x10005 0x6c 0x0 0x0 0x0 0x0 0x40007 0xa 0x58 0x62 0xe0007 0x0 0x38 0x62 0x120003 0x62 0x18 0x0 0x0 0x0 0x0 0x0 0x0 0x9 0x1 0x0 oops 0 methods 0
ciMethodData sun/invoke/util/Wrapper isNumeric ()Z 1 108 orig 80 0 0 0 0 0 0 0 0 0 0 0 0 0 0 0 0 0 0 0 0 0 0 0 0 0 0 0 0 0 0 0 0 0 0 0 0 0 0 0 0 0 0 0 0 0 0 0 0 0 0 0 0 0 0 0 0 0 0 0 0 0 0 0 0 0 0 0 0 0 0 0 0 0 0 0 0 0 0 0 0 data 13 0x70007 0xa 0x38 0x62 0xb0003 0x62 0x18 0x0 0x0 0x0 0x9 0x1 0x0 oops 0 methods 0
ciMethodData sun/invoke/util/Wrapper isSingleWord ()Z 1 98 orig 80 0 0 0 0 0 0 0 0 0 0 0 0 0 0 0 0 0 0 0 0 0 0 0 0 0 0 0 0 0 0 0 0 0 0 0 0 0 0 0 0 0 0 0 0 0 0 0 0 0 0 0 0 0 0 0 0 0 0 0 0 0 0 0 0 0 0 0 0 0 0 0 0 0 0 0 0 0 0 0 0 data 13 0x60007 0x1f 0x38 0x43 0xa0003 0x43 0x18 0x0 0x0 0x0 0x9 0x1 0x0 oops 0 methods 0
ciMethodData sun/invoke/util/Wrapper isDoubleWord ()Z 1 22 orig 80 0 0 0 0 0 0 0 0 0 0 0 0 0 0 0 0 0 0 0 0 0 0 0 0 0 0 0 0 0 0 0 0 0 0 0 0 0 0 0 0 0 0 0 0 0 0 0 0 0 0 0 0 0 0 0 0 0 0 0 0 0 0 0 0 0 0 0 0 0 0 0 0 0 0 0 0 0 0 0 0 data 13 0x60007 0xf 0x38 0x7 0xa0003 0x7 0x18 0x0 0x0 0x0 0x9 0x1 0x0 oops 0 methods 0
ciMethodData jdk/internal/vm/ContinuationSupport pinIfSupported ()V 1 119 orig 80 0 0 0 0 0 0 0 0 0 0 0 0 0 0 0 0 0 0 0 0 0 0 0 0 0 0 0 0 0 0 0 0 0 0 0 0 0 0 0 0 0 0 0 0 0 0 0 0 0 0 0 0 0 0 0 0 0 0 0 0 0 0 0 0 0 0 0 0 0 0 0 0 0 0 0 0 0 0 0 0 data 16 0x2 0x78 0x30007 0x0 0x30 0x78 0x60002 0x78 0x0 0x0 0x0 0x0 0x0 0x0 0x9 0x0 oops 0 methods 0
ciMethodData jdk/internal/vm/ContinuationSupport unpinIfSupported ()V 1 119 orig 80 0 0 0 0 0 0 0 0 0 0 0 0 0 0 0 0 0 0 0 0 0 0 0 0 0 0 0 0 0 0 0 0 0 0 0 0 0 0 0 0 0 0 0 0 0 0 0 0 0 0 0 0 0 0 0 0 0 0 0 0 0 0 0 0 0 0 0 0 0 0 0 0 0 0 0 0 0 0 0 0 data 16 0x2 0x78 0x30007 0x0 0x30 0x78 0x60002 0x78 0x0 0x0 0x0 0x0 0x0 0x0 0x9 0x0 oops 0 methods 0
ciMethodData java/lang/ref/SoftReference <init> (Ljava/lang/Object;Ljava/lang/ref/ReferenceQueue;)V 2 1788 orig 80 0 0 0 0 0 0 0 0 0 0 0 0 0 0 0 0 0 0 0 0 0 0 0 0 0 0 0 0 0 0 0 0 0 0 0 0 0 0 0 0 0 0 0 0 0 0 0 0 0 0 0 0 0 0 0 0 0 0 0 0 0 0 0 0 0 0 0 0 0 0 0 0 0 0 0 0 0 0 0 0 data 11 0x30002 0x6fd 0x0 0x0 0x0 0x0 0x9 0x3 0x36 0x0 0x0 oops 0 methods 0
ciMethodData jdk/internal/util/SoftReferenceKey <init> (Ljava/lang/Object;Ljava/lang/ref/ReferenceQueue;)V 2 1758 orig 80 0 0 0 0 0 0 0 0 0 0 0 0 0 0 0 0 0 0 0 0 0 0 0 0 0 0 0 0 0 0 0 0 0 0 0 0 0 0 0 0 0 0 0 0 0 0 0 0 0 0 0 0 0 0 0 0 0 0 0 0 0 0 0 0 0 0 0 0 0 0 0 0 0 0 0 0 0 0 0 0 data 15 0x30002 0x6df 0x80002 0x6df 0x0 0x0 0x0 0x0 0x0 0x0 0x9 0x3 0x3e 0x0 0x0 oops 0 methods 0
compile java/lang/invoke/MethodType methodType (Ljava/lang/Class;[Ljava/lang/Class;Z)Ljava/lang/invoke/MethodType; -1 4 inline 200 0 -1 0 java/lang/invoke/MethodType methodType (Ljava/lang/Class;[Ljava/lang/Class;Z)Ljava/lang/invoke/MethodType; 1 23 0 java/lang/invoke/MethodType isAllObject ([Ljava/lang/Class;I)Z 1 65 0 java/lang/invoke/MethodType makeImpl (Ljava/lang/Class;[Ljava/lang/Class;Z)Ljava/lang/invoke/MethodType; 2 17 0 java/lang/invoke/MethodType <init> (Ljava/lang/Class;[Ljava/lang/Class;)V 3 1 0 java/lang/Object <init> ()V 2 25 0 jdk/internal/util/ReferencedKeySet get (Ljava/lang/Object;)Ljava/lang/Object; 3 5 0 jdk/internal/util/ReferencedKeyMap get (Ljava/lang/Object;)Ljava/lang/Object; 4 1 0 jdk/internal/util/ReferencedKeyMap removeStaleReferences ()V 5 4 0 java/lang/ref/ReferenceQueue poll ()Ljava/lang/ref/Reference; 5 20 0 java/util/concurrent/ConcurrentHashMap remove (Ljava/lang/Object;)Ljava/lang/Object; 4 6 0 jdk/internal/util/ReferencedKeyMap getNoCheckStale (Ljava/lang/Object;)Ljava/lang/Object; 5 3 0 java/util/Objects requireNonNull (Ljava/lang/Object;Ljava/lang/String;)Ljava/lang/Object; 5 13 0 jdk/internal/util/ReferencedKeyMap lookupKey (Ljava/lang/Object;)Ljdk/internal/util/ReferenceKey; 6 5 0 jdk/internal/util/StrongReferenceKey <init> (Ljava/lang/Object;)V 7 1 0 java/lang/Object <init> ()V 5 16 0 java/util/concurrent/ConcurrentHashMap get (Ljava/lang/Object;)Ljava/lang/Object; 6 1 0 jdk/internal/util/StrongReferenceKey hashCode ()I 7 1 0 jdk/internal/util/StrongReferenceKey get ()Ljava/lang/Object; 7 4 0 java/lang/invoke/MethodType hashCode ()I 6 4 0 java/util/concurrent/ConcurrentHashMap spread (I)I 6 34 0 java/util/concurrent/ConcurrentHashMap tabAt ([Ljava/util/concurrent/ConcurrentHashMap$Node;I)Ljava/util/concurrent/ConcurrentHashMap$Node; 6 73 0 jdk/internal/util/StrongReferenceKey equals (Ljava/lang/Object;)Z 7 13 0 java/lang/ref/SoftReference get ()Ljava/lang/Object; 7 20 0 jdk/internal/util/StrongReferenceKey get ()Ljava/lang/Object; 7 24 0 java/util/Objects equals (Ljava/lang/Object;Ljava/lang/Object;)Z 6 149 0 jdk/internal/util/StrongReferenceKey equals (Ljava/lang/Object;)Z 7 13 0 java/lang/ref/SoftReference get ()Ljava/lang/Object; 7 20 0 jdk/internal/util/StrongReferenceKey get ()Ljava/lang/Object; 7 24 0 java/util/Objects equals (Ljava/lang/Object;Ljava/lang/Object;)Z 2 42 0 java/util/Objects requireNonNull (Ljava/lang/Object;)Ljava/lang/Object; 2 51 0 java/lang/invoke/MethodType checkPtypes ([Ljava/lang/Class;)I 3 24 0 java/util/Objects requireNonNull (Ljava/lang/Object;)Ljava/lang/Object; 3 71 0 java/lang/invoke/MethodType checkSlotCount (I)V 2 82 0 java/lang/invoke/MethodType <init> (Ljava/lang/Class;[Ljava/lang/Class;)V 3 1 0 java/lang/Object <init> ()V 2 91 0 java/lang/invoke/MethodTypeForm findForm (Ljava/lang/invoke/MethodType;)Ljava/lang/invoke/MethodTypeForm; 3 2 0 java/lang/invoke/MethodTypeForm canonicalize (Ljava/lang/invoke/MethodType;I)Ljava/lang/invoke/MethodType; 4 1 0 java/lang/invoke/MethodType ptypes ()[Ljava/lang/Class; 4 7 0 java/lang/invoke/MethodTypeForm canonicalizeAll ([Ljava/lang/Class;I)[Ljava/lang/Class; 5 19 0 java/lang/invoke/MethodTypeForm canonicalize (Ljava/lang/Class;I)Ljava/lang/Class; 6 10 0 java/lang/Class isPrimitive ()Z 4 12 0 java/lang/invoke/MethodType returnType ()Ljava/lang/Class; 4 20 0 java/lang/invoke/MethodTypeForm canonicalize (Ljava/lang/Class;I)Ljava/lang/Class; 5 10 0 java/lang/Class isPrimitive ()Z 4 55 0 java/lang/invoke/MethodType methodType (Ljava/lang/Class;[Ljava/lang/Class;Z)Ljava/lang/invoke/MethodType; 5 23 0 java/lang/invoke/MethodType isAllObject ([Ljava/lang/Class;I)Z 5 65 0 java/lang/invoke/MethodType makeImpl (Ljava/lang/Class;[Ljava/lang/Class;Z)Ljava/lang/invoke/MethodType; 6 17 0 java/lang/invoke/MethodType <init> (Ljava/lang/Class;[Ljava/lang/Class;)V 7 1 0 java/lang/Object <init> ()V 6 25 0 jdk/internal/util/ReferencedKeySet get (Ljava/lang/Object;)Ljava/lang/Object; 7 5 0 jdk/internal/util/ReferencedKeyMap get (Ljava/lang/Object;)Ljava/lang/Object; 8 1 0 jdk/internal/util/ReferencedKeyMap removeStaleReferences ()V 9 4 0 java/lang/ref/ReferenceQueue poll ()Ljava/lang/ref/Reference; 9 20 0 java/util/concurrent/ConcurrentHashMap remove (Ljava/lang/Object;)Ljava/lang/Object; 8 6 0 jdk/internal/util/ReferencedKeyMap getNoCheckStale (Ljava/lang/Object;)Ljava/lang/Object; 9 3 0 java/util/Objects requireNonNull (Ljava/lang/Object;Ljava/lang/String;)Ljava/lang/Object; 9 13 0 jdk/internal/util/ReferencedKeyMap lookupKey (Ljava/lang/Object;)Ljdk/internal/util/ReferenceKey; 10 5 0 jdk/internal/util/StrongReferenceKey <init> (Ljava/lang/Object;)V 11 1 0 java/lang/Object <init> ()V 9 16 0 java/util/concurrent/ConcurrentHashMap get (Ljava/lang/Object;)Ljava/lang/Object; 10 1 0 jdk/internal/util/StrongReferenceKey hashCode ()I 11 1 0 jdk/internal/util/StrongReferenceKey get ()Ljava/lang/Object; 11 4 0 java/lang/invoke/MethodType hashCode ()I 10 4 0 java/util/concurrent/ConcurrentHashMap spread (I)I 10 34 0 java/util/concurrent/ConcurrentHashMap tabAt ([Ljava/util/concurrent/ConcurrentHashMap$Node;I)Ljava/util/concurrent/ConcurrentHashMap$Node; 10 73 0 jdk/internal/util/StrongReferenceKey equals (Ljava/lang/Object;)Z 11 13 0 java/lang/ref/SoftReference get ()Ljava/lang/Object; 11 20 0 jdk/internal/util/StrongReferenceKey get ()Ljava/lang/Object; 11 24 0 java/util/Objects equals (Ljava/lang/Object;Ljava/lang/Object;)Z 10 149 0 jdk/internal/util/StrongReferenceKey equals (Ljava/lang/Object;)Z 11 13 0 java/lang/ref/SoftReference get ()Ljava/lang/Object; 11 20 0 jdk/internal/util/StrongReferenceKey get ()Ljava/lang/Object; 11 24 0 java/util/Objects equals (Ljava/lang/Object;Ljava/lang/Object;)Z 6 42 0 java/util/Objects requireNonNull (Ljava/lang/Object;)Ljava/lang/Object; 6 51 0 java/lang/invoke/MethodType checkPtypes ([Ljava/lang/Class;)I 7 24 0 java/util/Objects requireNonNull (Ljava/lang/Object;)Ljava/lang/Object; 7 71 0 java/lang/invoke/MethodType checkSlotCount (I)V 6 91 0 java/lang/invoke/MethodTypeForm findForm (Ljava/lang/invoke/MethodType;)Ljava/lang/invoke/MethodTypeForm; 7 2 0 java/lang/invoke/MethodTypeForm canonicalize (Ljava/lang/invoke/MethodType;I)Ljava/lang/invoke/MethodType; 8 1 0 java/lang/invoke/MethodType ptypes ()[Ljava/lang/Class; 8 7 0 java/lang/invoke/MethodTypeForm canonicalizeAll ([Ljava/lang/Class;I)[Ljava/lang/Class; 9 19 0 java/lang/invoke/MethodTypeForm canonicalize (Ljava/lang/Class;I)Ljava/lang/Class; 10 10 0 java/lang/Class isPrimitive ()Z 8 12 0 java/lang/invoke/MethodType returnType ()Ljava/lang/Class; 8 20 0 java/lang/invoke/MethodTypeForm canonicalize (Ljava/lang/Class;I)Ljava/lang/Class; 9 10 0 java/lang/Class isPrimitive ()Z 7 15 0 java/lang/invoke/MethodTypeForm <init> (Ljava/lang/invoke/MethodType;)V 8 1 0 java/lang/Object <init> ()V 8 10 0 java/lang/invoke/MethodType ptypes ()[Ljava/lang/Class; 8 137 0 java/lang/invoke/MethodType returnType ()Ljava/lang/Class; 8 268 0 java/lang/invoke/MethodType form ()Ljava/lang/invoke/MethodTypeForm; 7 20 0 java/lang/invoke/MethodType form ()Ljava/lang/invoke/MethodTypeForm; 6 102 0 jdk/internal/util/ReferencedKeySet intern (Ljava/lang/Object;)Ljava/lang/Object; 7 5 0 jdk/internal/util/ReferencedKeyMap intern (Ljdk/internal/util/ReferencedKeyMap;Ljava/lang/Object;)Ljava/lang/Object; 8 2 0 jdk/internal/util/ReferencedKeyMap existingKey (Ljdk/internal/util/ReferencedKeyMap;Ljava/lang/Object;)Ljava/lang/Object; 9 1 0 jdk/internal/util/ReferencedKeyMap removeStaleReferences ()V 10 4 0 java/lang/ref/ReferenceQueue poll ()Ljava/lang/ref/Reference; 10 20 0 java/util/concurrent/ConcurrentHashMap remove (Ljava/lang/Object;)Ljava/lang/Object; 9 7 0 jdk/internal/util/ReferencedKeyMap lookupKey (Ljava/lang/Object;)Ljdk/internal/util/ReferenceKey; 10 5 0 jdk/internal/util/StrongReferenceKey <init> (Ljava/lang/Object;)V 11 1 0 java/lang/Object <init> ()V 9 10 0 jdk/internal/util/ReferencedKeyMap get (Ljava/lang/Object;)Ljava/lang/Object; 10 1 0 jdk/internal/util/ReferencedKeyMap removeStaleReferences ()V 11 4 0 java/lang/ref/ReferenceQueue poll ()Ljava/lang/ref/Reference; 11 20 0 java/util/concurrent/ConcurrentHashMap remove (Ljava/lang/Object;)Ljava/lang/Object; 10 6 0 jdk/internal/util/ReferencedKeyMap getNoCheckStale (Ljava/lang/Object;)Ljava/lang/Object; 11 3 0 java/util/Objects requireNonNull (Ljava/lang/Object;Ljava/lang/String;)Ljava/lang/Object; 11 13 0 jdk/internal/util/ReferencedKeyMap lookupKey (Ljava/lang/Object;)Ljdk/internal/util/ReferenceKey; 12 5 0 jdk/internal/util/StrongReferenceKey <init> (Ljava/lang/Object;)V 13 1 0 java/lang/Object <init> ()V 11 16 0 java/util/concurrent/ConcurrentHashMap get (Ljava/lang/Object;)Ljava/lang/Object; 12 1 0 jdk/internal/util/StrongReferenceKey hashCode ()I 13 1 0 jdk/internal/util/StrongReferenceKey get ()Ljava/lang/Object; 13 4 0 jdk/internal/util/StrongReferenceKey hashCode ()I 14 1 0 jdk/internal/util/StrongReferenceKey get ()Ljava/lang/Object; 12 4 0 java/util/concurrent/ConcurrentHashMap spread (I)I 12 34 0 java/util/concurrent/ConcurrentHashMap tabAt ([Ljava/util/concurrent/ConcurrentHashMap$Node;I)Ljava/util/concurrent/ConcurrentHashMap$Node; 12 73 0 jdk/internal/util/StrongReferenceKey equals (Ljava/lang/Object;)Z 13 13 0 java/lang/ref/SoftReference get ()Ljava/lang/Object; 13 20 0 jdk/internal/util/StrongReferenceKey get ()Ljava/lang/Object; 13 24 0 java/util/Objects equals (Ljava/lang/Object;Ljava/lang/Object;)Z 12 149 0 jdk/internal/util/StrongReferenceKey equals (Ljava/lang/Object;)Z 13 13 0 java/lang/ref/SoftReference get ()Ljava/lang/Object; 13 20 0 jdk/internal/util/StrongReferenceKey get ()Ljava/lang/Object; 13 24 0 java/util/Objects equals (Ljava/lang/Object;Ljava/lang/Object;)Z 8 14 0 jdk/internal/util/ReferencedKeyMap internKey (Ljdk/internal/util/ReferencedKeyMap;Ljava/lang/Object;)Ljava/lang/Object; 9 2 0 jdk/internal/util/ReferencedKeyMap entryKey (Ljava/lang/Object;)Ljdk/internal/util/ReferenceKey; 10 16 0 jdk/internal/util/SoftReferenceKey <init> (Ljava/lang/Object;Ljava/lang/ref/ReferenceQueue;)V 11 3 0 java/lang/ref/SoftReference <init> (Ljava/lang/Object;Ljava/lang/ref/ReferenceQueue;)V 12 3 0 java/lang/ref/Reference <init> (Ljava/lang/Object;Ljava/lang/ref/ReferenceQueue;)V 13 1 0 java/lang/Object <init> ()V 11 8 0 java/util/Objects hashCode (Ljava/lang/Object;)I 12 5 0 java/lang/invoke/MethodType hashCode ()I 10 29 0 jdk/internal/util/WeakReferenceKey <init> (Ljava/lang/Object;Ljava/lang/ref/ReferenceQueue;)V 11 3 0 java/lang/ref/WeakReference <init> (Ljava/lang/Object;Ljava/lang/ref/ReferenceQueue;)V 12 3 0 java/lang/ref/Reference <init> (Ljava/lang/Object;Ljava/lang/ref/ReferenceQueue;)V 13 1 0 java/lang/Object <init> ()V 11 8 0 java/util/Objects hashCode (Ljava/lang/Object;)I 12 5 0 java/lang/invoke/MethodType hashCode ()I 9 7 0 jdk/internal/util/ReferencedKeyMap removeStaleReferences ()V 10 4 0 java/lang/ref/ReferenceQueue poll ()Ljava/lang/ref/Reference; 10 20 0 java/util/concurrent/ConcurrentHashMap remove (Ljava/lang/Object;)Ljava/lang/Object; 9 16 0 java/util/concurrent/ConcurrentHashMap putIfAbsent (Ljava/lang/Object;Ljava/lang/Object;)Ljava/lang/Object; 3 15 0 java/lang/invoke/MethodTypeForm <init> (Ljava/lang/invoke/MethodType;)V 4 1 0 java/lang/Object <init> ()V 4 10 0 java/lang/invoke/MethodType ptypes ()[Ljava/lang/Class; 4 137 0 java/lang/invoke/MethodType returnType ()Ljava/lang/Class; 4 268 0 java/lang/invoke/MethodType form ()Ljava/lang/invoke/MethodTypeForm; 3 20 0 java/lang/invoke/MethodType form ()Ljava/lang/invoke/MethodTypeForm; 2 102 0 jdk/internal/util/ReferencedKeySet intern (Ljava/lang/Object;)Ljava/lang/Object; 3 5 0 jdk/internal/util/ReferencedKeyMap intern (Ljdk/internal/util/ReferencedKeyMap;Ljava/lang/Object;)Ljava/lang/Object; 4 2 0 jdk/internal/util/ReferencedKeyMap existingKey (Ljdk/internal/util/ReferencedKeyMap;Ljava/lang/Object;)Ljava/lang/Object; 5 1 0 jdk/internal/util/ReferencedKeyMap removeStaleReferences ()V 6 4 0 java/lang/ref/ReferenceQueue poll ()Ljava/lang/ref/Reference; 6 20 0 java/util/concurrent/ConcurrentHashMap remove (Ljava/lang/Object;)Ljava/lang/Object; 5 7 0 jdk/internal/util/ReferencedKeyMap lookupKey (Ljava/lang/Object;)Ljdk/internal/util/ReferenceKey; 6 5 0 jdk/internal/util/StrongReferenceKey <init> (Ljava/lang/Object;)V 7 1 0 java/lang/Object <init> ()V 5 10 0 jdk/internal/util/ReferencedKeyMap get (Ljava/lang/Object;)Ljava/lang/Object; 6 1 0 jdk/internal/util/ReferencedKeyMap removeStaleReferences ()V 7 4 0 java/lang/ref/ReferenceQueue poll ()Ljava/lang/ref/Reference; 7 20 0 java/util/concurrent/ConcurrentHashMap remove (Ljava/lang/Object;)Ljava/lang/Object; 6 6 0 jdk/internal/util/ReferencedKeyMap getNoCheckStale (Ljava/lang/Object;)Ljava/lang/Object; 7 3 0 java/util/Objects requireNonNull (Ljava/lang/Object;Ljava/lang/String;)Ljava/lang/Object; 7 13 0 jdk/internal/util/ReferencedKeyMap lookupKey (Ljava/lang/Object;)Ljdk/internal/util/ReferenceKey; 8 5 0 jdk/internal/util/StrongReferenceKey <init> (Ljava/lang/Object;)V 9 1 0 java/lang/Object <init> ()V 7 16 0 java/util/concurrent/ConcurrentHashMap get (Ljava/lang/Object;)Ljava/lang/Object; 8 1 0 jdk/internal/util/StrongReferenceKey hashCode ()I 9 1 0 jdk/internal/util/StrongReferenceKey get ()Ljava/lang/Object; 9 4 0 jdk/internal/util/StrongReferenceKey hashCode ()I 10 1 0 jdk/internal/util/StrongReferenceKey get ()Ljava/lang/Object; 8 4 0 java/util/concurrent/ConcurrentHashMap spread (I)I 8 34 0 java/util/concurrent/ConcurrentHashMap tabAt ([Ljava/util/concurrent/ConcurrentHashMap$Node;I)Ljava/util/concurrent/ConcurrentHashMap$Node; 8 73 0 jdk/internal/util/StrongReferenceKey equals (Ljava/lang/Object;)Z 9 13 0 java/lang/ref/SoftReference get ()Ljava/lang/Object; 9 20 0 jdk/internal/util/StrongReferenceKey get ()Ljava/lang/Object; 9 24 0 java/util/Objects equals (Ljava/lang/Object;Ljava/lang/Object;)Z 8 149 0 jdk/internal/util/StrongReferenceKey equals (Ljava/lang/Object;)Z 9 13 0 java/lang/ref/SoftReference get ()Ljava/lang/Object; 9 20 0 jdk/internal/util/StrongReferenceKey get ()Ljava/lang/Object; 9 24 0 java/util/Objects equals (Ljava/lang/Object;Ljava/lang/Object;)Z 4 14 0 jdk/internal/util/ReferencedKeyMap internKey (Ljdk/internal/util/ReferencedKeyMap;Ljava/lang/Object;)Ljava/lang/Object; 5 2 0 jdk/internal/util/ReferencedKeyMap entryKey (Ljava/lang/Object;)Ljdk/internal/util/ReferenceKey; 6 16 0 jdk/internal/util/SoftReferenceKey <init> (Ljava/lang/Object;Ljava/lang/ref/ReferenceQueue;)V 7 3 0 java/lang/ref/SoftReference <init> (Ljava/lang/Object;Ljava/lang/ref/ReferenceQueue;)V 8 3 0 java/lang/ref/Reference <init> (Ljava/lang/Object;Ljava/lang/ref/ReferenceQueue;)V 9 1 0 java/lang/Object <init> ()V 7 8 0 java/util/Objects hashCode (Ljava/lang/Object;)I 8 5 0 java/lang/invoke/MethodType hashCode ()I 6 29 0 jdk/internal/util/WeakReferenceKey <init> (Ljava/lang/Object;Ljava/lang/ref/ReferenceQueue;)V 7 3 0 java/lang/ref/WeakReference <init> (Ljava/lang/Object;Ljava/lang/ref/ReferenceQueue;)V 8 3 0 java/lang/ref/Reference <init> (Ljava/lang/Object;Ljava/lang/ref/ReferenceQueue;)V 9 1 0 java/lang/Object <init> ()V 7 8 0 java/util/Objects hashCode (Ljava/lang/Object;)I 8 5 0 java/lang/invoke/MethodType hashCode ()I 5 7 0 jdk/internal/util/ReferencedKeyMap removeStaleReferences ()V 6 4 0 java/lang/ref/ReferenceQueue poll ()Ljava/lang/ref/Reference; 6 20 0 java/util/concurrent/ConcurrentHashMap remove (Ljava/lang/Object;)Ljava/lang/Object; 5 16 0 java/util/concurrent/ConcurrentHashMap putIfAbsent (Ljava/lang/Object;Ljava/lang/Object;)Ljava/lang/Object;
